[sacred-texts.com/isl/index.html]
[backblue.gif]
[fade.gif]
[index.html]
[sacred-texts.com/css/ista.css]
[sacred-texts.com/img/cdad.gif]
[cdn.usefathom.com/script.js]
[sacred-texts.com/img/menu.jpg]
[sacred-texts.com/img/sidemenu.gif]
[sacred-texts.com/isl/shi.html]
[sacred-texts.com/isl/etc/index.html]
[sacred-texts.com/isl/islam.jpg]
[sacred-texts.com/img/buycd.jpg]
[sacred-texts.com/isl/htq/index.html]
[sacred-texts.com/isl/quran/index.html]
[sacred-texts.com/isl/uq/index.html]
[sacred-texts.com/isl/sbe06/index.html]
[sacred-texts.com/isl/sbe09/index.html]
[sacred-texts.com/isl/qr/index.html]
[sacred-texts.com/isl/pick/index.html]
[sacred-texts.com/new2.gif]
[sacred-texts.com/isl/yaq/index.html]
[sacred-texts.com/isl/hadith/index.html]
[sacred-texts.com/isl/bukhari/index.html]
[sacred-texts.com/isl/khayyam.txt]
[sacred-texts.com/isl/omy/index.html]
[sacred-texts.com/isl/spa/index.html]
[sacred-texts.com/isl/kas/index.html]
[sacred-texts.com/isl/mes/index.html]
[sacred-texts.com/isl/bp/index.html]
[sacred-texts.com/isl/pdh/index.html]
[sacred-texts.com/isl/masnavi/index.html]
[sacred-texts.com/isl/saab/index.html]
[sacred-texts.com/isl/ssw/index.html]
[sacred-texts.com/isl/gulistan.txt]
[sacred-texts.com/isl/tah/index.html]
[sacred-texts.com/isl/egt/index.html]
[sacred-texts.com/isl/bus/index.html]
[sacred-texts.com/isl/taa/index.html]
[sacred-texts.com/isl/zun/index.html]
[sacred-texts.com/isl/msl/msl.html]
[sacred-texts.com/isl/moi/moi.html]
[sacred-texts.com/isl/srg/index.html]
[sacred-texts.com/isl/iq/index.html]
[sacred-texts.com/isl/siim/index.html]
[sacred-texts.com/isl/mishkat/index.html]
[sacred-texts.com/isl/daa/index.html]
[sacred-texts.com/isl/rok/index.html]
[sacred-texts.com/isl/ath/index.html]
[sacred-texts.com/isl/gsw/index.html]
[sacred-texts.com/isl/arp/index.html]
[sacred-texts.com/isl/hpi/index.html]
[sacred-texts.com/isl/arw/index.html]
[sacred-texts.com/isl/mhm/index.html]
[sacred-texts.com/isl/isl/index.html]
[sacred-texts.com/isl/palf/index.html]
[sacred-texts.com/isl/dmt/index.html]
[sacred-texts.com/isl/bkt/index.html]
[sacred-texts.com/isl/hanged/index.html]
[sacred-texts.com/isl/cii/index.html]
[sacred-texts.com/isl/gbar/index.html]
[sacred-texts.com/isl/isma/index.html]
[sacred-texts.com/cdshop/img/t_USB-1.jpg]
[www.google.com/logos/Logo_25wht.gif]
[www.sacred-texts.com/cdshop/img/istadvd.jpg]
[sacred-texts.com/collage.jpg]
[sacred-texts.com/isl/index.html]
[sacred-texts.com/css/ista.css]
[sacred-texts.com/isl/pro/index.html]
[sacred-texts.com/isl/kumayl/kum.html]
[sacred-texts.com/isl/mub/mub.html]
[sacred-texts.com/isl/hus/index.html]
[sacred-texts.com/isl/hmz/hmz.html]
[sacred-texts.com/isl/sal/index.html]
[sacred-texts.com/isl/adg/index.html]
[sacred-texts.com/isl/shi.html]
[sacred-texts.com/isl/sbe09/sbe0901.html]
[sacred-texts.com/isl/etc/index.html]
[sacred-texts.com/isl/gbar/gbar000.html]
[sacred-texts.com/css/marg.css]
[sacred-texts.com/cdshop/cdinfo.jpg]
[sacred-texts.com/isl/uq/001.html]
[sacred-texts.com/isl/quran/00101.html]
[sacred-texts.com/isl/yaq/yaq001.html]
[sacred-texts.com/isl/pick/001.html]
[sacred-texts.com/isl/sbe06/001.html]
[sacred-texts.com/isl/qr/001.html]
[sacred-texts.com/isl/quran/00201.html]
[sacred-texts.com/isl/uq/002.html]
[sacred-texts.com/isl/yaq/yaq002.html]
[sacred-texts.com/isl/pick/002.html]
[sacred-texts.com/isl/sbe06/002.html]
[sacred-texts.com/isl/qr/002.html]
[sacred-texts.com/isl/quran/00301.html]
[sacred-texts.com/isl/uq/003.html]
[sacred-texts.com/isl/yaq/yaq003.html]
[sacred-texts.com/isl/pick/003.html]
[sacred-texts.com/isl/sbe06/003.html]
[sacred-texts.com/isl/qr/003.html]
[sacred-texts.com/isl/uq/004.html]
[sacred-texts.com/isl/quran/00401.html]
[sacred-texts.com/isl/yaq/yaq004.html]
[sacred-texts.com/isl/pick/004.html]
[sacred-texts.com/isl/sbe06/004.html]
[sacred-texts.com/isl/qr/004.html]
[sacred-texts.com/isl/uq/005.html]
[sacred-texts.com/isl/quran/00501.html]
[sacred-texts.com/isl/yaq/yaq005.html]
[sacred-texts.com/isl/pick/005.html]
[sacred-texts.com/isl/sbe06/005.html]
[sacred-texts.com/isl/qr/005.html]
[sacred-texts.com/isl/quran/00601.html]
[sacred-texts.com/isl/uq/006.html]
[sacred-texts.com/isl/yaq/yaq006.html]
[sacred-texts.com/isl/pick/006.html]
[sacred-texts.com/isl/sbe06/006.html]
[sacred-texts.com/isl/qr/006.html]
[sacred-texts.com/isl/uq/007.html]
[sacred-texts.com/isl/quran/00701.html]
[sacred-texts.com/isl/yaq/yaq007.html]
[sacred-texts.com/isl/pick/007.html]
[sacred-texts.com/isl/sbe06/007.html]
[sacred-texts.com/isl/qr/007.html]
[sacred-texts.com/isl/uq/008.html]
[sacred-texts.com/isl/quran/00801.html]
[sacred-texts.com/isl/yaq/yaq008.html]
[sacred-texts.com/isl/pick/008.html]
[sacred-texts.com/isl/sbe06/008.html]
[sacred-texts.com/isl/qr/008.html]
[sacred-texts.com/isl/uq/009.html]
[sacred-texts.com/isl/quran/00901.html]
[sacred-texts.com/isl/yaq/yaq009.html]
[sacred-texts.com/isl/pick/009.html]
[sacred-texts.com/isl/sbe06/009.html]
[sacred-texts.com/isl/qr/009.html]
[sacred-texts.com/isl/uq/010.html]
[sacred-texts.com/isl/quran/01001.html]
[sacred-texts.com/isl/yaq/yaq010.html]
[sacred-texts.com/isl/pick/010.html]
[sacred-texts.com/isl/sbe06/010.html]
[sacred-texts.com/isl/qr/010.html]
[sacred-texts.com/isl/uq/011.html]
[sacred-texts.com/isl/quran/01101.html]
[sacred-texts.com/isl/yaq/yaq011.html]
[sacred-texts.com/isl/pick/011.html]
[sacred-texts.com/isl/sbe06/011.html]
[sacred-texts.com/isl/qr/011.html]
[sacred-texts.com/isl/uq/012.html]
[sacred-texts.com/isl/quran/01201.html]
[sacred-texts.com/isl/yaq/yaq012.html]
[sacred-texts.com/isl/pick/012.html]
[sacred-texts.com/isl/sbe06/012.html]
[sacred-texts.com/isl/qr/012.html]
[sacred-texts.com/isl/uq/013.html]
[sacred-texts.com/isl/quran/01301.html]
[sacred-texts.com/isl/yaq/yaq013.html]
[sacred-texts.com/isl/pick/013.html]
[sacred-texts.com/isl/sbe06/013.html]
[sacred-texts.com/isl/qr/013.html]
[sacred-texts.com/isl/uq/014.html]
[sacred-texts.com/isl/quran/01401.html]
[sacred-texts.com/isl/yaq/yaq014.html]
[sacred-texts.com/isl/pick/014.html]
[sacred-texts.com/isl/sbe06/014.html]
[sacred-texts.com/isl/qr/014.html]
[sacred-texts.com/isl/uq/015.html]
[sacred-texts.com/isl/quran/01501.html]
[sacred-texts.com/isl/yaq/yaq015.html]
[sacred-texts.com/isl/pick/015.html]
[sacred-texts.com/isl/sbe06/015.html]
[sacred-texts.com/isl/qr/015.html]
[sacred-texts.com/isl/uq/016.html]
[sacred-texts.com/isl/quran/01601.html]
[sacred-texts.com/isl/yaq/yaq016.html]
[sacred-texts.com/isl/pick/016.html]
[sacred-texts.com/isl/sbe06/016.html]
[sacred-texts.com/isl/qr/016.html]
[sacred-texts.com/isl/uq/017.html]
[sacred-texts.com/isl/quran/01701.html]
[sacred-texts.com/isl/yaq/yaq017.html]
[sacred-texts.com/isl/pick/017.html]
[sacred-texts.com/isl/sbe09/017.html]
[sacred-texts.com/isl/qr/017.html]
[sacred-texts.com/isl/uq/018.html]
[sacred-texts.com/isl/quran/01801.html]
[sacred-texts.com/isl/yaq/yaq018.html]
[sacred-texts.com/isl/pick/018.html]
[sacred-texts.com/isl/sbe09/018.html]
[sacred-texts.com/isl/qr/018.html]
[sacred-texts.com/isl/uq/019.html]
[sacred-texts.com/isl/quran/01901.html]
[sacred-texts.com/isl/yaq/yaq019.html]
[sacred-texts.com/isl/pick/019.html]
[sacred-texts.com/isl/sbe09/019.html]
[sacred-texts.com/isl/qr/019.html]
[sacred-texts.com/isl/uq/020.html]
[sacred-texts.com/isl/quran/02001.html]
[sacred-texts.com/isl/yaq/yaq020.html]
[sacred-texts.com/isl/pick/020.html]
[sacred-texts.com/isl/sbe09/020.html]
[sacred-texts.com/isl/qr/020.html]
[sacred-texts.com/isl/uq/021.html]
[sacred-texts.com/isl/quran/02101.html]
[sacred-texts.com/isl/yaq/yaq021.html]
[sacred-texts.com/isl/pick/021.html]
[sacred-texts.com/isl/sbe09/021.html]
[sacred-texts.com/isl/qr/021.html]
[sacred-texts.com/isl/uq/022.html]
[sacred-texts.com/isl/quran/02201.html]
[sacred-texts.com/isl/yaq/yaq022.html]
[sacred-texts.com/isl/pick/022.html]
[sacred-texts.com/isl/sbe09/022.html]
[sacred-texts.com/isl/qr/022.html]
[sacred-texts.com/isl/uq/023.html]
[sacred-texts.com/isl/quran/02301.html]
[sacred-texts.com/isl/yaq/yaq023.html]
[sacred-texts.com/isl/pick/023.html]
[sacred-texts.com/isl/sbe09/023.html]
[sacred-texts.com/isl/qr/023.html]
[sacred-texts.com/isl/uq/024.html]
[sacred-texts.com/isl/quran/02401.html]
[sacred-texts.com/isl/yaq/yaq024.html]
[sacred-texts.com/isl/pick/024.html]
[sacred-texts.com/isl/sbe09/024.html]
[sacred-texts.com/isl/qr/024.html]
[sacred-texts.com/isl/uq/025.html]
[sacred-texts.com/isl/quran/02501.html]
[sacred-texts.com/isl/yaq/yaq025.html]
[sacred-texts.com/isl/pick/025.html]
[sacred-texts.com/isl/sbe09/025.html]
[sacred-texts.com/isl/qr/025.html]
[sacred-texts.com/isl/uq/026.html]
[sacred-texts.com/isl/quran/02601.html]
[sacred-texts.com/isl/yaq/yaq026.html]
[sacred-texts.com/isl/pick/026.html]
[sacred-texts.com/isl/sbe09/026.html]
[sacred-texts.com/isl/qr/026.html]
[sacred-texts.com/isl/uq/027.html]
[sacred-texts.com/isl/quran/02701.html]
[sacred-texts.com/isl/yaq/yaq027.html]
[sacred-texts.com/isl/pick/027.html]
[sacred-texts.com/isl/sbe09/027.html]
[sacred-texts.com/isl/qr/027.html]
[sacred-texts.com/isl/uq/028.html]
[sacred-texts.com/isl/quran/02801.html]
[sacred-texts.com/isl/yaq/yaq028.html]
[sacred-texts.com/isl/pick/028.html]
[sacred-texts.com/isl/sbe09/028.html]
[sacred-texts.com/isl/qr/028.html]
[sacred-texts.com/isl/uq/029.html]
[sacred-texts.com/isl/quran/02901.html]
[sacred-texts.com/isl/yaq/yaq029.html]
[sacred-texts.com/isl/pick/029.html]
[sacred-texts.com/isl/sbe09/029.html]
[sacred-texts.com/isl/qr/029.html]
[sacred-texts.com/isl/uq/030.html]
[sacred-texts.com/isl/quran/03001.html]
[sacred-texts.com/isl/yaq/yaq030.html]
[sacred-texts.com/isl/pick/030.html]
[sacred-texts.com/isl/sbe09/030.html]
[sacred-texts.com/isl/qr/030.html]
[sacred-texts.com/isl/uq/031.html]
[sacred-texts.com/isl/quran/03101.html]
[sacred-texts.com/isl/yaq/yaq031.html]
[sacred-texts.com/isl/pick/031.html]
[sacred-texts.com/isl/sbe09/031.html]
[sacred-texts.com/isl/qr/031.html]
[sacred-texts.com/isl/uq/032.html]
[sacred-texts.com/isl/quran/03201.html]
[sacred-texts.com/isl/yaq/yaq032.html]
[sacred-texts.com/isl/pick/032.html]
[sacred-texts.com/isl/sbe09/032.html]
[sacred-texts.com/isl/qr/032.html]
[sacred-texts.com/isl/uq/033.html]
[sacred-texts.com/isl/quran/03301.html]
[sacred-texts.com/isl/yaq/yaq033.html]
[sacred-texts.com/isl/pick/033.html]
[sacred-texts.com/isl/sbe09/033.html]
[sacred-texts.com/isl/qr/033.html]
[sacred-texts.com/isl/uq/034.html]
[sacred-texts.com/isl/quran/03401.html]
[sacred-texts.com/isl/yaq/yaq034.html]
[sacred-texts.com/isl/pick/034.html]
[sacred-texts.com/isl/sbe09/034.html]
[sacred-texts.com/isl/qr/034.html]
[sacred-texts.com/isl/uq/035.html]
[sacred-texts.com/isl/quran/03501.html]
[sacred-texts.com/isl/yaq/yaq035.html]
[sacred-texts.com/isl/pick/035.html]
[sacred-texts.com/isl/sbe09/035.html]
[sacred-texts.com/isl/qr/035.html]
[sacred-texts.com/isl/uq/036.html]
[sacred-texts.com/isl/quran/03601.html]
[sacred-texts.com/isl/yaq/yaq036.html]
[sacred-texts.com/isl/pick/036.html]
[sacred-texts.com/isl/sbe09/036.html]
[sacred-texts.com/isl/qr/036.html]
[sacred-texts.com/isl/uq/037.html]
[sacred-texts.com/isl/quran/03701.html]
[sacred-texts.com/isl/yaq/yaq037.html]
[sacred-texts.com/isl/pick/037.html]
[sacred-texts.com/isl/sbe09/037.html]
[sacred-texts.com/isl/qr/037.html]
[sacred-texts.com/isl/uq/038.html]
[sacred-texts.com/isl/quran/03801.html]
[sacred-texts.com/isl/yaq/yaq038.html]
[sacred-texts.com/isl/pick/038.html]
[sacred-texts.com/isl/sbe09/038.html]
[sacred-texts.com/isl/qr/038.html]
[sacred-texts.com/isl/uq/039.html]
[sacred-texts.com/isl/quran/03901.html]
[sacred-texts.com/isl/yaq/yaq039.html]
[sacred-texts.com/isl/pick/039.html]
[sacred-texts.com/isl/sbe09/039.html]
[sacred-texts.com/isl/qr/039.html]
[sacred-texts.com/isl/uq/040.html]
[sacred-texts.com/isl/quran/04001.html]
[sacred-texts.com/isl/yaq/yaq040.html]
[sacred-texts.com/isl/pick/040.html]
[sacred-texts.com/isl/sbe09/040.html]
[sacred-texts.com/isl/qr/040.html]
[sacred-texts.com/isl/uq/041.html]
[sacred-texts.com/isl/quran/04101.html]
[sacred-texts.com/isl/yaq/yaq041.html]
[sacred-texts.com/isl/pick/041.html]
[sacred-texts.com/isl/sbe09/041.html]
[sacred-texts.com/isl/qr/041.html]
[sacred-texts.com/isl/uq/042.html]
[sacred-texts.com/isl/quran/04201.html]
[sacred-texts.com/isl/yaq/yaq042.html]
[sacred-texts.com/isl/pick/042.html]
[sacred-texts.com/isl/sbe09/042.html]
[sacred-texts.com/isl/qr/042.html]
[sacred-texts.com/isl/uq/043.html]
[sacred-texts.com/isl/quran/04301.html]
[sacred-texts.com/isl/yaq/yaq043.html]
[sacred-texts.com/isl/pick/043.html]
[sacred-texts.com/isl/sbe09/043.html]
[sacred-texts.com/isl/qr/043.html]
[sacred-texts.com/isl/uq/044.html]
[sacred-texts.com/isl/quran/04401.html]
[sacred-texts.com/isl/yaq/yaq044.html]
[sacred-texts.com/isl/pick/044.html]
[sacred-texts.com/isl/sbe09/044.html]
[sacred-texts.com/isl/qr/044.html]
[sacred-texts.com/isl/uq/045.html]
[sacred-texts.com/isl/quran/04501.html]
[sacred-texts.com/isl/yaq/yaq045.html]
[sacred-texts.com/isl/pick/045.html]
[sacred-texts.com/isl/sbe09/045.html]
[sacred-texts.com/isl/qr/045.html]
[sacred-texts.com/isl/uq/046.html]
[sacred-texts.com/isl/quran/04601.html]
[sacred-texts.com/isl/yaq/yaq046.html]
[sacred-texts.com/isl/pick/046.html]
[sacred-texts.com/isl/sbe09/046.html]
[sacred-texts.com/isl/qr/046.html]
[sacred-texts.com/isl/uq/047.html]
[sacred-texts.com/isl/quran/04701.html]
[sacred-texts.com/isl/yaq/yaq047.html]
[sacred-texts.com/isl/pick/047.html]
[sacred-texts.com/isl/sbe09/047.html]
[sacred-texts.com/isl/qr/047.html]
[sacred-texts.com/isl/uq/048.html]
[sacred-texts.com/isl/quran/04801.html]
[sacred-texts.com/isl/yaq/yaq048.html]
[sacred-texts.com/isl/pick/048.html]
[sacred-texts.com/isl/sbe09/048.html]
[sacred-texts.com/isl/qr/048.html]
[sacred-texts.com/isl/uq/049.html]
[sacred-texts.com/isl/quran/04901.html]
[sacred-texts.com/isl/yaq/yaq049.html]
[sacred-texts.com/isl/pick/049.html]
[sacred-texts.com/isl/sbe09/049.html]
[sacred-texts.com/isl/qr/049.html]
[sacred-texts.com/isl/uq/050.html]
[sacred-texts.com/isl/quran/05001.html]
[sacred-texts.com/isl/yaq/yaq050.html]
[sacred-texts.com/isl/pick/050.html]
[sacred-texts.com/isl/sbe09/050.html]
[sacred-texts.com/isl/qr/050.html]
[sacred-texts.com/isl/uq/051.html]
[sacred-texts.com/isl/quran/05101.html]
[sacred-texts.com/isl/yaq/yaq051.html]
[sacred-texts.com/isl/pick/051.html]
[sacred-texts.com/isl/sbe09/051.html]
[sacred-texts.com/isl/qr/051.html]
[sacred-texts.com/isl/uq/052.html]
[sacred-texts.com/isl/quran/05201.html]
[sacred-texts.com/isl/yaq/yaq052.html]
[sacred-texts.com/isl/pick/052.html]
[sacred-texts.com/isl/sbe09/052.html]
[sacred-texts.com/isl/qr/052.html]
[sacred-texts.com/isl/uq/053.html]
[sacred-texts.com/isl/quran/05301.html]
[sacred-texts.com/isl/yaq/yaq053.html]
[sacred-texts.com/isl/pick/053.html]
[sacred-texts.com/isl/sbe09/053.html]
[sacred-texts.com/isl/qr/053.html]
[sacred-texts.com/isl/uq/054.html]
[sacred-texts.com/isl/quran/05401.html]
[sacred-texts.com/isl/yaq/yaq054.html]
[sacred-texts.com/isl/pick/054.html]
[sacred-texts.com/isl/sbe09/054.html]
[sacred-texts.com/isl/qr/054.html]
[sacred-texts.com/isl/uq/055.html]
[sacred-texts.com/isl/quran/05501.html]
[sacred-texts.com/isl/yaq/yaq055.html]
[sacred-texts.com/isl/pick/055.html]
[sacred-texts.com/isl/sbe09/055.html]
[sacred-texts.com/isl/qr/055.html]
[sacred-texts.com/isl/uq/056.html]
[sacred-texts.com/isl/quran/05601.html]
[sacred-texts.com/isl/yaq/yaq056.html]
[sacred-texts.com/isl/pick/056.html]
[sacred-texts.com/isl/sbe09/056.html]
[sacred-texts.com/isl/qr/056.html]
[sacred-texts.com/isl/uq/057.html]
[sacred-texts.com/isl/quran/05701.html]
[sacred-texts.com/isl/yaq/yaq057.html]
[sacred-texts.com/isl/pick/057.html]
[sacred-texts.com/isl/sbe09/057.html]
[sacred-texts.com/isl/qr/057.html]
[sacred-texts.com/isl/uq/058.html]
[sacred-texts.com/isl/quran/05801.html]
[sacred-texts.com/isl/yaq/yaq058.html]
[sacred-texts.com/isl/pick/058.html]
[sacred-texts.com/isl/sbe09/058.html]
[sacred-texts.com/isl/qr/058.html]
[sacred-texts.com/isl/uq/059.html]
[sacred-texts.com/isl/quran/05901.html]
[sacred-texts.com/isl/yaq/yaq059.html]
[sacred-texts.com/isl/pick/059.html]
[sacred-texts.com/isl/sbe09/059.html]
[sacred-texts.com/isl/qr/059.html]
[sacred-texts.com/isl/uq/060.html]
[sacred-texts.com/isl/quran/06001.html]
[sacred-texts.com/isl/yaq/yaq060.html]
[sacred-texts.com/isl/pick/060.html]
[sacred-texts.com/isl/sbe09/060.html]
[sacred-texts.com/isl/qr/060.html]
[sacred-texts.com/isl/uq/061.html]
[sacred-texts.com/isl/quran/06101.html]
[sacred-texts.com/isl/yaq/yaq061.html]
[sacred-texts.com/isl/pick/061.html]
[sacred-texts.com/isl/sbe09/061.html]
[sacred-texts.com/isl/qr/061.html]
[sacred-texts.com/isl/uq/062.html]
[sacred-texts.com/isl/quran/06201.html]
[sacred-texts.com/isl/yaq/yaq062.html]
[sacred-texts.com/isl/pick/062.html]
[sacred-texts.com/isl/sbe09/062.html]
[sacred-texts.com/isl/qr/062.html]
[sacred-texts.com/isl/uq/063.html]
[sacred-texts.com/isl/quran/06301.html]
[sacred-texts.com/isl/yaq/yaq063.html]
[sacred-texts.com/isl/pick/063.html]
[sacred-texts.com/isl/sbe09/063.html]
[sacred-texts.com/isl/qr/063.html]
[sacred-texts.com/isl/uq/064.html]
[sacred-texts.com/isl/quran/06401.html]
[sacred-texts.com/isl/yaq/yaq064.html]
[sacred-texts.com/isl/pick/064.html]
[sacred-texts.com/isl/sbe09/064.html]
[sacred-texts.com/isl/qr/064.html]
[sacred-texts.com/isl/uq/065.html]
[sacred-texts.com/isl/quran/06501.html]
[sacred-texts.com/isl/yaq/yaq065.html]
[sacred-texts.com/isl/pick/065.html]
[sacred-texts.com/isl/sbe09/065.html]
[sacred-texts.com/isl/qr/065.html]
[sacred-texts.com/isl/uq/066.html]
[sacred-texts.com/isl/quran/06601.html]
[sacred-texts.com/isl/yaq/yaq066.html]
[sacred-texts.com/isl/pick/066.html]
[sacred-texts.com/isl/sbe09/066.html]
[sacred-texts.com/isl/qr/066.html]
[sacred-texts.com/isl/uq/067.html]
[sacred-texts.com/isl/quran/06701.html]
[sacred-texts.com/isl/yaq/yaq067.html]
[sacred-texts.com/isl/pick/067.html]
[sacred-texts.com/isl/sbe09/067.html]
[sacred-texts.com/isl/qr/067.html]
[sacred-texts.com/isl/uq/068.html]
[sacred-texts.com/isl/quran/06801.html]
[sacred-texts.com/isl/yaq/yaq068.html]
[sacred-texts.com/isl/pick/068.html]
[sacred-texts.com/isl/sbe09/068.html]
[sacred-texts.com/isl/qr/068.html]
[sacred-texts.com/isl/uq/069.html]
[sacred-texts.com/isl/quran/06901.html]
[sacred-texts.com/isl/yaq/yaq069.html]
[sacred-texts.com/isl/pick/069.html]
[sacred-texts.com/isl/sbe09/069.html]
[sacred-texts.com/isl/qr/069.html]
[sacred-texts.com/isl/uq/070.html]
[sacred-texts.com/isl/quran/07001.html]
[sacred-texts.com/isl/yaq/yaq070.html]
[sacred-texts.com/isl/pick/070.html]
[sacred-texts.com/isl/sbe09/070.html]
[sacred-texts.com/isl/qr/070.html]
[sacred-texts.com/isl/uq/071.html]
[sacred-texts.com/isl/quran/07101.html]
[sacred-texts.com/isl/yaq/yaq071.html]
[sacred-texts.com/isl/pick/071.html]
[sacred-texts.com/isl/sbe09/071.html]
[sacred-texts.com/isl/qr/071.html]
[sacred-texts.com/isl/uq/072.html]
[sacred-texts.com/isl/quran/07201.html]
[sacred-texts.com/isl/yaq/yaq072.html]
[sacred-texts.com/isl/pick/072.html]
[sacred-texts.com/isl/sbe09/072.html]
[sacred-texts.com/isl/qr/072.html]
[sacred-texts.com/isl/uq/073.html]
[sacred-texts.com/isl/quran/07301.html]
[sacred-texts.com/isl/yaq/yaq073.html]
[sacred-texts.com/isl/pick/073.html]
[sacred-texts.com/isl/sbe09/073.html]
[sacred-texts.com/isl/qr/073.html]
[sacred-texts.com/isl/uq/074.html]
[sacred-texts.com/isl/quran/07401.html]
[sacred-texts.com/isl/yaq/yaq074.html]
[sacred-texts.com/isl/pick/074.html]
[sacred-texts.com/isl/sbe09/074.html]
[sacred-texts.com/isl/qr/074.html]
[sacred-texts.com/isl/uq/075.html]
[sacred-texts.com/isl/quran/07501.html]
[sacred-texts.com/isl/yaq/yaq075.html]
[sacred-texts.com/isl/pick/075.html]
[sacred-texts.com/isl/sbe09/075.html]
[sacred-texts.com/isl/qr/075.html]
[sacred-texts.com/isl/uq/076.html]
[sacred-texts.com/isl/quran/07601.html]
[sacred-texts.com/isl/yaq/yaq076.html]
[sacred-texts.com/isl/pick/076.html]
[sacred-texts.com/isl/sbe09/076.html]
[sacred-texts.com/isl/qr/076.html]
[sacred-texts.com/isl/uq/077.html]
[sacred-texts.com/isl/quran/07701.html]
[sacred-texts.com/isl/yaq/yaq077.html]
[sacred-texts.com/isl/pick/077.html]
[sacred-texts.com/isl/sbe09/077.html]
[sacred-texts.com/isl/qr/077.html]
[sacred-texts.com/isl/uq/078.html]
[sacred-texts.com/isl/quran/07801.html]
[sacred-texts.com/isl/yaq/yaq078.html]
[sacred-texts.com/isl/pick/078.html]
[sacred-texts.com/isl/sbe09/078.html]
[sacred-texts.com/isl/qr/078.html]
[sacred-texts.com/isl/uq/079.html]
[sacred-texts.com/isl/quran/07901.html]
[sacred-texts.com/isl/yaq/yaq079.html]
[sacred-texts.com/isl/pick/079.html]
[sacred-texts.com/isl/sbe09/079.html]
[sacred-texts.com/isl/qr/079.html]
[sacred-texts.com/isl/uq/080.html]
[sacred-texts.com/isl/quran/08001.html]
[sacred-texts.com/isl/yaq/yaq080.html]
[sacred-texts.com/isl/pick/080.html]
[sacred-texts.com/isl/sbe09/080.html]
[sacred-texts.com/isl/qr/080.html]
[sacred-texts.com/isl/uq/081.html]
[sacred-texts.com/isl/quran/08101.html]
[sacred-texts.com/isl/yaq/yaq081.html]
[sacred-texts.com/isl/pick/081.html]
[sacred-texts.com/isl/sbe09/081.html]
[sacred-texts.com/isl/qr/081.html]
[sacred-texts.com/isl/uq/082.html]
[sacred-texts.com/isl/quran/08201.html]
[sacred-texts.com/isl/yaq/yaq082.html]
[sacred-texts.com/isl/pick/082.html]
[sacred-texts.com/isl/sbe09/082.html]
[sacred-texts.com/isl/qr/082.html]
[sacred-texts.com/isl/uq/083.html]
[sacred-texts.com/isl/quran/08301.html]
[sacred-texts.com/isl/yaq/yaq083.html]
[sacred-texts.com/isl/pick/083.html]
[sacred-texts.com/isl/sbe09/083.html]
[sacred-texts.com/isl/qr/083.html]
[sacred-texts.com/isl/uq/084.html]
[sacred-texts.com/isl/quran/08401.html]
[sacred-texts.com/isl/yaq/yaq084.html]
[sacred-texts.com/isl/pick/084.html]
[sacred-texts.com/isl/sbe09/084.html]
[sacred-texts.com/isl/qr/084.html]
[sacred-texts.com/isl/uq/085.html]
[sacred-texts.com/isl/quran/08501.html]
[sacred-texts.com/isl/yaq/yaq085.html]
[sacred-texts.com/isl/pick/085.html]
[sacred-texts.com/isl/sbe09/085.html]
[sacred-texts.com/isl/qr/085.html]
[sacred-texts.com/isl/uq/086.html]
[sacred-texts.com/isl/quran/08601.html]
[sacred-texts.com/isl/yaq/yaq086.html]
[sacred-texts.com/isl/pick/086.html]
[sacred-texts.com/isl/sbe09/086.html]
[sacred-texts.com/isl/qr/086.html]
[sacred-texts.com/isl/uq/087.html]
[sacred-texts.com/isl/quran/08701.html]
[sacred-texts.com/isl/yaq/yaq087.html]
[sacred-texts.com/isl/pick/087.html]
[sacred-texts.com/isl/sbe09/087.html]
[sacred-texts.com/isl/qr/087.html]
[sacred-texts.com/isl/uq/088.html]
[sacred-texts.com/isl/quran/08801.html]
[sacred-texts.com/isl/yaq/yaq088.html]
[sacred-texts.com/isl/pick/088.html]
[sacred-texts.com/isl/sbe09/088.html]
[sacred-texts.com/isl/qr/088.html]
[sacred-texts.com/isl/uq/089.html]
[sacred-texts.com/isl/quran/08901.html]
[sacred-texts.com/isl/yaq/yaq089.html]
[sacred-texts.com/isl/pick/089.html]
[sacred-texts.com/isl/sbe09/089.html]
[sacred-texts.com/isl/qr/089.html]
[sacred-texts.com/isl/uq/090.html]
[sacred-texts.com/isl/quran/09001.html]
[sacred-texts.com/isl/yaq/yaq090.html]
[sacred-texts.com/isl/pick/090.html]
[sacred-texts.com/isl/sbe09/090.html]
[sacred-texts.com/isl/qr/090.html]
[sacred-texts.com/isl/uq/091.html]
[sacred-texts.com/isl/quran/09101.html]
[sacred-texts.com/isl/yaq/yaq091.html]
[sacred-texts.com/isl/pick/091.html]
[sacred-texts.com/isl/sbe09/091.html]
[sacred-texts.com/isl/qr/091.html]
[sacred-texts.com/isl/uq/092.html]
[sacred-texts.com/isl/quran/09201.html]
[sacred-texts.com/isl/yaq/yaq092.html]
[sacred-texts.com/isl/pick/092.html]
[sacred-texts.com/isl/sbe09/092.html]
[sacred-texts.com/isl/qr/092.html]
[sacred-texts.com/isl/uq/093.html]
[sacred-texts.com/isl/quran/09301.html]
[sacred-texts.com/isl/yaq/yaq093.html]
[sacred-texts.com/isl/pick/093.html]
[sacred-texts.com/isl/sbe09/093.html]
[sacred-texts.com/isl/qr/093.html]
[sacred-texts.com/isl/uq/094.html]
[sacred-texts.com/isl/quran/09401.html]
[sacred-texts.com/isl/yaq/yaq094.html]
[sacred-texts.com/isl/pick/094.html]
[sacred-texts.com/isl/sbe09/094.html]
[sacred-texts.com/isl/qr/094.html]
[sacred-texts.com/isl/uq/095.html]
[sacred-texts.com/isl/quran/09501.html]
[sacred-texts.com/isl/yaq/yaq095.html]
[sacred-texts.com/isl/pick/095.html]
[sacred-texts.com/isl/sbe09/095.html]
[sacred-texts.com/isl/qr/095.html]
[sacred-texts.com/isl/uq/096.html]
[sacred-texts.com/isl/quran/09601.html]
[sacred-texts.com/isl/yaq/yaq096.html]
[sacred-texts.com/isl/pick/096.html]
[sacred-texts.com/isl/sbe09/096.html]
[sacred-texts.com/isl/qr/096.html]
[sacred-texts.com/isl/uq/097.html]
[sacred-texts.com/isl/quran/09701.html]
[sacred-texts.com/isl/yaq/yaq097.html]
[sacred-texts.com/isl/pick/097.html]
[sacred-texts.com/isl/sbe09/097.html]
[sacred-texts.com/isl/qr/097.html]
[sacred-texts.com/isl/uq/098.html]
[sacred-texts.com/isl/quran/09801.html]
[sacred-texts.com/isl/yaq/yaq098.html]
[sacred-texts.com/isl/pick/098.html]
[sacred-texts.com/isl/sbe09/098.html]
[sacred-texts.com/isl/qr/098.html]
[sacred-texts.com/isl/uq/099.html]
[sacred-texts.com/isl/quran/09901.html]
[sacred-texts.com/isl/yaq/yaq099.html]
[sacred-texts.com/isl/pick/099.html]
[sacred-texts.com/isl/sbe09/099.html]
[sacred-texts.com/isl/qr/099.html]
[sacred-texts.com/isl/uq/100.html]
[sacred-texts.com/isl/quran/10001.html]
[sacred-texts.com/isl/yaq/yaq100.html]
[sacred-texts.com/isl/pick/100.html]
[sacred-texts.com/isl/sbe09/100.html]
[sacred-texts.com/isl/qr/100.html]
[sacred-texts.com/isl/uq/101.html]
[sacred-texts.com/isl/quran/10101.html]
[sacred-texts.com/isl/yaq/yaq101.html]
[sacred-texts.com/isl/pick/101.html]
[sacred-texts.com/isl/sbe09/101.html]
[sacred-texts.com/isl/qr/101.html]
[sacred-texts.com/isl/uq/102.html]
[sacred-texts.com/isl/quran/10201.html]
[sacred-texts.com/isl/yaq/yaq102.html]
[sacred-texts.com/isl/pick/102.html]
[sacred-texts.com/isl/sbe09/102.html]
[sacred-texts.com/isl/qr/102.html]
[sacred-texts.com/isl/uq/103.html]
[sacred-texts.com/isl/quran/10301.html]
[sacred-texts.com/isl/yaq/yaq103.html]
[sacred-texts.com/isl/pick/103.html]
[sacred-texts.com/isl/sbe09/103.html]
[sacred-texts.com/isl/qr/103.html]
[sacred-texts.com/isl/uq/104.html]
[sacred-texts.com/isl/quran/10401.html]
[sacred-texts.com/isl/yaq/yaq104.html]
[sacred-texts.com/isl/pick/104.html]
[sacred-texts.com/isl/sbe09/104.html]
[sacred-texts.com/isl/qr/104.html]
[sacred-texts.com/isl/uq/105.html]
[sacred-texts.com/isl/quran/10501.html]
[sacred-texts.com/isl/yaq/yaq105.html]
[sacred-texts.com/isl/pick/105.html]
[sacred-texts.com/isl/sbe09/105.html]
[sacred-texts.com/isl/qr/105.html]
[sacred-texts.com/isl/uq/106.html]
[sacred-texts.com/isl/quran/10601.html]
[sacred-texts.com/isl/yaq/yaq106.html]
[sacred-texts.com/isl/pick/106.html]
[sacred-texts.com/isl/sbe09/106.html]
[sacred-texts.com/isl/qr/106.html]
[sacred-texts.com/isl/uq/107.html]
[sacred-texts.com/isl/quran/10701.html]
[sacred-texts.com/isl/yaq/yaq107.html]
[sacred-texts.com/isl/pick/107.html]
[sacred-texts.com/isl/sbe09/107.html]
[sacred-texts.com/isl/qr/107.html]
[sacred-texts.com/isl/uq/108.html]
[sacred-texts.com/isl/quran/10801.html]
[sacred-texts.com/isl/yaq/yaq108.html]
[sacred-texts.com/isl/pick/108.html]
[sacred-texts.com/isl/sbe09/108.html]
[sacred-texts.com/isl/qr/108.html]
[sacred-texts.com/isl/uq/109.html]
[sacred-texts.com/isl/quran/10901.html]
[sacred-texts.com/isl/yaq/yaq109.html]
[sacred-texts.com/isl/pick/109.html]
[sacred-texts.com/isl/sbe09/109.html]
[sacred-texts.com/isl/qr/109.html]
[sacred-texts.com/isl/uq/110.html]
[sacred-texts.com/isl/quran/11001.html]
[sacred-texts.com/isl/yaq/yaq110.html]
[sacred-texts.com/isl/pick/110.html]
[sacred-texts.com/isl/sbe09/110.html]
[sacred-texts.com/isl/qr/110.html]
[sacred-texts.com/isl/uq/111.html]
[sacred-texts.com/isl/quran/11101.html]
[sacred-texts.com/isl/yaq/yaq111.html]
[sacred-texts.com/isl/pick/111.html]
[sacred-texts.com/isl/sbe09/111.html]
[sacred-texts.com/isl/qr/111.html]
[sacred-texts.com/isl/uq/112.html]
[sacred-texts.com/isl/quran/11201.html]
[sacred-texts.com/isl/yaq/yaq112.html]
[sacred-texts.com/isl/pick/112.html]
[sacred-texts.com/isl/sbe09/112.html]
[sacred-texts.com/isl/qr/112.html]
[sacred-texts.com/isl/uq/113.html]
[sacred-texts.com/isl/quran/11301.html]
[sacred-texts.com/isl/yaq/yaq113.html]
[sacred-texts.com/isl/pick/113.html]
[sacred-texts.com/isl/sbe09/113.html]
[sacred-texts.com/isl/qr/113.html]
[sacred-texts.com/isl/uq/114.html]
[sacred-texts.com/isl/quran/11401.html]
[sacred-texts.com/isl/yaq/yaq114.html]
[sacred-texts.com/isl/pick/114.html]
[sacred-texts.com/isl/sbe09/114.html]
[sacred-texts.com/isl/qr/114.html]
[sacred-texts.com/isl/htq/index.html]
[sacred-texts.com/isl/hus/hus00.html]
[sacred-texts.com/isl/uq/arabic.jpg]
[sacred-texts.com/isl/uq/index.html]
[sacred-texts.com/isl/uq/xlit.html]
[sacred-texts.com/isl/quran/img/prayer.jpg]
[sacred-texts.com/isl/quran/arabic.gif]
[sacred-texts.com/isl/quran/001.html]
[sacred-texts.com/isl/quran/002.html]
[sacred-texts.com/isl/quran/003.html]
[sacred-texts.com/isl/quran/004.html]
[sacred-texts.com/isl/quran/005.html]
[sacred-texts.com/isl/quran/006.html]
[sacred-texts.com/isl/quran/007.html]
[sacred-texts.com/isl/quran/009.html]
[sacred-texts.com/isl/quran/008.html]
[sacred-texts.com/isl/quran/010.html]
[sacred-texts.com/isl/quran/011.html]
[sacred-texts.com/isl/quran/012.html]
[sacred-texts.com/isl/quran/013.html]
[sacred-texts.com/isl/quran/014.html]
[sacred-texts.com/isl/quran/015.html]
[sacred-texts.com/isl/quran/016.html]
[sacred-texts.com/isl/quran/017.html]
[sacred-texts.com/isl/quran/018.html]
[sacred-texts.com/isl/quran/019.html]
[sacred-texts.com/isl/quran/020.html]
[sacred-texts.com/isl/quran/021.html]
[sacred-texts.com/isl/quran/022.html]
[sacred-texts.com/isl/quran/023.html]
[sacred-texts.com/isl/quran/024.html]
[sacred-texts.com/isl/quran/025.html]
[sacred-texts.com/isl/quran/026.html]
[sacred-texts.com/isl/quran/027.html]
[sacred-texts.com/isl/quran/028.html]
[sacred-texts.com/isl/quran/029.html]
[sacred-texts.com/isl/quran/030.html]
[sacred-texts.com/isl/quran/031.html]
[sacred-texts.com/isl/quran/032.html]
[sacred-texts.com/isl/quran/033.html]
[sacred-texts.com/isl/quran/034.html]
[sacred-texts.com/isl/quran/035.html]
[sacred-texts.com/isl/quran/036.html]
[sacred-texts.com/isl/quran/037.html]
[sacred-texts.com/isl/quran/038.html]
[sacred-texts.com/isl/quran/039.html]
[sacred-texts.com/isl/quran/040.html]
[sacred-texts.com/isl/quran/041.html]
[sacred-texts.com/isl/quran/042.html]
[sacred-texts.com/isl/quran/043.html]
[sacred-texts.com/isl/quran/044.html]
[sacred-texts.com/isl/quran/045.html]
[sacred-texts.com/isl/quran/046.html]
[sacred-texts.com/isl/quran/047.html]
[sacred-texts.com/isl/quran/048.html]
[sacred-texts.com/isl/quran/049.html]
[sacred-texts.com/isl/quran/050.html]
[sacred-texts.com/isl/quran/051.html]
[sacred-texts.com/isl/quran/052.html]
[sacred-texts.com/isl/quran/053.html]
[sacred-texts.com/isl/quran/054.html]
[sacred-texts.com/isl/quran/055.html]
[sacred-texts.com/isl/quran/056.html]
[sacred-texts.com/isl/quran/057.html]
[sacred-texts.com/isl/quran/058.html]
[sacred-texts.com/isl/quran/059.html]
[sacred-texts.com/isl/quran/060.html]
[sacred-texts.com/isl/quran/061.html]
[sacred-texts.com/isl/quran/062.html]
[sacred-texts.com/isl/quran/063.html]
[sacred-texts.com/isl/quran/064.html]
[sacred-texts.com/isl/quran/065.html]
[sacred-texts.com/isl/quran/066.html]
[sacred-texts.com/isl/quran/067.html]
[sacred-texts.com/isl/quran/068.html]
[sacred-texts.com/isl/quran/069.html]
[sacred-texts.com/isl/quran/070.html]
[sacred-texts.com/isl/quran/071.html]
[sacred-texts.com/isl/quran/072.html]
[sacred-texts.com/isl/quran/073.html]
[sacred-texts.com/isl/quran/074.html]
[sacred-texts.com/isl/quran/075.html]
[sacred-texts.com/isl/quran/076.html]
[sacred-texts.com/isl/quran/077.html]
[sacred-texts.com/isl/quran/078.html]
[sacred-texts.com/isl/quran/079.html]
[sacred-texts.com/isl/quran/080.html]
[sacred-texts.com/isl/quran/081.html]
[sacred-texts.com/isl/quran/082.html]
[sacred-texts.com/isl/quran/083.html]
[sacred-texts.com/isl/quran/084.html]
[sacred-texts.com/isl/quran/085.html]
[sacred-texts.com/isl/quran/086.html]
[sacred-texts.com/isl/quran/087.html]
[sacred-texts.com/isl/quran/088.html]
[sacred-texts.com/isl/quran/089.html]
[sacred-texts.com/isl/quran/090.html]
[sacred-texts.com/isl/quran/091.html]
[sacred-texts.com/isl/quran/092.html]
[sacred-texts.com/isl/quran/093.html]
[sacred-texts.com/isl/quran/094.html]
[sacred-texts.com/isl/quran/095.html]
[sacred-texts.com/isl/quran/096.html]
[sacred-texts.com/isl/quran/097.html]
[sacred-texts.com/isl/quran/098.html]
[sacred-texts.com/isl/quran/099.html]
[sacred-texts.com/isl/quran/100.html]
[sacred-texts.com/isl/quran/101.html]
[sacred-texts.com/isl/quran/102.html]
[sacred-texts.com/isl/quran/103.html]
[sacred-texts.com/isl/quran/104.html]
[sacred-texts.com/isl/quran/105.html]
[sacred-texts.com/isl/quran/106.html]
[sacred-texts.com/isl/quran/107.html]
[sacred-texts.com/isl/quran/108.html]
[sacred-texts.com/isl/quran/109.html]
[sacred-texts.com/isl/quran/110.html]
[sacred-texts.com/isl/quran/111.html]
[sacred-texts.com/isl/quran/112.html]
[sacred-texts.com/isl/quran/113.html]
[sacred-texts.com/isl/quran/114.html]
[sacred-texts.com/isl/quran/index.html]
[sacred-texts.com/isl/quran/errata.html]
[sacred-texts.com/isl/sbe06/sbe0600.html]
[sacred-texts.com/isl/sbe06/sbe0601.html]
[sacred-texts.com/isl/sbe06/sbe0602.html]
[sacred-texts.com/isl/sbe06/index.html]
[sacred-texts.com/isl/sbe06/sbe0603.html]
[sacred-texts.com/isl/sbe09/sbe0900.html]
[sacred-texts.com/isl/sbe09/sbe09idx.html]
[sacred-texts.com/isl/sbe09/index.html]
[sacred-texts.com/isl/sbe09/errata.html]
[sacred-texts.com/isl/qr/qrtp.html]
[sacred-texts.com/isl/qr/qr.txt.gz]
[sacred-texts.com/isl/qr/qrintro.html]
[sacred-texts.com/isl/qr/qrded.html]
[sacred-texts.com/isl/qr/qrpref.html]
[sacred-texts.com/isl/qr/index.html]
[sacred-texts.com/isl/qr/qridx.html]
[sacred-texts.com/isl/pick/pick.txt.gz]
[sacred-texts.com/isl/pick/index.html]
[sacred-texts.com/isl/pro/abr00.html]
[sacred-texts.com/isl/yaq/img/prayer.jpg]
[sacred-texts.com/isl/yaq/yaq000.html]
[sacred-texts.com/isl/yaq/yaq.txt.gz]
[sacred-texts.com/isl/yaq/pageidx.html]
[sacred-texts.com/isl/yaq/index.html]
[sacred-texts.com/isl/yaq/errata.html]
[sacred-texts.com/isl/hadith/jihad.html]
[sacred-texts.com/isl/hadith/had00.html]
[sacred-texts.com/isl/hadith/had01.html]
[sacred-texts.com/isl/hadith/had02.html]
[sacred-texts.com/isl/hadith/had03.html]
[sacred-texts.com/isl/hadith/had04.html]
[sacred-texts.com/isl/hadith/had05.html]
[sacred-texts.com/isl/hadith/had06.html]
[sacred-texts.com/isl/hadith/had07.html]
[sacred-texts.com/isl/hadith/had08.html]
[sacred-texts.com/isl/hadith/had09.html]
[sacred-texts.com/isl/hadith/had10.html]
[sacred-texts.com/isl/hadith/had11.html]
[sacred-texts.com/isl/hadith/had12.html]
[sacred-texts.com/isl/hadith/had13.html]
[sacred-texts.com/isl/hadith/had14.html]
[sacred-texts.com/isl/hadith/had15.html]
[sacred-texts.com/isl/hadith/had16.html]
[sacred-texts.com/isl/hadith/had17.html]
[sacred-texts.com/isl/hadith/had18.html]
[sacred-texts.com/isl/hadith/had19.html]
[sacred-texts.com/isl/hadith/had20.html]
[sacred-texts.com/isl/hadith/had21.html]
[sacred-texts.com/isl/hadith/had22.html]
[sacred-texts.com/isl/hadith/had23.html]
[sacred-texts.com/isl/hadith/had24.html]
[sacred-texts.com/isl/hadith/had25.html]
[sacred-texts.com/isl/hadith/had26.html]
[sacred-texts.com/isl/hadith/had27.html]
[sacred-texts.com/isl/hadith/had28.html]
[sacred-texts.com/isl/hadith/had29.html]
[sacred-texts.com/isl/hadith/had30.html]
[sacred-texts.com/isl/hadith/had31.html]
[sacred-texts.com/isl/hadith/had32.html]
[sacred-texts.com/isl/hadith/had33.html]
[sacred-texts.com/isl/hadith/index.html]
[sacred-texts.com/isl/hadith/had34.html]
[sacred-texts.com/isl/bukhari/bh1/index.html]
[sacred-texts.com/isl/bukhari/bh2/index.html]
[sacred-texts.com/isl/bukhari/bh3/index.html]
[sacred-texts.com/isl/bukhari/bh4/index.html]
[sacred-texts.com/isl/bukhari/index.html]
[sacred-texts.com/isl/bus/bus00.html]
[sacred-texts.com/isl/omy/img/mosque.jpg]
[sacred-texts.com/isl/omy/omy00.html]
[sacred-texts.com/isl/omy/pageidx.html]
[sacred-texts.com/isl/omy/omy.txt.gz]
[sacred-texts.com/isl/omy/omy15.html]
[sacred-texts.com/isl/omy/omy01.html]
[sacred-texts.com/isl/omy/omy02.html]
[sacred-texts.com/isl/omy/omy03.html]
[sacred-texts.com/isl/omy/omy04.html]
[sacred-texts.com/isl/omy/omy05.html]
[sacred-texts.com/isl/omy/omy06.html]
[sacred-texts.com/isl/omy/omy07.html]
[sacred-texts.com/isl/omy/omy08.html]
[sacred-texts.com/isl/omy/omy09.html]
[sacred-texts.com/isl/omy/omy10.html]
[sacred-texts.com/isl/omy/omy11.html]
[sacred-texts.com/isl/omy/omy12.html]
[sacred-texts.com/isl/omy/omy13.html]
[sacred-texts.com/isl/omy/omy14.html]
[sacred-texts.com/isl/omy/omy16.html]
[sacred-texts.com/isl/omy/omy17.html]
[sacred-texts.com/isl/omy/omy18.html]
[sacred-texts.com/isl/omy/omy19.html]
[sacred-texts.com/isl/omy/omy20.html]
[sacred-texts.com/isl/omy/omy21.html]
[sacred-texts.com/isl/omy/omy22.html]
[sacred-texts.com/isl/omy/omy23.html]
[sacred-texts.com/isl/omy/index.html]
[sacred-texts.com/isl/omy/omy24.html]
[sacred-texts.com/isl/spa/img/sufi.jpg]
[sacred-texts.com/isl/spa/spa00.html]
[sacred-texts.com/isl/spa/spa.txt.gz]
[sacred-texts.com/isl/spa/pageidx.html]
[sacred-texts.com/isl/spa/spa01.html]
[sacred-texts.com/isl/spa/spa02.html]
[sacred-texts.com/isl/spa/spa03.html]
[sacred-texts.com/isl/spa/spa04.html]
[sacred-texts.com/isl/spa/spa05.html]
[sacred-texts.com/isl/spa/spa06.html]
[sacred-texts.com/isl/spa/spa07.html]
[sacred-texts.com/isl/spa/spa08.html]
[sacred-texts.com/isl/spa/spa09.html]
[sacred-texts.com/isl/spa/spa10.html]
[sacred-texts.com/isl/spa/spa11.html]
[sacred-texts.com/isl/spa/spa12.html]
[sacred-texts.com/isl/spa/spa13.html]
[sacred-texts.com/isl/spa/spa14.html]
[sacred-texts.com/isl/spa/spa15.html]
[sacred-texts.com/isl/spa/spa16.html]
[sacred-texts.com/isl/spa/spa17.html]
[sacred-texts.com/isl/spa/spa18.html]
[sacred-texts.com/isl/spa/spa19.html]
[sacred-texts.com/isl/spa/spa20.html]
[sacred-texts.com/isl/spa/spa21.html]
[sacred-texts.com/isl/spa/index.html]
[sacred-texts.com/isl/spa/errata.html]
[sacred-texts.com/isl/kas/kas00.html]
[sacred-texts.com/isl/kas/kas01.html]
[sacred-texts.com/isl/kas/kas02.html]
[sacred-texts.com/isl/kas/kas03.html]
[sacred-texts.com/isl/kas/kas04.html]
[sacred-texts.com/isl/kas/kas05.html]
[sacred-texts.com/isl/kas/kas06.html]
[sacred-texts.com/isl/kas/kas07.html]
[sacred-texts.com/isl/kas/kas08.html]
[sacred-texts.com/isl/kas/kas09.html]
[sacred-texts.com/isl/kas/kas10.html]
[sacred-texts.com/isl/kas/kas11.html]
[sacred-texts.com/isl/kas/kas12.html]
[sacred-texts.com/isl/kas/kas13.html]
[sacred-texts.com/isl/kas/index.html]
[sacred-texts.com/isl/kas/kas14.html]
[sacred-texts.com/isl/mes/img/rumimeet.jpg]
[sacred-texts.com/isl/mes/mes00.html]
[sacred-texts.com/isl/mes/pageidx.html]
[sacred-texts.com/isl/mes/mes.txt.gz]
[sacred-texts.com/isl/mes/mes01.html]
[sacred-texts.com/isl/mes/mes02.html]
[sacred-texts.com/isl/mes/mes03.html]
[sacred-texts.com/isl/mes/mes04.html]
[sacred-texts.com/isl/mes/mes05.html]
[sacred-texts.com/isl/mes/mes06.html]
[sacred-texts.com/isl/mes/mes07.html]
[sacred-texts.com/isl/mes/mes08.html]
[sacred-texts.com/isl/mes/mes09.html]
[sacred-texts.com/isl/mes/mes10.html]
[sacred-texts.com/isl/mes/mes11.html]
[sacred-texts.com/isl/mes/mes12.html]
[sacred-texts.com/isl/mes/mes13.html]
[sacred-texts.com/isl/mes/mes14.html]
[sacred-texts.com/isl/mes/mes15.html]
[sacred-texts.com/isl/mes/mes16.html]
[sacred-texts.com/isl/mes/mes17.html]
[sacred-texts.com/isl/mes/mes18.html]
[sacred-texts.com/isl/mes/mes19.html]
[sacred-texts.com/isl/mes/mes20.html]
[sacred-texts.com/isl/mes/mes21.html]
[sacred-texts.com/isl/mes/mes22.html]
[sacred-texts.com/isl/mes/mes23.html]
[sacred-texts.com/isl/mes/mes24.html]
[sacred-texts.com/isl/mes/mes25.html]
[sacred-texts.com/isl/mes/mes26.html]
[sacred-texts.com/isl/mes/mes27.html]
[sacred-texts.com/isl/mes/mes28.html]
[sacred-texts.com/isl/mes/mes29.html]
[sacred-texts.com/isl/mes/mes30.html]
[sacred-texts.com/isl/mes/mes31.html]
[sacred-texts.com/isl/mes/mes32.html]
[sacred-texts.com/isl/mes/index.html]
[sacred-texts.com/isl/mes/errata.html]
[sacred-texts.com/isl/bp/img/birds.jpg]
[sacred-texts.com/isl/bp/bp00.html]
[sacred-texts.com/isl/bp/bp01.html]
[sacred-texts.com/isl/bp/index.html]
[sacred-texts.com/isl/bukhari/bh1/bh1_00.html]
[sacred-texts.com/isl/pdh/img/garden.jpg]
[sacred-texts.com/isl/pdh/pdh00.html]
[sacred-texts.com/isl/pdh/pdh01.html]
[sacred-texts.com/isl/pdh/pdh.txt]
[sacred-texts.com/isl/pdh/pdh02.html]
[sacred-texts.com/isl/pdh/pdh03.html]
[sacred-texts.com/isl/pdh/pdh04.html]
[sacred-texts.com/isl/pdh/pdh05.html]
[sacred-texts.com/isl/pdh/pdh06.html]
[sacred-texts.com/isl/pdh/pdh07.html]
[sacred-texts.com/isl/pdh/pdh08.html]
[sacred-texts.com/isl/pdh/pdh09.html]
[sacred-texts.com/isl/pdh/pdh10.html]
[sacred-texts.com/isl/pdh/pdh11.html]
[sacred-texts.com/isl/pdh/pdh12.html]
[sacred-texts.com/isl/pdh/pdh13.html]
[sacred-texts.com/isl/pdh/pdh14.html]
[sacred-texts.com/isl/pdh/pdh15.html]
[sacred-texts.com/isl/pdh/pdh16.html]
[sacred-texts.com/isl/pdh/pdh17.html]
[sacred-texts.com/isl/pdh/pdh18.html]
[sacred-texts.com/isl/pdh/pdh19.html]
[sacred-texts.com/isl/pdh/pdh20.html]
[sacred-texts.com/isl/pdh/pdh21.html]
[sacred-texts.com/isl/pdh/pdh22.html]
[sacred-texts.com/isl/pdh/pdh23.html]
[sacred-texts.com/isl/pdh/pdh24.html]
[sacred-texts.com/isl/pdh/pdh25.html]
[sacred-texts.com/isl/pdh/pdh26.html]
[sacred-texts.com/isl/pdh/pdh27.html]
[sacred-texts.com/isl/pdh/pdh28.html]
[sacred-texts.com/isl/pdh/pdh29.html]
[sacred-texts.com/isl/pdh/pdh30.html]
[sacred-texts.com/isl/pdh/pdh31.html]
[sacred-texts.com/isl/pdh/pdh32.html]
[sacred-texts.com/isl/pdh/pdh33.html]
[sacred-texts.com/isl/pdh/pdh34.html]
[sacred-texts.com/isl/pdh/pdh35.html]
[sacred-texts.com/isl/pdh/pdh36.html]
[sacred-texts.com/isl/pdh/pdh37.html]
[sacred-texts.com/isl/pdh/pdh38.html]
[sacred-texts.com/isl/pdh/pdh39.html]
[sacred-texts.com/isl/pdh/pdh40.html]
[sacred-texts.com/isl/pdh/pdh41.html]
[sacred-texts.com/isl/pdh/pdh42.html]
[sacred-texts.com/isl/pdh/pdh43.html]
[sacred-texts.com/isl/pdh/pdh44.html]
[sacred-texts.com/isl/pdh/pdh45.html]
[sacred-texts.com/isl/pdh/pdh46.html]
[sacred-texts.com/isl/pdh/pdh47.html]
[sacred-texts.com/isl/pdh/pdh48.html]
[sacred-texts.com/isl/pdh/pdh49.html]
[sacred-texts.com/isl/pdh/pdh50.html]
[sacred-texts.com/isl/pdh/pdh51.html]
[sacred-texts.com/isl/pdh/pdh52.html]
[sacred-texts.com/isl/pdh/pdh53.html]
[sacred-texts.com/isl/pdh/pdh54.html]
[sacred-texts.com/isl/pdh/pdh55.html]
[sacred-texts.com/isl/pdh/pdh56.html]
[sacred-texts.com/isl/pdh/pdh57.html]
[sacred-texts.com/isl/pdh/pdh58.html]
[sacred-texts.com/isl/pdh/pdh59.html]
[sacred-texts.com/isl/pdh/pdh60.html]
[sacred-texts.com/isl/pdh/pdh61.html]
[sacred-texts.com/isl/pdh/pdh62.html]
[sacred-texts.com/isl/pdh/pdh63.html]
[sacred-texts.com/isl/pdh/pdh64.html]
[sacred-texts.com/isl/pdh/pdh65.html]
[sacred-texts.com/isl/pdh/pdh66.html]
[sacred-texts.com/isl/pdh/pdh67.html]
[sacred-texts.com/isl/pdh/pdh68.html]
[sacred-texts.com/isl/pdh/pdh69.html]
[sacred-texts.com/isl/pdh/pdh70.html]
[sacred-texts.com/isl/pdh/pdh71.html]
[sacred-texts.com/isl/pdh/pdh72.html]
[sacred-texts.com/isl/pdh/pdh73.html]
[sacred-texts.com/isl/pdh/pdh74.html]
[sacred-texts.com/isl/pdh/pdh75.html]
[sacred-texts.com/isl/pdh/pdh76.html]
[sacred-texts.com/isl/pdh/pdh77.html]
[sacred-texts.com/isl/pdh/pdh78.html]
[sacred-texts.com/isl/pdh/pdh79.html]
[sacred-texts.com/isl/pdh/index.html]
[sacred-texts.com/isl/palmer.html]
[sacred-texts.com/isl/masnavi/img/sufi.jpg]
[sacred-texts.com/isl/masnavi/msn.txt.gz]
[sacred-texts.com/isl/masnavi/msn01.html]
[sacred-texts.com/isl/masnavi/msn02.html]
[sacred-texts.com/isl/masnavi/msn03.html]
[sacred-texts.com/isl/masnavi/msn04.html]
[sacred-texts.com/isl/masnavi/msn05.html]
[sacred-texts.com/isl/masnavi/index.html]
[sacred-texts.com/isl/masnavi/msn06.html]
[sacred-texts.com/isl/saab/img/beloved.jpg]
[sacred-texts.com/isl/saab/saab00.html]
[sacred-texts.com/isl/saab/pageidx.html]
[sacred-texts.com/isl/saab/saab.txt.gz]
[sacred-texts.com/isl/saab/saab01.html]
[sacred-texts.com/isl/saab/saab02.html]
[sacred-texts.com/isl/saab/saab03.html]
[sacred-texts.com/isl/saab/saab04.html]
[sacred-texts.com/isl/saab/saab05.html]
[sacred-texts.com/isl/saab/saab06.html]
[sacred-texts.com/isl/saab/saab07.html]
[sacred-texts.com/isl/saab/saab08.html]
[sacred-texts.com/isl/saab/saab09.html]
[sacred-texts.com/isl/saab/saab10.html]
[sacred-texts.com/isl/saab/saab11.html]
[sacred-texts.com/isl/saab/saab12.html]
[sacred-texts.com/isl/saab/saab13.html]
[sacred-texts.com/isl/saab/saab14.html]
[sacred-texts.com/isl/saab/saab15.html]
[sacred-texts.com/isl/saab/saab16.html]
[sacred-texts.com/isl/saab/saab17.html]
[sacred-texts.com/isl/saab/saab18.html]
[sacred-texts.com/isl/saab/saab19.html]
[sacred-texts.com/isl/saab/saab20.html]
[sacred-texts.com/isl/saab/saab21.html]
[sacred-texts.com/isl/saab/saab22.html]
[sacred-texts.com/isl/saab/saab23.html]
[sacred-texts.com/isl/saab/saab24.html]
[sacred-texts.com/isl/saab/saab25.html]
[sacred-texts.com/isl/saab/saab26.html]
[sacred-texts.com/isl/saab/saab27.html]
[sacred-texts.com/isl/saab/saab28.html]
[sacred-texts.com/isl/saab/saab29.html]
[sacred-texts.com/isl/saab/saab30.html]
[sacred-texts.com/isl/saab/saab31.html]
[sacred-texts.com/isl/saab/saab32.html]
[sacred-texts.com/isl/saab/saab33.html]
[sacred-texts.com/isl/saab/saab34.html]
[sacred-texts.com/isl/saab/index.html]
[sacred-texts.com/isl/rok/rok21.html]
[sacred-texts.com/isl/ssw/img/chess.jpg]
[sacred-texts.com/isl/ssw/ssw00.html]
[sacred-texts.com/isl/ssw/pageidx.html]
[sacred-texts.com/isl/ssw/ssw.txt.gz]
[sacred-texts.com/isl/ssw/ssw01.html]
[sacred-texts.com/isl/ssw/ssw02.html]
[sacred-texts.com/isl/ssw/ssw03.html]
[sacred-texts.com/isl/ssw/ssw04.html]
[sacred-texts.com/isl/ssw/ssw05.html]
[sacred-texts.com/isl/ssw/ssw06.html]
[sacred-texts.com/isl/ssw/ssw07.html]
[sacred-texts.com/isl/ssw/ssw08.html]
[sacred-texts.com/isl/ssw/ssw09.html]
[sacred-texts.com/isl/ssw/ssw10.html]
[sacred-texts.com/isl/ssw/ssw11.html]
[sacred-texts.com/isl/ssw/ssw12.html]
[sacred-texts.com/isl/ssw/ssw13.html]
[sacred-texts.com/isl/ssw/ssw14.html]
[sacred-texts.com/isl/ssw/ssw15.html]
[sacred-texts.com/isl/ssw/ssw16.html]
[sacred-texts.com/isl/ssw/ssw17.html]
[sacred-texts.com/isl/ssw/ssw18.html]
[sacred-texts.com/isl/ssw/ssw19.html]
[sacred-texts.com/isl/ssw/ssw20.html]
[sacred-texts.com/isl/ssw/ssw21.html]
[sacred-texts.com/isl/ssw/ssw22.html]
[sacred-texts.com/isl/ssw/ssw23.html]
[sacred-texts.com/isl/ssw/ssw24.html]
[sacred-texts.com/isl/ssw/ssw25.html]
[sacred-texts.com/isl/ssw/ssw26.html]
[sacred-texts.com/isl/ssw/ssw27.html]
[sacred-texts.com/isl/ssw/index.html]
[sacred-texts.com/isl/srg/srg19.html]
[sacred-texts.com/isl/tah/tah00.html]
[sacred-texts.com/isl/tah/tah01.html]
[sacred-texts.com/isl/tah/tah02.html]
[sacred-texts.com/isl/tah/tah03.html]
[sacred-texts.com/isl/tah/tah04.html]
[sacred-texts.com/isl/tah/tah05.html]
[sacred-texts.com/isl/tah/tah06.html]
[sacred-texts.com/isl/tah/tah07.html]
[sacred-texts.com/isl/tah/tah08.html]
[sacred-texts.com/isl/tah/tah09.html]
[sacred-texts.com/isl/tah/tah10.html]
[sacred-texts.com/isl/tah/tah11.html]
[sacred-texts.com/isl/tah/tah12.html]
[sacred-texts.com/isl/tah/index.html]
[sacred-texts.com/isl/taa/taa65.html]
[sacred-texts.com/isl/egt/egt00.html]
[sacred-texts.com/isl/egt/egt01.html]
[sacred-texts.com/isl/egt/egt02.html]
[sacred-texts.com/isl/egt/egt03.html]
[sacred-texts.com/isl/egt/egt04.html]
[sacred-texts.com/isl/egt/egt05.html]
[sacred-texts.com/isl/egt/egt06.html]
[sacred-texts.com/isl/egt/egt07.html]
[sacred-texts.com/isl/egt/egt08.html]
[sacred-texts.com/isl/egt/egt09.html]
[sacred-texts.com/isl/egt/egt10.html]
[sacred-texts.com/isl/egt/egt11.html]
[sacred-texts.com/isl/egt/egt12.html]
[sacred-texts.com/isl/egt/egt13.html]
[sacred-texts.com/isl/egt/egt14.html]
[sacred-texts.com/isl/egt/egt15.html]
[sacred-texts.com/isl/egt/egt16.html]
[sacred-texts.com/isl/egt/egt17.html]
[sacred-texts.com/isl/egt/egt18.html]
[sacred-texts.com/isl/egt/egt19.html]
[sacred-texts.com/isl/egt/egt20.html]
[sacred-texts.com/isl/egt/egt21.html]
[sacred-texts.com/isl/egt/egt22.html]
[sacred-texts.com/isl/egt/egt23.html]
[sacred-texts.com/isl/egt/egt24.html]
[sacred-texts.com/isl/egt/egt25.html]
[sacred-texts.com/isl/egt/egt26.html]
[sacred-texts.com/isl/egt/egt27.html]
[sacred-texts.com/isl/egt/egt28.html]
[sacred-texts.com/isl/egt/egt29.html]
[sacred-texts.com/isl/egt/egt30.html]
[sacred-texts.com/isl/egt/egt31.html]
[sacred-texts.com/isl/egt/egt32.html]
[sacred-texts.com/isl/egt/egt33.html]
[sacred-texts.com/isl/egt/egt34.html]
[sacred-texts.com/isl/egt/egt35.html]
[sacred-texts.com/isl/egt/egt36.html]
[sacred-texts.com/isl/egt/egt37.html]
[sacred-texts.com/isl/egt/egt38.html]
[sacred-texts.com/isl/egt/egt39.html]
[sacred-texts.com/isl/egt/egt40.html]
[sacred-texts.com/isl/egt/egt41.html]
[sacred-texts.com/isl/egt/egt42.html]
[sacred-texts.com/isl/egt/egt43.html]
[sacred-texts.com/isl/egt/egt44.html]
[sacred-texts.com/isl/egt/egt45.html]
[sacred-texts.com/isl/egt/egt46.html]
[sacred-texts.com/isl/egt/egt47.html]
[sacred-texts.com/isl/egt/egt48.html]
[sacred-texts.com/isl/egt/egt49.html]
[sacred-texts.com/isl/egt/egt50.html]
[sacred-texts.com/isl/egt/egt51.html]
[sacred-texts.com/isl/egt/egt52.html]
[sacred-texts.com/isl/egt/egt53.html]
[sacred-texts.com/isl/egt/egt54.html]
[sacred-texts.com/isl/egt/egt55.html]
[sacred-texts.com/isl/egt/egt56.html]
[sacred-texts.com/isl/egt/egt57.html]
[sacred-texts.com/isl/egt/egt58.html]
[sacred-texts.com/isl/egt/egt59.html]
[sacred-texts.com/isl/egt/egt60.html]
[sacred-texts.com/isl/egt/egt61.html]
[sacred-texts.com/isl/egt/egt62.html]
[sacred-texts.com/isl/egt/egt63.html]
[sacred-texts.com/isl/egt/egt64.html]
[sacred-texts.com/isl/egt/egt65.html]
[sacred-texts.com/isl/egt/egt66.html]
[sacred-texts.com/isl/egt/egt67.html]
[sacred-texts.com/isl/egt/egt68.html]
[sacred-texts.com/isl/egt/egt69.html]
[sacred-texts.com/isl/egt/egt70.html]
[sacred-texts.com/isl/egt/egt71.html]
[sacred-texts.com/isl/egt/egt72.html]
[sacred-texts.com/isl/egt/egt73.html]
[sacred-texts.com/isl/egt/egt74.html]
[sacred-texts.com/isl/egt/egt75.html]
[sacred-texts.com/isl/egt/egt76.html]
[sacred-texts.com/isl/egt/egt77.html]
[sacred-texts.com/isl/egt/egt78.html]
[sacred-texts.com/isl/egt/egt79.html]
[sacred-texts.com/isl/egt/egt80.html]
[sacred-texts.com/isl/egt/egt81.html]
[sacred-texts.com/isl/egt/egt82.html]
[sacred-texts.com/isl/egt/egt83.html]
[sacred-texts.com/isl/egt/egt84.html]
[sacred-texts.com/isl/egt/egt85.html]
[sacred-texts.com/isl/egt/egt86.html]
[sacred-texts.com/isl/egt/egt87.html]
[sacred-texts.com/isl/egt/egt88.html]
[sacred-texts.com/isl/egt/egt89.html]
[sacred-texts.com/isl/egt/egt90.html]
[sacred-texts.com/isl/egt/egt91.html]
[sacred-texts.com/isl/egt/egt92.html]
[sacred-texts.com/isl/egt/egt93.html]
[sacred-texts.com/isl/egt/index.html]
[sacred-texts.com/isl/egt/egt94.html]
[sacred-texts.com/isl/bus/img/caravan.jpg]
[sacred-texts.com/isl/bus/pageidx.html]
[sacred-texts.com/isl/bus/bus.txt.gz]
[sacred-texts.com/isl/bus/bus01.html]
[sacred-texts.com/isl/bus/bus02.html]
[sacred-texts.com/isl/bus/bus03.html]
[sacred-texts.com/isl/bus/bus04.html]
[sacred-texts.com/isl/bus/bus05.html]
[sacred-texts.com/isl/bus/bus06.html]
[sacred-texts.com/isl/bus/bus07.html]
[sacred-texts.com/isl/bus/bus08.html]
[sacred-texts.com/isl/bus/bus09.html]
[sacred-texts.com/isl/bus/bus10.html]
[sacred-texts.com/isl/bus/bus11.html]
[sacred-texts.com/isl/bus/bus12.html]
[sacred-texts.com/isl/bus/bus13.html]
[sacred-texts.com/isl/bus/bus14.html]
[sacred-texts.com/isl/bus/bus15.html]
[sacred-texts.com/isl/bus/index.html]
[sacred-texts.com/isl/bus/errata.html]
[sacred-texts.com/isl/taa/img/inn.jpg]
[sacred-texts.com/isl/taa/taa00.html]
[sacred-texts.com/isl/taa/pageidx.html]
[sacred-texts.com/isl/taa/taa.txt.gz]
[sacred-texts.com/isl/taa/taa01.html]
[sacred-texts.com/isl/taa/taa02.html]
[sacred-texts.com/isl/taa/taa03.html]
[sacred-texts.com/isl/taa/taa04.html]
[sacred-texts.com/isl/taa/taa05.html]
[sacred-texts.com/isl/taa/taa06.html]
[sacred-texts.com/isl/taa/taa07.html]
[sacred-texts.com/isl/taa/taa08.html]
[sacred-texts.com/isl/taa/taa09.html]
[sacred-texts.com/isl/taa/taa10.html]
[sacred-texts.com/isl/taa/taa11.html]
[sacred-texts.com/isl/taa/taa12.html]
[sacred-texts.com/isl/taa/taa13.html]
[sacred-texts.com/isl/taa/taa14.html]
[sacred-texts.com/isl/taa/taa15.html]
[sacred-texts.com/isl/taa/taa16.html]
[sacred-texts.com/isl/taa/taa17.html]
[sacred-texts.com/isl/taa/taa18.html]
[sacred-texts.com/isl/taa/taa19.html]
[sacred-texts.com/isl/taa/taa20.html]
[sacred-texts.com/isl/taa/taa21.html]
[sacred-texts.com/isl/taa/taa22.html]
[sacred-texts.com/isl/taa/taa23.html]
[sacred-texts.com/isl/taa/taa24.html]
[sacred-texts.com/isl/taa/taa25.html]
[sacred-texts.com/isl/taa/taa26.html]
[sacred-texts.com/isl/taa/taa27.html]
[sacred-texts.com/isl/taa/taa28.html]
[sacred-texts.com/isl/taa/taa29.html]
[sacred-texts.com/isl/taa/taa30.html]
[sacred-texts.com/isl/taa/taa31.html]
[sacred-texts.com/isl/taa/taa32.html]
[sacred-texts.com/isl/taa/taa33.html]
[sacred-texts.com/isl/taa/taa34.html]
[sacred-texts.com/isl/taa/taa35.html]
[sacred-texts.com/isl/taa/taa36.html]
[sacred-texts.com/isl/taa/taa37.html]
[sacred-texts.com/isl/taa/taa38.html]
[sacred-texts.com/isl/taa/taa39.html]
[sacred-texts.com/isl/taa/taa40.html]
[sacred-texts.com/isl/taa/taa41.html]
[sacred-texts.com/isl/taa/taa42.html]
[sacred-texts.com/isl/taa/taa43.html]
[sacred-texts.com/isl/taa/taa44.html]
[sacred-texts.com/isl/taa/taa45.html]
[sacred-texts.com/isl/taa/taa46.html]
[sacred-texts.com/isl/taa/taa47.html]
[sacred-texts.com/isl/taa/taa48.html]
[sacred-texts.com/isl/taa/taa49.html]
[sacred-texts.com/isl/taa/taa50.html]
[sacred-texts.com/isl/taa/taa51.html]
[sacred-texts.com/isl/taa/taa52.html]
[sacred-texts.com/isl/taa/taa53.html]
[sacred-texts.com/isl/taa/taa54.html]
[sacred-texts.com/isl/taa/taa55.html]
[sacred-texts.com/isl/taa/taa56.html]
[sacred-texts.com/isl/taa/taa57.html]
[sacred-texts.com/isl/taa/taa58.html]
[sacred-texts.com/isl/taa/taa59.html]
[sacred-texts.com/isl/taa/taa60.html]
[sacred-texts.com/isl/taa/taa61.html]
[sacred-texts.com/isl/taa/taa62.html]
[sacred-texts.com/isl/taa/taa63.html]
[sacred-texts.com/isl/taa/taa64.html]
[sacred-texts.com/isl/taa/index.html]
[sacred-texts.com/isl/taa/errata.html]
[sacred-texts.com/isl/zun/img/kiosk.jpg]
[sacred-texts.com/isl/zun/zun00.html]
[sacred-texts.com/isl/zun/pageidx.html]
[sacred-texts.com/isl/zun/zun.txt.gz]
[sacred-texts.com/isl/zun/zun01.html]
[sacred-texts.com/isl/zun/zun02.html]
[sacred-texts.com/isl/zun/zun03.html]
[sacred-texts.com/isl/zun/zun04.html]
[sacred-texts.com/isl/zun/zun05.html]
[sacred-texts.com/isl/zun/index.html]
[sacred-texts.com/isl/zun/zun06.html]
[sacred-texts.com/isl/moi/moi.html]
[sacred-texts.com/isl/mishkat/msh18.html]
[sacred-texts.com/isl/msl/image25.gif]
[sacred-texts.com/isl/msl/msl.html]
[sacred-texts.com/isl/srg/img/dervish.jpg]
[sacred-texts.com/isl/srg/srg00.html]
[sacred-texts.com/isl/srg/pageidx.html]
[sacred-texts.com/isl/srg/srg.txt.gz]
[sacred-texts.com/isl/srg/srg01.html]
[sacred-texts.com/isl/srg/srg02.html]
[sacred-texts.com/isl/srg/srg03.html]
[sacred-texts.com/isl/srg/srg04.html]
[sacred-texts.com/isl/srg/srg05.html]
[sacred-texts.com/isl/srg/srg06.html]
[sacred-texts.com/isl/srg/srg07.html]
[sacred-texts.com/isl/srg/srg08.html]
[sacred-texts.com/isl/srg/srg09.html]
[sacred-texts.com/isl/srg/srg10.html]
[sacred-texts.com/isl/srg/srg11.html]
[sacred-texts.com/isl/srg/srg12.html]
[sacred-texts.com/isl/srg/srg13.html]
[sacred-texts.com/isl/srg/srg14.html]
[sacred-texts.com/isl/srg/srg15.html]
[sacred-texts.com/isl/srg/srg16.html]
[sacred-texts.com/isl/srg/srg17.html]
[sacred-texts.com/isl/srg/srg18.html]
[sacred-texts.com/isl/srg/index.html]
[sacred-texts.com/isl/srg/errata.html]
[sacred-texts.com/isl/iq/img/praydsrt.jpg]
[sacred-texts.com/isl/iq/iq00.html]
[sacred-texts.com/isl/iq/pageidx.html]
[sacred-texts.com/isl/iq/iq.txt]
[sacred-texts.com/isl/iq/iq01.html]
[sacred-texts.com/isl/iq/iq02.html]
[sacred-texts.com/isl/iq/iq03.html]
[sacred-texts.com/isl/iq/iq04.html]
[sacred-texts.com/isl/iq/iq05.html]
[sacred-texts.com/isl/iq/iq06.html]
[sacred-texts.com/isl/iq/iq07.html]
[sacred-texts.com/isl/iq/iq08.html]
[sacred-texts.com/isl/iq/iq09.html]
[sacred-texts.com/isl/iq/iq10.html]
[sacred-texts.com/isl/iq/iq11.html]
[sacred-texts.com/isl/iq/iq12.html]
[sacred-texts.com/isl/iq/iq13.html]
[sacred-texts.com/isl/iq/iq14.html]
[sacred-texts.com/isl/iq/iq15.html]
[sacred-texts.com/isl/iq/iq16.html]
[sacred-texts.com/isl/iq/iq17.html]
[sacred-texts.com/isl/iq/iq18.html]
[sacred-texts.com/isl/iq/iq19.html]
[sacred-texts.com/isl/iq/iq20.html]
[sacred-texts.com/isl/iq/index.html]
[sacred-texts.com/isl/iq/iq21.html]
[sacred-texts.com/isl/siim/img/dervish.jpg]
[sacred-texts.com/isl/siim/siim00.html]
[sacred-texts.com/isl/siim/pageidx.html]
[sacred-texts.com/isl/siim/siimtxt.zip]
[sacred-texts.com/isl/siim/siim19.html]
[sacred-texts.com/isl/siim/siim01.html]
[sacred-texts.com/isl/siim/siim02.html]
[sacred-texts.com/isl/siim/siim03.html]
[sacred-texts.com/isl/siim/siim04.html]
[sacred-texts.com/isl/siim/siim05.html]
[sacred-texts.com/isl/siim/siim06.html]
[sacred-texts.com/isl/siim/siim07.html]
[sacred-texts.com/isl/siim/siim08.html]
[sacred-texts.com/isl/siim/siim09.html]
[sacred-texts.com/isl/siim/siim10.html]
[sacred-texts.com/isl/siim/siim11.html]
[sacred-texts.com/isl/siim/siim12.html]
[sacred-texts.com/isl/siim/siim13.html]
[sacred-texts.com/isl/siim/siim14.html]
[sacred-texts.com/isl/siim/siim15.html]
[sacred-texts.com/isl/siim/siim16.html]
[sacred-texts.com/isl/siim/siim17.html]
[sacred-texts.com/isl/siim/siim18.html]
[sacred-texts.com/isl/siim/siim20.html]
[sacred-texts.com/isl/siim/siim21.html]
[sacred-texts.com/isl/siim/siim22.html]
[sacred-texts.com/isl/siim/siim23.html]
[sacred-texts.com/isl/siim/siim24.html]
[sacred-texts.com/isl/siim/siim25.html]
[sacred-texts.com/isl/siim/siim26.html]
[sacred-texts.com/isl/siim/siim27.html]
[sacred-texts.com/isl/siim/siim28.html]
[sacred-texts.com/isl/siim/index.html]
[sacred-texts.com/isl/siim/siim29.html]
[sacred-texts.com/isl/mishkat/msh00.html]
[sacred-texts.com/isl/mishkat/msh01.html]
[sacred-texts.com/isl/mishkat/msh02.html]
[sacred-texts.com/isl/mishkat/msh03.html]
[sacred-texts.com/isl/mishkat/msh04.html]
[sacred-texts.com/isl/mishkat/msh05.html]
[sacred-texts.com/isl/mishkat/msh06.html]
[sacred-texts.com/isl/mishkat/msh07.html]
[sacred-texts.com/isl/mishkat/msh08.html]
[sacred-texts.com/isl/mishkat/msh09.html]
[sacred-texts.com/isl/mishkat/msh10.html]
[sacred-texts.com/isl/mishkat/msh11.html]
[sacred-texts.com/isl/mishkat/msh12.html]
[sacred-texts.com/isl/mishkat/msh13.html]
[sacred-texts.com/isl/mishkat/msh14.html]
[sacred-texts.com/isl/mishkat/msh15.html]
[sacred-texts.com/isl/mishkat/msh16.html]
[sacred-texts.com/isl/mishkat/msh17.html]
[sacred-texts.com/isl/mishkat/index.html]
[sacred-texts.com/isl/mhm/mhm59.html]
[sacred-texts.com/isl/daa/img/rivedge.jpg]
[sacred-texts.com/isl/daa/daa00.html]
[sacred-texts.com/isl/daa/pageidx.html]
[sacred-texts.com/isl/daa/daa.txt.gz]
[sacred-texts.com/isl/daa/daa01.html]
[sacred-texts.com/isl/daa/daa02.html]
[sacred-texts.com/isl/daa/daa03.html]
[sacred-texts.com/isl/daa/daa04.html]
[sacred-texts.com/isl/daa/daa05.html]
[sacred-texts.com/isl/daa/daa06.html]
[sacred-texts.com/isl/daa/index.html]
[sacred-texts.com/isl/daa/errata.html]
[sacred-texts.com/isl/rok/img/pray.jpg]
[sacred-texts.com/isl/rok/rok00.html]
[sacred-texts.com/isl/rok/pageidx.html]
[sacred-texts.com/isl/rok/rok.txt.gz]
[sacred-texts.com/isl/rok/rok01.html]
[sacred-texts.com/isl/rok/rok02.html]
[sacred-texts.com/isl/rok/rok03.html]
[sacred-texts.com/isl/rok/rok04.html]
[sacred-texts.com/isl/rok/rok05.html]
[sacred-texts.com/isl/rok/rok06.html]
[sacred-texts.com/isl/rok/rok07.html]
[sacred-texts.com/isl/rok/rok08.html]
[sacred-texts.com/isl/rok/rok09.html]
[sacred-texts.com/isl/rok/rok10.html]
[sacred-texts.com/isl/rok/rok11.html]
[sacred-texts.com/isl/rok/rok12.html]
[sacred-texts.com/isl/rok/rok13.html]
[sacred-texts.com/isl/rok/rok14.html]
[sacred-texts.com/isl/rok/rok15.html]
[sacred-texts.com/isl/rok/rok16.html]
[sacred-texts.com/isl/rok/rok17.html]
[sacred-texts.com/isl/rok/rok18.html]
[sacred-texts.com/isl/rok/rok19.html]
[sacred-texts.com/isl/rok/index.html]
[sacred-texts.com/isl/rok/rok20.html]
[sacred-texts.com/isl/ath/img/prayer.jpg]
[sacred-texts.com/isl/ath/ath00.html]
[sacred-texts.com/isl/ath/pageidx.html]
[sacred-texts.com/isl/ath/athtxt.zip]
[sacred-texts.com/isl/ath/ath01.html]
[sacred-texts.com/isl/ath/ath02.html]
[sacred-texts.com/isl/ath/ath03.html]
[sacred-texts.com/isl/ath/ath04.html]
[sacred-texts.com/isl/ath/ath05.html]
[sacred-texts.com/isl/ath/ath06.html]
[sacred-texts.com/isl/ath/ath07.html]
[sacred-texts.com/isl/ath/ath08.html]
[sacred-texts.com/isl/ath/ath09.html]
[sacred-texts.com/isl/ath/ath10.html]
[sacred-texts.com/isl/ath/ath11.html]
[sacred-texts.com/isl/ath/ath12.html]
[sacred-texts.com/isl/ath/ath13.html]
[sacred-texts.com/isl/ath/ath14.html]
[sacred-texts.com/isl/ath/ath15.html]
[sacred-texts.com/isl/ath/ath16.html]
[sacred-texts.com/isl/ath/index.html]
[sacred-texts.com/isl/ath/errata.html]
[sacred-texts.com/isl/gsw/img/mosque.jpg]
[sacred-texts.com/isl/gsw/gsw00.html]
[sacred-texts.com/isl/gsw/pageidx.html]
[sacred-texts.com/isl/gsw/gsw01.html]
[sacred-texts.com/isl/gsw/gsw.txt]
[sacred-texts.com/isl/gsw/gsw02.html]
[sacred-texts.com/isl/gsw/gsw03.html]
[sacred-texts.com/isl/gsw/gsw04.html]
[sacred-texts.com/isl/gsw/gsw05.html]
[sacred-texts.com/isl/gsw/gsw06.html]
[sacred-texts.com/isl/gsw/gsw07.html]
[sacred-texts.com/isl/gsw/gsw08.html]
[sacred-texts.com/isl/gsw/gsw09.html]
[sacred-texts.com/isl/gsw/gsw10.html]
[sacred-texts.com/isl/gsw/gsw11.html]
[sacred-texts.com/isl/gsw/gsw12.html]
[sacred-texts.com/isl/gsw/gsw13.html]
[sacred-texts.com/isl/gsw/gsw14.html]
[sacred-texts.com/isl/gsw/gsw15.html]
[sacred-texts.com/isl/gsw/gsw16.html]
[sacred-texts.com/isl/gsw/gsw17.html]
[sacred-texts.com/isl/gsw/gsw18.html]
[sacred-texts.com/isl/gsw/gsw19.html]
[sacred-texts.com/isl/gsw/index.html]
[sacred-texts.com/isl/gsw/gsw20.html]
[sacred-texts.com/isl/arp/img/arabs.jpg]
[sacred-texts.com/isl/arp/arp000.html]
[sacred-texts.com/isl/arp/pageidx.html]
[sacred-texts.com/isl/arp/arp.txt.gz]
[sacred-texts.com/isl/arp/arp001.html]
[sacred-texts.com/isl/arp/arp002.html]
[sacred-texts.com/isl/arp/arp003.html]
[sacred-texts.com/isl/arp/arp004.html]
[sacred-texts.com/isl/arp/arp005.html]
[sacred-texts.com/isl/arp/arp006.html]
[sacred-texts.com/isl/arp/arp007.html]
[sacred-texts.com/isl/arp/arp008.html]
[sacred-texts.com/isl/arp/arp009.html]
[sacred-texts.com/isl/arp/arp010.html]
[sacred-texts.com/isl/arp/arp011.html]
[sacred-texts.com/isl/arp/arp012.html]
[sacred-texts.com/isl/arp/arp013.html]
[sacred-texts.com/isl/arp/arp014.html]
[sacred-texts.com/isl/arp/arp015.html]
[sacred-texts.com/isl/arp/arp016.html]
[sacred-texts.com/isl/arp/arp017.html]
[sacred-texts.com/isl/arp/arp018.html]
[sacred-texts.com/isl/arp/arp019.html]
[sacred-texts.com/isl/arp/arp020.html]
[sacred-texts.com/isl/arp/arp021.html]
[sacred-texts.com/isl/arp/arp022.html]
[sacred-texts.com/isl/arp/arp023.html]
[sacred-texts.com/isl/arp/arp024.html]
[sacred-texts.com/isl/arp/arp025.html]
[sacred-texts.com/isl/arp/arp026.html]
[sacred-texts.com/isl/arp/arp027.html]
[sacred-texts.com/isl/arp/arp028.html]
[sacred-texts.com/isl/arp/arp029.html]
[sacred-texts.com/isl/arp/arp030.html]
[sacred-texts.com/isl/arp/arp031.html]
[sacred-texts.com/isl/arp/arp032.html]
[sacred-texts.com/isl/arp/arp033.html]
[sacred-texts.com/isl/arp/arp034.html]
[sacred-texts.com/isl/arp/arp035.html]
[sacred-texts.com/isl/arp/arp036.html]
[sacred-texts.com/isl/arp/arp037.html]
[sacred-texts.com/isl/arp/arp038.html]
[sacred-texts.com/isl/arp/arp039.html]
[sacred-texts.com/isl/arp/arp040.html]
[sacred-texts.com/isl/arp/arp041.html]
[sacred-texts.com/isl/arp/arp042.html]
[sacred-texts.com/isl/arp/arp043.html]
[sacred-texts.com/isl/arp/arp044.html]
[sacred-texts.com/isl/arp/arp045.html]
[sacred-texts.com/isl/arp/arp046.html]
[sacred-texts.com/isl/arp/arp047.html]
[sacred-texts.com/isl/arp/arp048.html]
[sacred-texts.com/isl/arp/arp049.html]
[sacred-texts.com/isl/arp/arp050.html]
[sacred-texts.com/isl/arp/arp051.html]
[sacred-texts.com/isl/arp/arp052.html]
[sacred-texts.com/isl/arp/arp053.html]
[sacred-texts.com/isl/arp/arp054.html]
[sacred-texts.com/isl/arp/arp055.html]
[sacred-texts.com/isl/arp/arp056.html]
[sacred-texts.com/isl/arp/arp057.html]
[sacred-texts.com/isl/arp/arp058.html]
[sacred-texts.com/isl/arp/arp059.html]
[sacred-texts.com/isl/arp/arp060.html]
[sacred-texts.com/isl/arp/arp061.html]
[sacred-texts.com/isl/arp/arp062.html]
[sacred-texts.com/isl/arp/arp063.html]
[sacred-texts.com/isl/arp/arp064.html]
[sacred-texts.com/isl/arp/arp065.html]
[sacred-texts.com/isl/arp/arp066.html]
[sacred-texts.com/isl/arp/arp067.html]
[sacred-texts.com/isl/arp/arp068.html]
[sacred-texts.com/isl/arp/arp069.html]
[sacred-texts.com/isl/arp/arp070.html]
[sacred-texts.com/isl/arp/arp071.html]
[sacred-texts.com/isl/arp/arp072.html]
[sacred-texts.com/isl/arp/arp073.html]
[sacred-texts.com/isl/arp/arp074.html]
[sacred-texts.com/isl/arp/arp075.html]
[sacred-texts.com/isl/arp/arp076.html]
[sacred-texts.com/isl/arp/arp077.html]
[sacred-texts.com/isl/arp/arp078.html]
[sacred-texts.com/isl/arp/arp079.html]
[sacred-texts.com/isl/arp/arp080.html]
[sacred-texts.com/isl/arp/arp081.html]
[sacred-texts.com/isl/arp/arp082.html]
[sacred-texts.com/isl/arp/arp083.html]
[sacred-texts.com/isl/arp/arp084.html]
[sacred-texts.com/isl/arp/arp085.html]
[sacred-texts.com/isl/arp/arp086.html]
[sacred-texts.com/isl/arp/arp087.html]
[sacred-texts.com/isl/arp/arp088.html]
[sacred-texts.com/isl/arp/arp089.html]
[sacred-texts.com/isl/arp/arp090.html]
[sacred-texts.com/isl/arp/arp091.html]
[sacred-texts.com/isl/arp/arp092.html]
[sacred-texts.com/isl/arp/arp093.html]
[sacred-texts.com/isl/arp/arp094.html]
[sacred-texts.com/isl/arp/arp095.html]
[sacred-texts.com/isl/arp/arp096.html]
[sacred-texts.com/isl/arp/arp097.html]
[sacred-texts.com/isl/arp/arp098.html]
[sacred-texts.com/isl/arp/arp099.html]
[sacred-texts.com/isl/arp/arp100.html]
[sacred-texts.com/isl/arp/arp101.html]
[sacred-texts.com/isl/arp/arp102.html]
[sacred-texts.com/isl/arp/arp103.html]
[sacred-texts.com/isl/arp/arp104.html]
[sacred-texts.com/isl/arp/arp105.html]
[sacred-texts.com/isl/arp/arp106.html]
[sacred-texts.com/isl/arp/arp107.html]
[sacred-texts.com/isl/arp/arp108.html]
[sacred-texts.com/isl/arp/arp109.html]
[sacred-texts.com/isl/arp/arp110.html]
[sacred-texts.com/isl/arp/arp111.html]
[sacred-texts.com/isl/arp/arp112.html]
[sacred-texts.com/isl/arp/arp113.html]
[sacred-texts.com/isl/arp/arp114.html]
[sacred-texts.com/isl/arp/arp115.html]
[sacred-texts.com/isl/arp/arp116.html]
[sacred-texts.com/isl/arp/arp117.html]
[sacred-texts.com/isl/arp/arp118.html]
[sacred-texts.com/isl/arp/arp119.html]
[sacred-texts.com/isl/arp/arp120.html]
[sacred-texts.com/isl/arp/arp121.html]
[sacred-texts.com/isl/arp/arp122.html]
[sacred-texts.com/isl/arp/arp123.html]
[sacred-texts.com/isl/arp/arp124.html]
[sacred-texts.com/isl/arp/arp125.html]
[sacred-texts.com/isl/arp/arp126.html]
[sacred-texts.com/isl/arp/arp127.html]
[sacred-texts.com/isl/arp/arp128.html]
[sacred-texts.com/isl/arp/arp129.html]
[sacred-texts.com/isl/arp/arp130.html]
[sacred-texts.com/isl/arp/arp131.html]
[sacred-texts.com/isl/arp/arp132.html]
[sacred-texts.com/isl/arp/arp133.html]
[sacred-texts.com/isl/arp/arp134.html]
[sacred-texts.com/isl/arp/arp135.html]
[sacred-texts.com/isl/arp/arp136.html]
[sacred-texts.com/isl/arp/arp137.html]
[sacred-texts.com/isl/arp/arp138.html]
[sacred-texts.com/isl/arp/arp139.html]
[sacred-texts.com/isl/arp/arp140.html]
[sacred-texts.com/isl/arp/arp141.html]
[sacred-texts.com/isl/arp/arp142.html]
[sacred-texts.com/isl/arp/arp143.html]
[sacred-texts.com/isl/arp/arp144.html]
[sacred-texts.com/isl/arp/arp145.html]
[sacred-texts.com/isl/arp/arp146.html]
[sacred-texts.com/isl/arp/arp147.html]
[sacred-texts.com/isl/arp/arp148.html]
[sacred-texts.com/isl/arp/arp149.html]
[sacred-texts.com/isl/arp/arp150.html]
[sacred-texts.com/isl/arp/arp151.html]
[sacred-texts.com/isl/arp/arp152.html]
[sacred-texts.com/isl/arp/arp153.html]
[sacred-texts.com/isl/arp/arp154.html]
[sacred-texts.com/isl/arp/arp155.html]
[sacred-texts.com/isl/arp/arp156.html]
[sacred-texts.com/isl/arp/arp157.html]
[sacred-texts.com/isl/arp/arp158.html]
[sacred-texts.com/isl/arp/arp159.html]
[sacred-texts.com/isl/arp/arp160.html]
[sacred-texts.com/isl/arp/arp161.html]
[sacred-texts.com/isl/arp/arp162.html]
[sacred-texts.com/isl/arp/arp163.html]
[sacred-texts.com/isl/arp/index.html]
[sacred-texts.com/isl/arp/errata.html]
[sacred-texts.com/isl/hpi/library.jpg]
[sacred-texts.com/isl/hpi/hpi00.html]
[sacred-texts.com/isl/hpi/hpi11.html]
[sacred-texts.com/isl/hpi/hpi01.html]
[sacred-texts.com/isl/hpi/hpi02.html]
[sacred-texts.com/isl/hpi/hpi03.html]
[sacred-texts.com/isl/hpi/hpi04.html]
[sacred-texts.com/isl/hpi/hpi05.html]
[sacred-texts.com/isl/hpi/hpi06.html]
[sacred-texts.com/isl/hpi/hpi07.html]
[sacred-texts.com/isl/hpi/hpi08.html]
[sacred-texts.com/isl/hpi/hpi09.html]
[sacred-texts.com/isl/hpi/hpi10.html]
[sacred-texts.com/isl/hpi/hpi12.html]
[sacred-texts.com/isl/hpi/hpi13.html]
[sacred-texts.com/isl/hpi/hpi14.html]
[sacred-texts.com/isl/hpi/hpi15.html]
[sacred-texts.com/isl/hpi/hpi16.html]
[sacred-texts.com/isl/hpi/hpi17.html]
[sacred-texts.com/isl/hpi/hpi18.html]
[sacred-texts.com/isl/hpi/hpi19.html]
[sacred-texts.com/isl/hpi/hpi20.html]
[sacred-texts.com/isl/hpi/hpi21.html]
[sacred-texts.com/isl/hpi/hpi22.html]
[sacred-texts.com/isl/hpi/hpi23.html]
[sacred-texts.com/isl/hpi/hpi24.html]
[sacred-texts.com/isl/hpi/hpi25.html]
[sacred-texts.com/isl/hpi/hpi26.html]
[sacred-texts.com/isl/hpi/index.html]
[sacred-texts.com/isl/hpi/hpi27.html]
[sacred-texts.com/isl/arw/img/cairo.jpg]
[sacred-texts.com/isl/arw/arw00.html]
[sacred-texts.com/isl/arw/pageidx.html]
[sacred-texts.com/isl/arw/arw.txt.gz]
[sacred-texts.com/isl/arw/arw01.html]
[sacred-texts.com/isl/arw/arw02.html]
[sacred-texts.com/isl/arw/arw03.html]
[sacred-texts.com/isl/arw/arw04.html]
[sacred-texts.com/isl/arw/arw05.html]
[sacred-texts.com/isl/arw/arw06.html]
[sacred-texts.com/isl/arw/arw07.html]
[sacred-texts.com/isl/arw/arw08.html]
[sacred-texts.com/isl/arw/arw09.html]
[sacred-texts.com/isl/arw/arw10.html]
[sacred-texts.com/isl/arw/arw11.html]
[sacred-texts.com/isl/arw/arw12.html]
[sacred-texts.com/isl/arw/arw13.html]
[sacred-texts.com/isl/arw/arw14.html]
[sacred-texts.com/isl/arw/arw15.html]
[sacred-texts.com/isl/arw/arw16.html]
[sacred-texts.com/isl/arw/arw17.html]
[sacred-texts.com/isl/arw/arw18.html]
[sacred-texts.com/isl/arw/arw19.html]
[sacred-texts.com/isl/arw/arw20.html]
[sacred-texts.com/isl/arw/arw21.html]
[sacred-texts.com/isl/arw/arw22.html]
[sacred-texts.com/isl/arw/arw23.html]
[sacred-texts.com/isl/arw/arw24.html]
[sacred-texts.com/isl/arw/arw25.html]
[sacred-texts.com/isl/arw/arw26.html]
[sacred-texts.com/isl/arw/arw27.html]
[sacred-texts.com/isl/arw/arw28.html]
[sacred-texts.com/isl/arw/arw29.html]
[sacred-texts.com/isl/arw/arw30.html]
[sacred-texts.com/isl/arw/arw31.html]
[sacred-texts.com/isl/arw/arw32.html]
[sacred-texts.com/isl/arw/arw33.html]
[sacred-texts.com/isl/arw/arw34.html]
[sacred-texts.com/isl/arw/arw35.html]
[sacred-texts.com/isl/arw/arw36.html]
[sacred-texts.com/isl/arw/arw37.html]
[sacred-texts.com/isl/arw/arw38.html]
[sacred-texts.com/isl/arw/arw39.html]
[sacred-texts.com/isl/arw/arw40.html]
[sacred-texts.com/isl/arw/arw41.html]
[sacred-texts.com/isl/arw/arw42.html]
[sacred-texts.com/isl/arw/arw43.html]
[sacred-texts.com/isl/arw/arw44.html]
[sacred-texts.com/isl/arw/arw45.html]
[sacred-texts.com/isl/arw/arw46.html]
[sacred-texts.com/isl/arw/arw47.html]
[sacred-texts.com/isl/arw/arw48.html]
[sacred-texts.com/isl/arw/arw49.html]
[sacred-texts.com/isl/arw/arw50.html]
[sacred-texts.com/isl/arw/arw51.html]
[sacred-texts.com/isl/arw/arw52.html]
[sacred-texts.com/isl/arw/arw53.html]
[sacred-texts.com/isl/arw/arw54.html]
[sacred-texts.com/isl/arw/arw55.html]
[sacred-texts.com/isl/arw/arw56.html]
[sacred-texts.com/isl/arw/arw57.html]
[sacred-texts.com/isl/arw/index.html]
[sacred-texts.com/isl/arw/arw58.html]
[sacred-texts.com/isl/mhm/img/maqamat.jpg]
[sacred-texts.com/isl/mhm/mhm00.html]
[sacred-texts.com/isl/mhm/mhm38.html]
[sacred-texts.com/isl/mhm/mhm01.html]
[sacred-texts.com/isl/mhm/mhm02.html]
[sacred-texts.com/isl/mhm/mhm03.html]
[sacred-texts.com/isl/mhm/mhm04.html]
[sacred-texts.com/isl/mhm/mhm05.html]
[sacred-texts.com/isl/mhm/mhm06.html]
[sacred-texts.com/isl/mhm/mhm07.html]
[sacred-texts.com/isl/mhm/mhm08.html]
[sacred-texts.com/isl/mhm/mhm09.html]
[sacred-texts.com/isl/mhm/mhm10.html]
[sacred-texts.com/isl/mhm/mhm11.html]
[sacred-texts.com/isl/mhm/mhm12.html]
[sacred-texts.com/isl/mhm/mhm13.html]
[sacred-texts.com/isl/mhm/mhm14.html]
[sacred-texts.com/isl/mhm/mhm15.html]
[sacred-texts.com/isl/mhm/mhm16.html]
[sacred-texts.com/isl/mhm/mhm17.html]
[sacred-texts.com/isl/mhm/mhm18.html]
[sacred-texts.com/isl/mhm/mhm19.html]
[sacred-texts.com/isl/mhm/mhm20.html]
[sacred-texts.com/isl/mhm/mhm21.html]
[sacred-texts.com/isl/mhm/mhm22.html]
[sacred-texts.com/isl/mhm/mhm23.html]
[sacred-texts.com/isl/mhm/mhm24.html]
[sacred-texts.com/isl/mhm/mhm25.html]
[sacred-texts.com/isl/mhm/mhm26.html]
[sacred-texts.com/isl/mhm/mhm27.html]
[sacred-texts.com/isl/mhm/mhm28.html]
[sacred-texts.com/isl/mhm/mhm29.html]
[sacred-texts.com/isl/mhm/mhm30.html]
[sacred-texts.com/isl/mhm/mhm31.html]
[sacred-texts.com/isl/mhm/mhm32.html]
[sacred-texts.com/isl/mhm/mhm33.html]
[sacred-texts.com/isl/mhm/mhm34.html]
[sacred-texts.com/isl/mhm/mhm35.html]
[sacred-texts.com/isl/mhm/mhm36.html]
[sacred-texts.com/isl/mhm/mhm37.html]
[sacred-texts.com/isl/mhm/mhm39.html]
[sacred-texts.com/isl/mhm/mhm40.html]
[sacred-texts.com/isl/mhm/mhm41.html]
[sacred-texts.com/isl/mhm/mhm42.html]
[sacred-texts.com/isl/mhm/mhm43.html]
[sacred-texts.com/isl/mhm/mhm44.html]
[sacred-texts.com/isl/mhm/mhm45.html]
[sacred-texts.com/isl/mhm/mhm46.html]
[sacred-texts.com/isl/mhm/mhm47.html]
[sacred-texts.com/isl/mhm/mhm48.html]
[sacred-texts.com/isl/mhm/mhm49.html]
[sacred-texts.com/isl/mhm/mhm50.html]
[sacred-texts.com/isl/mhm/mhm51.html]
[sacred-texts.com/isl/mhm/mhm52.html]
[sacred-texts.com/isl/mhm/mhm53.html]
[sacred-texts.com/isl/mhm/mhm54.html]
[sacred-texts.com/isl/mhm/mhm55.html]
[sacred-texts.com/isl/mhm/mhm56.html]
[sacred-texts.com/isl/mhm/mhm57.html]
[sacred-texts.com/isl/mhm/mhm58.html]
[sacred-texts.com/isl/mhm/index.html]
[sacred-texts.com/isl/mhm/errata.html]
[sacred-texts.com/isl/isl/bism.jpg]
[sacred-texts.com/isl/isl/isl00.html]
[sacred-texts.com/isl/isl/isl01.html]
[sacred-texts.com/isl/isl/isl02.html]
[sacred-texts.com/isl/isl/isl03.html]
[sacred-texts.com/isl/isl/isl04.html]
[sacred-texts.com/isl/isl/isl05.html]
[sacred-texts.com/isl/isl/isl06.html]
[sacred-texts.com/isl/isl/isl07.html]
[sacred-texts.com/isl/isl/isl08.html]
[sacred-texts.com/isl/isl/isl09.html]
[sacred-texts.com/isl/isl/isl10.html]
[sacred-texts.com/isl/isl/isl11.html]
[sacred-texts.com/isl/isl/isl12.html]
[sacred-texts.com/isl/isl/isl13.html]
[sacred-texts.com/isl/isl/isl14.html]
[sacred-texts.com/isl/isl/isl15.html]
[sacred-texts.com/isl/isl/isl16.html]
[sacred-texts.com/isl/isl/isl17.html]
[sacred-texts.com/isl/isl/isl18.html]
[sacred-texts.com/isl/isl/isl19.html]
[sacred-texts.com/isl/isl/isl20.html]
[sacred-texts.com/isl/isl/isl21.html]
[sacred-texts.com/isl/isl/isl22.html]
[sacred-texts.com/isl/isl/isl23.html]
[sacred-texts.com/isl/isl/isl24.html]
[sacred-texts.com/isl/isl/isl25.html]
[sacred-texts.com/isl/isl/isl26.html]
[sacred-texts.com/isl/isl/isl27.html]
[sacred-texts.com/isl/isl/isl28.html]
[sacred-texts.com/isl/isl/isl29.html]
[sacred-texts.com/isl/isl/isl30.html]
[sacred-texts.com/isl/isl/isl31.html]
[sacred-texts.com/isl/isl/isl32.html]
[sacred-texts.com/isl/isl/isl33.html]
[sacred-texts.com/isl/isl/isl34.html]
[sacred-texts.com/isl/isl/isl35.html]
[sacred-texts.com/isl/isl/isl36.html]
[sacred-texts.com/isl/isl/isl37.html]
[sacred-texts.com/isl/isl/isl38.html]
[sacred-texts.com/isl/isl/isl39.html]
[sacred-texts.com/isl/isl/isl40.html]
[sacred-texts.com/isl/isl/isl41.html]
[sacred-texts.com/isl/isl/isl42.html]
[sacred-texts.com/isl/isl/isl43.html]
[sacred-texts.com/isl/isl/index.html]
[sacred-texts.com/isl/isl/errata.html]
[sacred-texts.com/isl/palf/palf00.html]
[sacred-texts.com/isl/palf/palf01.html]
[sacred-texts.com/isl/palf/palf02.html]
[sacred-texts.com/isl/palf/palf03.html]
[sacred-texts.com/isl/palf/palf04.html]
[sacred-texts.com/isl/palf/palf05.html]
[sacred-texts.com/isl/palf/palf06.html]
[sacred-texts.com/isl/palf/palf07.html]
[sacred-texts.com/isl/palf/palf08.html]
[sacred-texts.com/isl/palf/palf09.html]
[sacred-texts.com/isl/palf/palf10.html]
[sacred-texts.com/isl/palf/palf11.html]
[sacred-texts.com/isl/palf/palf12.html]
[sacred-texts.com/isl/palf/index.html]
[sacred-texts.com/isl/palf/palf13.html]
[sacred-texts.com/isl/dmt/img/prayer.jpg]
[sacred-texts.com/isl/dmt/dmt00.html]
[sacred-texts.com/isl/dmt/dmt01.html]
[sacred-texts.com/isl/dmt/dmt02.html]
[sacred-texts.com/isl/dmt/dmt03.html]
[sacred-texts.com/isl/dmt/dmt04.html]
[sacred-texts.com/isl/dmt/dmt05.html]
[sacred-texts.com/isl/dmt/dmt06.html]
[sacred-texts.com/isl/dmt/dmt07.html]
[sacred-texts.com/isl/dmt/dmt08.html]
[sacred-texts.com/isl/dmt/dmt09.html]
[sacred-texts.com/isl/dmt/dmt10.html]
[sacred-texts.com/isl/dmt/dmt11.html]
[sacred-texts.com/isl/dmt/dmt12.html]
[sacred-texts.com/isl/dmt/dmt13.html]
[sacred-texts.com/isl/dmt/dmt14.html]
[sacred-texts.com/isl/dmt/dmt15.html]
[sacred-texts.com/isl/dmt/dmt16.html]
[sacred-texts.com/isl/dmt/dmt17.html]
[sacred-texts.com/isl/dmt/dmt18.html]
[sacred-texts.com/isl/dmt/dmt19.html]
[sacred-texts.com/isl/dmt/dmt20.html]
[sacred-texts.com/isl/dmt/dmt21.html]
[sacred-texts.com/isl/dmt/dmt22.html]
[sacred-texts.com/isl/dmt/dmt23.html]
[sacred-texts.com/isl/dmt/dmt24.html]
[sacred-texts.com/isl/dmt/dmt25.html]
[sacred-texts.com/isl/dmt/dmt26.html]
[sacred-texts.com/isl/dmt/dmt27.html]
[sacred-texts.com/isl/dmt/dmt28.html]
[sacred-texts.com/isl/dmt/dmt29.html]
[sacred-texts.com/isl/dmt/dmt30.html]
[sacred-texts.com/isl/dmt/dmt31.html]
[sacred-texts.com/isl/dmt/index.html]
[sacred-texts.com/isl/dmt/errata.html]
[sacred-texts.com/isl/bkt/bkt06.html]
[sacred-texts.com/isl/bkt/bkt09.html]
[sacred-texts.com/isl/bkt/bkt00.html]
[sacred-texts.com/isl/bkt/bkt01.html]
[sacred-texts.com/isl/bkt/bkt02.html]
[sacred-texts.com/isl/bkt/bkt03.html]
[sacred-texts.com/isl/bkt/bkt04.html]
[sacred-texts.com/isl/bkt/bkt05.html]
[sacred-texts.com/isl/bkt/bkt07.html]
[sacred-texts.com/isl/bkt/bkt08.html]
[sacred-texts.com/isl/bkt/bkt10.html]
[sacred-texts.com/isl/bkt/bkt11.html]
[sacred-texts.com/isl/bkt/index.html]
[sacred-texts.com/isl/bkt/bkt12.html]
[sacred-texts.com/isl/hanged/hanged0.html]
[sacred-texts.com/isl/hanged/hanged1.html]
[sacred-texts.com/isl/hanged/hanged2.html]
[sacred-texts.com/isl/hanged/index.html]
[sacred-texts.com/isl/hanged/hanged3.html]
[sacred-texts.com/isl/cii/index.html]
[sacred-texts.com/isl/cii/cii.html]
[sacred-texts.com/isl/gbar/gbar001.html]
[sacred-texts.com/isl/gbar/gbar002.html]
[sacred-texts.com/isl/gbar/gbar003.html]
[sacred-texts.com/isl/gbar/gbar004.html]
[sacred-texts.com/isl/gbar/gbar005.html]
[sacred-texts.com/isl/gbar/gbar006.html]
[sacred-texts.com/isl/gbar/gbar007.html]
[sacred-texts.com/isl/gbar/gbar008.html]
[sacred-texts.com/isl/gbar/gbar009.html]
[sacred-texts.com/isl/gbar/gbar010.html]
[sacred-texts.com/isl/gbar/gbar011.html]
[sacred-texts.com/isl/gbar/gbar012.html]
[sacred-texts.com/isl/gbar/gbar013.html]
[sacred-texts.com/isl/gbar/gbar014.html]
[sacred-texts.com/isl/gbar/gbar015.html]
[sacred-texts.com/isl/gbar/gbar016.html]
[sacred-texts.com/isl/gbar/gbar017.html]
[sacred-texts.com/isl/gbar/gbar018.html]
[sacred-texts.com/isl/gbar/gbar019.html]
[sacred-texts.com/isl/gbar/gbar020.html]
[sacred-texts.com/isl/gbar/gbar021.html]
[sacred-texts.com/isl/gbar/gbar022.html]
[sacred-texts.com/isl/gbar/gbar023.html]
[sacred-texts.com/isl/gbar/gbar024.html]
[sacred-texts.com/isl/gbar/gbar025.html]
[sacred-texts.com/isl/gbar/gbar026.html]
[sacred-texts.com/isl/gbar/gbar027.html]
[sacred-texts.com/isl/gbar/gbar028.html]
[sacred-texts.com/isl/gbar/gbar029.html]
[sacred-texts.com/isl/gbar/gbar030.html]
[sacred-texts.com/isl/gbar/gbar031.html]
[sacred-texts.com/isl/gbar/gbar032.html]
[sacred-texts.com/isl/gbar/gbar033.html]
[sacred-texts.com/isl/gbar/gbar034.html]
[sacred-texts.com/isl/gbar/gbar035.html]
[sacred-texts.com/isl/gbar/gbar036.html]
[sacred-texts.com/isl/gbar/gbar037.html]
[sacred-texts.com/isl/gbar/gbar038.html]
[sacred-texts.com/isl/gbar/gbar039.html]
[sacred-texts.com/isl/gbar/gbar040.html]
[sacred-texts.com/isl/gbar/gbar041.html]
[sacred-texts.com/isl/gbar/gbar042.html]
[sacred-texts.com/isl/gbar/gbar043.html]
[sacred-texts.com/isl/gbar/gbar044.html]
[sacred-texts.com/isl/gbar/gbar045.html]
[sacred-texts.com/isl/gbar/gbar046.html]
[sacred-texts.com/isl/gbar/gbar047.html]
[sacred-texts.com/isl/gbar/gbar048.html]
[sacred-texts.com/isl/gbar/gbar049.html]
[sacred-texts.com/isl/gbar/gbar050.html]
[sacred-texts.com/isl/gbar/gbar051.html]
[sacred-texts.com/isl/gbar/gbar052.html]
[sacred-texts.com/isl/gbar/gbar053.html]
[sacred-texts.com/isl/gbar/gbar054.html]
[sacred-texts.com/isl/gbar/gbar055.html]
[sacred-texts.com/isl/gbar/gbar056.html]
[sacred-texts.com/isl/gbar/gbar057.html]
[sacred-texts.com/isl/gbar/gbar058.html]
[sacred-texts.com/isl/gbar/gbar059.html]
[sacred-texts.com/isl/gbar/gbar060.html]
[sacred-texts.com/isl/gbar/gbar061.html]
[sacred-texts.com/isl/gbar/gbar062.html]
[sacred-texts.com/isl/gbar/gbar063.html]
[sacred-texts.com/isl/gbar/gbar064.html]
[sacred-texts.com/isl/gbar/gbar065.html]
[sacred-texts.com/isl/gbar/gbar066.html]
[sacred-texts.com/isl/gbar/gbar067.html]
[sacred-texts.com/isl/gbar/gbar068.html]
[sacred-texts.com/isl/gbar/gbar069.html]
[sacred-texts.com/isl/gbar/gbar070.html]
[sacred-texts.com/isl/gbar/gbar071.html]
[sacred-texts.com/isl/gbar/gbar072.html]
[sacred-texts.com/isl/gbar/gbar073.html]
[sacred-texts.com/isl/gbar/gbar074.html]
[sacred-texts.com/isl/gbar/gbar075.html]
[sacred-texts.com/isl/gbar/gbar076.html]
[sacred-texts.com/isl/gbar/gbar077.html]
[sacred-texts.com/isl/gbar/gbar078.html]
[sacred-texts.com/isl/gbar/gbar079.html]
[sacred-texts.com/isl/gbar/gbar080.html]
[sacred-texts.com/isl/gbar/gbar081.html]
[sacred-texts.com/isl/gbar/gbar082.html]
[sacred-texts.com/isl/gbar/gbar083.html]
[sacred-texts.com/isl/gbar/gbar084.html]
[sacred-texts.com/isl/gbar/gbar085.html]
[sacred-texts.com/isl/gbar/gbar086.html]
[sacred-texts.com/isl/gbar/gbar087.html]
[sacred-texts.com/isl/gbar/gbar088.html]
[sacred-texts.com/isl/gbar/gbar089.html]
[sacred-texts.com/isl/gbar/gbar090.html]
[sacred-texts.com/isl/gbar/gbar091.html]
[sacred-texts.com/isl/gbar/gbar092.html]
[sacred-texts.com/isl/gbar/gbar093.html]
[sacred-texts.com/isl/gbar/gbar094.html]
[sacred-texts.com/isl/gbar/gbar095.html]
[sacred-texts.com/isl/gbar/gbar096.html]
[sacred-texts.com/isl/gbar/gbar097.html]
[sacred-texts.com/isl/gbar/gbar098.html]
[sacred-texts.com/isl/gbar/gbar099.html]
[sacred-texts.com/isl/gbar/gbar100.html]
[sacred-texts.com/isl/gbar/gbar101.html]
[sacred-texts.com/isl/gbar/gbar102.html]
[sacred-texts.com/isl/gbar/gbar103.html]
[sacred-texts.com/isl/gbar/gbar104.html]
[sacred-texts.com/isl/gbar/gbar105.html]
[sacred-texts.com/isl/gbar/gbar106.html]
[sacred-texts.com/isl/gbar/gbar107.html]
[sacred-texts.com/isl/gbar/gbar108.html]
[sacred-texts.com/isl/gbar/gbar109.html]
[sacred-texts.com/isl/gbar/gbar110.html]
[sacred-texts.com/isl/gbar/gbar111.html]
[sacred-texts.com/isl/gbar/gbar112.html]
[sacred-texts.com/isl/gbar/gbar113.html]
[sacred-texts.com/isl/gbar/gbar114.html]
[sacred-texts.com/isl/gbar/gbar115.html]
[sacred-texts.com/isl/gbar/gbar116.html]
[sacred-texts.com/isl/gbar/gbar117.html]
[sacred-texts.com/isl/gbar/gbar118.html]
[sacred-texts.com/isl/gbar/gbar119.html]
[sacred-texts.com/isl/gbar/gbar120.html]
[sacred-texts.com/isl/gbar/gbar121.html]
[sacred-texts.com/isl/gbar/gbar122.html]
[sacred-texts.com/isl/gbar/gbar123.html]
[sacred-texts.com/isl/gbar/gbar124.html]
[sacred-texts.com/isl/gbar/gbar125.html]
[sacred-texts.com/isl/gbar/gbar126.html]
[sacred-texts.com/isl/gbar/gbar127.html]
[sacred-texts.com/isl/gbar/gbar128.html]
[sacred-texts.com/isl/gbar/gbar129.html]
[sacred-texts.com/isl/gbar/gbar130.html]
[sacred-texts.com/isl/gbar/gbar131.html]
[sacred-texts.com/isl/gbar/gbar132.html]
[sacred-texts.com/isl/gbar/gbar133.html]
[sacred-texts.com/isl/gbar/gbar134.html]
[sacred-texts.com/isl/gbar/gbar135.html]
[sacred-texts.com/isl/gbar/gbar136.html]
[sacred-texts.com/isl/gbar/gbar137.html]
[sacred-texts.com/isl/gbar/gbar138.html]
[sacred-texts.com/isl/gbar/gbar139.html]
[sacred-texts.com/isl/gbar/gbar140.html]
[sacred-texts.com/isl/gbar/gbar141.html]
[sacred-texts.com/isl/gbar/gbar142.html]
[sacred-texts.com/isl/gbar/gbar143.html]
[sacred-texts.com/isl/gbar/gbar144.html]
[sacred-texts.com/isl/gbar/gbar145.html]
[sacred-texts.com/isl/gbar/gbar146.html]
[sacred-texts.com/isl/gbar/gbar147.html]
[sacred-texts.com/isl/gbar/gbar148.html]
[sacred-texts.com/isl/gbar/gbar149.html]
[sacred-texts.com/isl/gbar/gbar150.html]
[sacred-texts.com/isl/gbar/gbar151.html]
[sacred-texts.com/isl/gbar/gbar152.html]
[sacred-texts.com/isl/gbar/gbar153.html]
[sacred-texts.com/isl/gbar/gbar154.html]
[sacred-texts.com/isl/gbar/gbar155.html]
[sacred-texts.com/isl/gbar/gbar156.html]
[sacred-texts.com/isl/gbar/gbar157.html]
[sacred-texts.com/isl/gbar/gbar158.html]
[sacred-texts.com/isl/gbar/gbar159.html]
[sacred-texts.com/isl/gbar/gbar160.html]
[sacred-texts.com/isl/gbar/gbar161.html]
[sacred-texts.com/isl/gbar/gbar162.html]
[sacred-texts.com/isl/gbar/gbar163.html]
[sacred-texts.com/isl/gbar/gbar164.html]
[sacred-texts.com/isl/gbar/gbar165.html]
[sacred-texts.com/isl/gbar/gbar166.html]
[sacred-texts.com/isl/gbar/gbar167.html]
[sacred-texts.com/isl/gbar/gbar168.html]
[sacred-texts.com/isl/gbar/gbar169.html]
[sacred-texts.com/isl/gbar/gbar170.html]
[sacred-texts.com/isl/gbar/gbar171.html]
[sacred-texts.com/isl/gbar/gbar172.html]
[sacred-texts.com/isl/gbar/gbar173.html]
[sacred-texts.com/isl/gbar/gbar174.html]
[sacred-texts.com/isl/gbar/gbar175.html]
[sacred-texts.com/isl/gbar/gbar176.html]
[sacred-texts.com/isl/gbar/gbar177.html]
[sacred-texts.com/isl/gbar/gbar178.html]
[sacred-texts.com/isl/gbar/gbar179.html]
[sacred-texts.com/isl/gbar/gbar180.html]
[sacred-texts.com/isl/gbar/gbar181.html]
[sacred-texts.com/isl/gbar/gbar182.html]
[sacred-texts.com/isl/gbar/gbar183.html]
[sacred-texts.com/isl/gbar/gbar184.html]
[sacred-texts.com/isl/gbar/gbar185.html]
[sacred-texts.com/isl/gbar/gbar186.html]
[sacred-texts.com/isl/gbar/gbar187.html]
[sacred-texts.com/isl/gbar/gbar188.html]
[sacred-texts.com/isl/gbar/gbar189.html]
[sacred-texts.com/isl/gbar/gbar190.html]
[sacred-texts.com/isl/gbar/gbar191.html]
[sacred-texts.com/isl/gbar/gbar192.html]
[sacred-texts.com/isl/gbar/gbar193.html]
[sacred-texts.com/isl/gbar/gbar194.html]
[sacred-texts.com/isl/gbar/gbar195.html]
[sacred-texts.com/isl/gbar/gbar196.html]
[sacred-texts.com/isl/gbar/gbar197.html]
[sacred-texts.com/isl/gbar/gbar198.html]
[sacred-texts.com/isl/gbar/gbar199.html]
[sacred-texts.com/isl/gbar/gbar200.html]
[sacred-texts.com/isl/gbar/gbar201.html]
[sacred-texts.com/isl/gbar/gbar202.html]
[sacred-texts.com/isl/gbar/gbar203.html]
[sacred-texts.com/isl/gbar/gbar204.html]
[sacred-texts.com/isl/gbar/gbar205.html]
[sacred-texts.com/isl/gbar/gbar206.html]
[sacred-texts.com/isl/gbar/gbar207.html]
[sacred-texts.com/isl/gbar/gbar208.html]
[sacred-texts.com/isl/gbar/gbar209.html]
[sacred-texts.com/isl/gbar/gbar210.html]
[sacred-texts.com/isl/gbar/gbar211.html]
[sacred-texts.com/isl/gbar/gbar212.html]
[sacred-texts.com/isl/gbar/gbar213.html]
[sacred-texts.com/isl/gbar/gbar214.html]
[sacred-texts.com/isl/gbar/gbar215.html]
[sacred-texts.com/isl/gbar/gbar216.html]
[sacred-texts.com/isl/gbar/gbar217.html]
[sacred-texts.com/isl/gbar/gbar218.html]
[sacred-texts.com/isl/gbar/gbar219.html]
[sacred-texts.com/isl/gbar/gbar220.html]
[sacred-texts.com/isl/gbar/gbar221.html]
[sacred-texts.com/isl/gbar/index.html]
[sacred-texts.com/isl/isma/index.html]
[sacred-texts.com/isl/gbar/gbar222.html]
[sacred-texts.com/isl/pro/img/procov.jpg]
[sacred-texts.com/isl/pro/pro00.html]
[sacred-texts.com/isl/pro/facade.html]
[sacred-texts.com/isl/pro/intro.html]
[sacred-texts.com/isl/pro/i2e.html]
[sacred-texts.com/isl/pro/adam00.html]
[sacred-texts.com/isl/pro/adam01.html]
[sacred-texts.com/isl/pro/adam02.html]
[sacred-texts.com/isl/pro/adam03.html]
[sacred-texts.com/isl/pro/adam04.html]
[sacred-texts.com/isl/pro/adam05.html]
[sacred-texts.com/isl/pro/adam06.html]
[sacred-texts.com/isl/pro/adam07.html]
[sacred-texts.com/isl/pro/adam08.html]
[sacred-texts.com/isl/pro/adam09.html]
[sacred-texts.com/isl/pro/adam10.html]
[sacred-texts.com/isl/pro/adam11.html]
[sacred-texts.com/isl/pro/adam12.html]
[sacred-texts.com/isl/pro/adam13.html]
[sacred-texts.com/isl/pro/adam14.html]
[sacred-texts.com/isl/pro/adam15.html]
[sacred-texts.com/isl/pro/enoc00.html]
[sacred-texts.com/isl/pro/enoc01.html]
[sacred-texts.com/isl/pro/noa00.html]
[sacred-texts.com/isl/pro/noa01.html]
[sacred-texts.com/isl/pro/noa02.html]
[sacred-texts.com/isl/pro/noa03.html]
[sacred-texts.com/isl/pro/hud00.html]
[sacred-texts.com/isl/pro/hud01.html]
[sacred-texts.com/isl/pro/hud02.html]
[sacred-texts.com/isl/pro/hud03.html]
[sacred-texts.com/isl/pro/hud04.html]
[sacred-texts.com/isl/pro/sal00.html]
[sacred-texts.com/isl/pro/sal01.html]
[sacred-texts.com/isl/pro/sal02.html]
[sacred-texts.com/isl/pro/abr01.html]
[sacred-texts.com/isl/pro/abr02.html]
[sacred-texts.com/isl/pro/abr03.html]
[sacred-texts.com/isl/pro/abr04.html]
[sacred-texts.com/isl/pro/abr05.html]
[sacred-texts.com/isl/pro/abr06.html]
[sacred-texts.com/isl/pro/abr07.html]
[sacred-texts.com/isl/pro/abr08.html]
[sacred-texts.com/isl/pro/abr09.html]
[sacred-texts.com/isl/pro/abr10.html]
[sacred-texts.com/isl/pro/abr11.html]
[sacred-texts.com/isl/pro/isa00.html]
[sacred-texts.com/isl/pro/lot00.html]
[sacred-texts.com/isl/pro/lot01.html]
[sacred-texts.com/isl/pro/lot02.html]
[sacred-texts.com/isl/pro/lot03.html]
[sacred-texts.com/isl/pro/lot04.html]
[sacred-texts.com/isl/pro/lot05.html]
[sacred-texts.com/isl/pro/jj00.html]
[sacred-texts.com/isl/pro/jj01.html]
[sacred-texts.com/isl/pro/jj02.html]
[sacred-texts.com/isl/pro/jj03.html]
[sacred-texts.com/isl/pro/jj04.html]
[sacred-texts.com/isl/pro/jj05.html]
[sacred-texts.com/isl/pro/jj06.html]
[sacred-texts.com/isl/pro/jj07.html]
[sacred-texts.com/isl/pro/jj08.html]
[sacred-texts.com/isl/pro/jj09.html]
[sacred-texts.com/isl/pro/qar00.html]
[sacred-texts.com/isl/pro/qar01.html]
[sacred-texts.com/isl/pro/qar02.html]
[sacred-texts.com/isl/pro/qar03.html]
[sacred-texts.com/isl/pro/job00.html]
[sacred-texts.com/isl/pro/job01.html]
[sacred-texts.com/isl/pro/job02.html]
[sacred-texts.com/isl/pro/jet00.html]
[sacred-texts.com/isl/pro/mos00.html]
[sacred-texts.com/isl/pro/mos01.html]
[sacred-texts.com/isl/pro/mos02.html]
[sacred-texts.com/isl/pro/mos03.html]
[sacred-texts.com/isl/pro/mos04.html]
[sacred-texts.com/isl/pro/mos05.html]
[sacred-texts.com/isl/pro/mos06.html]
[sacred-texts.com/isl/pro/mos07.html]
[sacred-texts.com/isl/pro/mos08.html]
[sacred-texts.com/isl/pro/mos09.html]
[sacred-texts.com/isl/pro/mos10.html]
[sacred-texts.com/isl/pro/mos11.html]
[sacred-texts.com/isl/pro/mos12.html]
[sacred-texts.com/isl/pro/mos13.html]
[sacred-texts.com/isl/pro/mos14.html]
[sacred-texts.com/isl/pro/mos15.html]
[sacred-texts.com/isl/pro/mos16.html]
[sacred-texts.com/isl/pro/mos17.html]
[sacred-texts.com/isl/pro/mos18.html]
[sacred-texts.com/isl/pro/mos19.html]
[sacred-texts.com/isl/pro/mos20.html]
[sacred-texts.com/isl/pro/mos21.html]
[sacred-texts.com/isl/pro/mos22.html]
[sacred-texts.com/isl/pro/mos23.html]
[sacred-texts.com/isl/pro/mos24.html]
[sacred-texts.com/isl/pro/mos25.html]
[sacred-texts.com/isl/pro/mos26.html]
[sacred-texts.com/isl/pro/mos27.html]
[sacred-texts.com/isl/pro/mos28.html]
[sacred-texts.com/isl/pro/mos29.html]
[sacred-texts.com/isl/pro/grp00.html]
[sacred-texts.com/isl/pro/grp01.html]
[sacred-texts.com/isl/pro/grp02.html]
[sacred-texts.com/isl/pro/grp03.html]
[sacred-texts.com/isl/pro/grp04.html]
[sacred-texts.com/isl/pro/dav00.html]
[sacred-texts.com/isl/pro/dav01.html]
[sacred-texts.com/isl/pro/dav02.html]
[sacred-texts.com/isl/pro/dav03.html]
[sacred-texts.com/isl/pro/dav04.html]
[sacred-texts.com/isl/pro/jon00.html]
[sacred-texts.com/isl/pro/zjo00.html]
[sacred-texts.com/isl/pro/zjo01.html]
[sacred-texts.com/isl/pro/jes00.html]
[sacred-texts.com/isl/pro/jes01.html]
[sacred-texts.com/isl/pro/jes02.html]
[sacred-texts.com/isl/pro/jes03.html]
[sacred-texts.com/isl/pro/jes04.html]
[sacred-texts.com/isl/pro/jes05.html]
[sacred-texts.com/isl/pro/jes06.html]
[sacred-texts.com/isl/pro/jes07.html]
[sacred-texts.com/isl/pro/jes08.html]
[sacred-texts.com/isl/pro/jes09.html]
[sacred-texts.com/isl/pro/jes10.html]
[sacred-texts.com/isl/pro/jes11.html]
[sacred-texts.com/isl/pro/jes12.html]
[sacred-texts.com/isl/pro/dan00.html]
[sacred-texts.com/isl/pro/eja00.html]
[sacred-texts.com/isl/pro/eja01.html]
[sacred-texts.com/isl/pro/eja02.html]
[sacred-texts.com/isl/pro/geo00.html]
[sacred-texts.com/isl/pro/index.html]
[sacred-texts.com/isl/kumayl/kum.html]
[sacred-texts.com/isl/pro/geo01.html]
[sacred-texts.com/isl/mub/img/dsc00988.jpg]
[sacred-texts.com/isl/mub/mub.html]
[sacred-texts.com/isl/hus/hus01.html]
[sacred-texts.com/isl/hus/hus02.html]
[sacred-texts.com/isl/hus/index.html]
[sacred-texts.com/isl/hus/hus03.html]
[sacred-texts.com/isl/hus/hus04.html]
[sacred-texts.com/isl/hmz/mfjn.jpg]
[sacred-texts.com/isl/hmz/hmz.html]
[sacred-texts.com/isl/hpi/errata.html]
[sacred-texts.com/isl/sal/sal000.html]
[sacred-texts.com/isl/sal/sal001.html]
[sacred-texts.com/isl/sal/sal002.html]
[sacred-texts.com/isl/sal/sal003.html]
[sacred-texts.com/isl/sal/sal004.html]
[sacred-texts.com/isl/sal/sal005.html]
[sacred-texts.com/isl/sal/sal006.html]
[sacred-texts.com/isl/sal/sal007.html]
[sacred-texts.com/isl/sal/sal008.html]
[sacred-texts.com/isl/sal/sal009.html]
[sacred-texts.com/isl/sal/sal010.html]
[sacred-texts.com/isl/sal/sal011.html]
[sacred-texts.com/isl/sal/sal012.html]
[sacred-texts.com/isl/sal/sal013.html]
[sacred-texts.com/isl/sal/sal014.html]
[sacred-texts.com/isl/sal/sal015.html]
[sacred-texts.com/isl/sal/sal016.html]
[sacred-texts.com/isl/sal/sal017.html]
[sacred-texts.com/isl/sal/sal018.html]
[sacred-texts.com/isl/sal/sal019.html]
[sacred-texts.com/isl/sal/sal020.html]
[sacred-texts.com/isl/sal/sal021.html]
[sacred-texts.com/isl/sal/sal022.html]
[sacred-texts.com/isl/sal/sal023.html]
[sacred-texts.com/isl/sal/sal024.html]
[sacred-texts.com/isl/sal/sal025.html]
[sacred-texts.com/isl/sal/sal026.html]
[sacred-texts.com/isl/sal/sal027.html]
[sacred-texts.com/isl/sal/sal028.html]
[sacred-texts.com/isl/sal/sal029.html]
[sacred-texts.com/isl/sal/sal030.html]
[sacred-texts.com/isl/sal/sal031.html]
[sacred-texts.com/isl/sal/sal032.html]
[sacred-texts.com/isl/sal/sal033.html]
[sacred-texts.com/isl/sal/sal034.html]
[sacred-texts.com/isl/sal/sal035.html]
[sacred-texts.com/isl/sal/sal036.html]
[sacred-texts.com/isl/sal/sal037.html]
[sacred-texts.com/isl/sal/sal038.html]
[sacred-texts.com/isl/sal/sal039.html]
[sacred-texts.com/isl/sal/sal040.html]
[sacred-texts.com/isl/sal/sal041.html]
[sacred-texts.com/isl/sal/sal042.html]
[sacred-texts.com/isl/sal/sal043.html]
[sacred-texts.com/isl/sal/sal044.html]
[sacred-texts.com/isl/sal/sal045.html]
[sacred-texts.com/isl/sal/sal046.html]
[sacred-texts.com/isl/sal/sal047.html]
[sacred-texts.com/isl/sal/sal048.html]
[sacred-texts.com/isl/sal/sal049.html]
[sacred-texts.com/isl/sal/sal050.html]
[sacred-texts.com/isl/sal/sal051.html]
[sacred-texts.com/isl/sal/sal052.html]
[sacred-texts.com/isl/sal/sal053.html]
[sacred-texts.com/isl/sal/sal054.html]
[sacred-texts.com/isl/sal/sal055.html]
[sacred-texts.com/isl/sal/sal056.html]
[sacred-texts.com/isl/sal/sal057.html]
[sacred-texts.com/isl/sal/sal058.html]
[sacred-texts.com/isl/sal/sal059.html]
[sacred-texts.com/isl/sal/sal060.html]
[sacred-texts.com/isl/sal/sal061.html]
[sacred-texts.com/isl/sal/sal062.html]
[sacred-texts.com/isl/sal/sal063.html]
[sacred-texts.com/isl/sal/sal064.html]
[sacred-texts.com/isl/sal/sal065.html]
[sacred-texts.com/isl/sal/sal066.html]
[sacred-texts.com/isl/sal/sal067.html]
[sacred-texts.com/isl/sal/sal068.html]
[sacred-texts.com/isl/sal/sal069.html]
[sacred-texts.com/isl/sal/sal070.html]
[sacred-texts.com/isl/sal/sal071.html]
[sacred-texts.com/isl/sal/sal072.html]
[sacred-texts.com/isl/sal/sal073.html]
[sacred-texts.com/isl/sal/sal074.html]
[sacred-texts.com/isl/sal/sal075.html]
[sacred-texts.com/isl/sal/sal076.html]
[sacred-texts.com/isl/sal/sal077.html]
[sacred-texts.com/isl/sal/sal078.html]
[sacred-texts.com/isl/sal/sal079.html]
[sacred-texts.com/isl/sal/sal080.html]
[sacred-texts.com/isl/sal/sal081.html]
[sacred-texts.com/isl/sal/sal082.html]
[sacred-texts.com/isl/sal/sal083.html]
[sacred-texts.com/isl/sal/sal084.html]
[sacred-texts.com/isl/sal/sal085.html]
[sacred-texts.com/isl/sal/sal086.html]
[sacred-texts.com/isl/sal/sal087.html]
[sacred-texts.com/isl/sal/sal088.html]
[sacred-texts.com/isl/sal/sal089.html]
[sacred-texts.com/isl/sal/sal090.html]
[sacred-texts.com/isl/sal/sal091.html]
[sacred-texts.com/isl/sal/sal092.html]
[sacred-texts.com/isl/sal/sal093.html]
[sacred-texts.com/isl/sal/sal094.html]
[sacred-texts.com/isl/sal/sal095.html]
[sacred-texts.com/isl/sal/sal096.html]
[sacred-texts.com/isl/sal/sal097.html]
[sacred-texts.com/isl/sal/sal098.html]
[sacred-texts.com/isl/sal/sal099.html]
[sacred-texts.com/isl/sal/sal100.html]
[sacred-texts.com/isl/sal/sal101.html]
[sacred-texts.com/isl/sal/sal102.html]
[sacred-texts.com/isl/sal/sal103.html]
[sacred-texts.com/isl/sal/sal104.html]
[sacred-texts.com/isl/sal/sal105.html]
[sacred-texts.com/isl/sal/sal106.html]
[sacred-texts.com/isl/sal/sal107.html]
[sacred-texts.com/isl/sal/sal108.html]
[sacred-texts.com/isl/sal/sal109.html]
[sacred-texts.com/isl/sal/sal110.html]
[sacred-texts.com/isl/sal/sal111.html]
[sacred-texts.com/isl/sal/sal112.html]
[sacred-texts.com/isl/sal/sal113.html]
[sacred-texts.com/isl/sal/sal114.html]
[sacred-texts.com/isl/sal/sal115.html]
[sacred-texts.com/isl/sal/sal116.html]
[sacred-texts.com/isl/sal/sal117.html]
[sacred-texts.com/isl/sal/sal118.html]
[sacred-texts.com/isl/sal/sal119.html]
[sacred-texts.com/isl/sal/sal120.html]
[sacred-texts.com/isl/sal/sal121.html]
[sacred-texts.com/isl/sal/sal122.html]
[sacred-texts.com/isl/sal/sal123.html]
[sacred-texts.com/isl/sal/sal124.html]
[sacred-texts.com/isl/sal/sal125.html]
[sacred-texts.com/isl/sal/sal126.html]
[sacred-texts.com/isl/sal/sal127.html]
[sacred-texts.com/isl/sal/sal128.html]
[sacred-texts.com/isl/sal/sal129.html]
[sacred-texts.com/isl/sal/sal130.html]
[sacred-texts.com/isl/sal/sal131.html]
[sacred-texts.com/isl/sal/sal132.html]
[sacred-texts.com/isl/sal/sal133.html]
[sacred-texts.com/isl/sal/sal134.html]
[sacred-texts.com/isl/sal/sal135.html]
[sacred-texts.com/isl/sal/sal136.html]
[sacred-texts.com/isl/sal/sal137.html]
[sacred-texts.com/isl/sal/sal138.html]
[sacred-texts.com/isl/sal/sal139.html]
[sacred-texts.com/isl/sal/sal140.html]
[sacred-texts.com/isl/sal/sal141.html]
[sacred-texts.com/isl/sal/sal142.html]
[sacred-texts.com/isl/sal/sal143.html]
[sacred-texts.com/isl/sal/sal144.html]
[sacred-texts.com/isl/sal/sal145.html]
[sacred-texts.com/isl/sal/sal146.html]
[sacred-texts.com/isl/sal/sal147.html]
[sacred-texts.com/isl/sal/sal148.html]
[sacred-texts.com/isl/sal/sal149.html]
[sacred-texts.com/isl/sal/sal150.html]
[sacred-texts.com/isl/sal/sal151.html]
[sacred-texts.com/isl/sal/sal152.html]
[sacred-texts.com/isl/sal/sal153.html]
[sacred-texts.com/isl/sal/sal154.html]
[sacred-texts.com/isl/sal/sal155.html]
[sacred-texts.com/isl/sal/sal156.html]
[sacred-texts.com/isl/sal/sal157.html]
[sacred-texts.com/isl/sal/sal158.html]
[sacred-texts.com/isl/sal/sal159.html]
[sacred-texts.com/isl/sal/sal160.html]
[sacred-texts.com/isl/sal/sal161.html]
[sacred-texts.com/isl/sal/index.html]
[sacred-texts.com/isl/sal/sal162.html]
[sacred-texts.com/isl/adg/adg00.html]
[sacred-texts.com/isl/adg/adg01.html]
[sacred-texts.com/isl/adg/adg02.html]
[sacred-texts.com/isl/adg/adg03.html]
[sacred-texts.com/isl/adg/adg04.html]
[sacred-texts.com/isl/adg/adg05.html]
[sacred-texts.com/isl/adg/adg06.html]
[sacred-texts.com/isl/adg/adg07.html]
[sacred-texts.com/isl/adg/adg08.html]
[sacred-texts.com/isl/adg/adg09.html]
[sacred-texts.com/isl/adg/adg10.html]
[sacred-texts.com/isl/adg/adg11.html]
[sacred-texts.com/isl/adg/adg12.html]
[sacred-texts.com/isl/adg/adg13.html]
[sacred-texts.com/isl/adg/adg14.html]
[sacred-texts.com/isl/adg/index.html]
[sacred-texts.com/isl/sbe09/sbe0901.html]
[sacred-texts.com/isl/gbar/gbar000.html]
[sacred-texts.com/css/marg.css]
[sacred-texts.com/isl/uq/001.html]
[sacred-texts.com/isl/adg/adg15.html]
[sacred-texts.com/isl/quran/img/tease.jpg]
[sacred-texts.com/isl/gif/001/001_001.gif]
[sacred-texts.com/isl/gif/001/001_002.gif]
[sacred-texts.com/isl/gif/001/001_003.gif]
[sacred-texts.com/isl/gif/001/001_004.gif]
[sacred-texts.com/isl/gif/001/001_005.gif]
[sacred-texts.com/isl/gif/001/001_006.gif]
[sacred-texts.com/isl/gif/001/001_007.gif]
[sacred-texts.com/isl/quran/00101.html]
[sacred-texts.com/isl/yaq/img/tease.jpg]
[sacred-texts.com/isl/yaq/yaq001.html]
[sacred-texts.com/isl/pick/001.html]
[sacred-texts.com/isl/sbe06/001.html]
[sacred-texts.com/isl/qr/001.html]
[sacred-texts.com/isl/uq/002.html]
[sacred-texts.com/isl/quran/00202.html]
[sacred-texts.com/isl/gif/002/002_001.gif]
[sacred-texts.com/isl/gif/002/002_002.gif]
[sacred-texts.com/isl/gif/002/002_003.gif]
[sacred-texts.com/isl/gif/002/002_004.gif]
[sacred-texts.com/isl/gif/002/002_005.gif]
[sacred-texts.com/isl/gif/002/002_006.gif]
[sacred-texts.com/isl/gif/002/002_007.gif]
[sacred-texts.com/isl/quran/00201.html]
[sacred-texts.com/isl/yaq/yaq002.html]
[sacred-texts.com/isl/pick/002.html]
[sacred-texts.com/isl/sbe06/002.html]
[sacred-texts.com/isl/qr/002.html]
[sacred-texts.com/isl/uq/003.html]
[sacred-texts.com/isl/quran/00240.html]
[sacred-texts.com/isl/quran/00302.html]
[sacred-texts.com/isl/gif/003/003_001.gif]
[sacred-texts.com/isl/gif/003/003_002.gif]
[sacred-texts.com/isl/gif/003/003_003.gif]
[sacred-texts.com/isl/gif/003/003_004.gif]
[sacred-texts.com/isl/gif/003/003_005.gif]
[sacred-texts.com/isl/gif/003/003_006.gif]
[sacred-texts.com/isl/gif/003/003_007.gif]
[sacred-texts.com/isl/gif/003/003_008.gif]
[sacred-texts.com/isl/gif/003/003_009.gif]
[sacred-texts.com/isl/quran/00301.html]
[sacred-texts.com/isl/yaq/yaq003.html]
[sacred-texts.com/isl/pick/003.html]
[sacred-texts.com/isl/sbe06/003.html]
[sacred-texts.com/isl/qr/003.html]
[sacred-texts.com/isl/uq/004.html]
[sacred-texts.com/isl/quran/00320.html]
[sacred-texts.com/isl/quran/00402.html]
[sacred-texts.com/isl/gif/004/004_001.gif]
[sacred-texts.com/isl/gif/004/004_002.gif]
[sacred-texts.com/isl/gif/004/004_003.gif]
[sacred-texts.com/isl/gif/004/004_004.gif]
[sacred-texts.com/isl/gif/004/004_005.gif]
[sacred-texts.com/isl/gif/004/004_006.gif]
[sacred-texts.com/isl/gif/004/004_007.gif]
[sacred-texts.com/isl/gif/004/004_008.gif]
[sacred-texts.com/isl/gif/004/004_009.gif]
[sacred-texts.com/isl/gif/004/004_010.gif]
[sacred-texts.com/isl/quran/00401.html]
[sacred-texts.com/isl/yaq/yaq004.html]
[sacred-texts.com/isl/pick/004.html]
[sacred-texts.com/isl/sbe06/004.html]
[sacred-texts.com/isl/qr/004.html]
[sacred-texts.com/isl/uq/005.html]
[sacred-texts.com/isl/quran/00424.html]
[sacred-texts.com/isl/quran/00502.html]
[sacred-texts.com/isl/gif/005/005_001.gif]
[sacred-texts.com/isl/gif/005/005_002.gif]
[sacred-texts.com/isl/gif/005/005_003.gif]
[sacred-texts.com/isl/gif/005/005_004.gif]
[sacred-texts.com/isl/gif/005/005_005.gif]
[sacred-texts.com/isl/quran/00501.html]
[sacred-texts.com/isl/yaq/yaq005.html]
[sacred-texts.com/isl/pick/005.html]
[sacred-texts.com/isl/sbe06/005.html]
[sacred-texts.com/isl/qr/005.html]
[sacred-texts.com/isl/uq/006.html]
[sacred-texts.com/isl/quran/00516.html]
[sacred-texts.com/isl/quran/00602.html]
[sacred-texts.com/isl/gif/006/006_001.gif]
[sacred-texts.com/isl/gif/006/006_002.gif]
[sacred-texts.com/isl/gif/006/006_003.gif]
[sacred-texts.com/isl/gif/006/006_004.gif]
[sacred-texts.com/isl/gif/006/006_005.gif]
[sacred-texts.com/isl/gif/006/006_006.gif]
[sacred-texts.com/isl/gif/006/006_007.gif]
[sacred-texts.com/isl/gif/006/006_008.gif]
[sacred-texts.com/isl/gif/006/006_009.gif]
[sacred-texts.com/isl/gif/006/006_010.gif]
[sacred-texts.com/isl/quran/00601.html]
[sacred-texts.com/isl/yaq/yaq006.html]
[sacred-texts.com/isl/pick/006.html]
[sacred-texts.com/isl/sbe06/006.html]
[sacred-texts.com/isl/qr/006.html]
[sacred-texts.com/isl/uq/007.html]
[sacred-texts.com/isl/quran/00620.html]
[sacred-texts.com/isl/quran/00702.html]
[sacred-texts.com/isl/gif/007/007_001.gif]
[sacred-texts.com/isl/gif/007/007_002.gif]
[sacred-texts.com/isl/gif/007/007_003.gif]
[sacred-texts.com/isl/gif/007/007_004.gif]
[sacred-texts.com/isl/gif/007/007_005.gif]
[sacred-texts.com/isl/gif/007/007_006.gif]
[sacred-texts.com/isl/gif/007/007_007.gif]
[sacred-texts.com/isl/gif/007/007_008.gif]
[sacred-texts.com/isl/gif/007/007_009.gif]
[sacred-texts.com/isl/gif/007/007_010.gif]
[sacred-texts.com/isl/quran/00701.html]
[sacred-texts.com/isl/yaq/yaq007.html]
[sacred-texts.com/isl/pick/007.html]
[sacred-texts.com/isl/sbe06/007.html]
[sacred-texts.com/isl/qr/007.html]
[sacred-texts.com/isl/uq/008.html]
[sacred-texts.com/isl/quran/00724.html]
[sacred-texts.com/isl/quran/00802.html]
[sacred-texts.com/isl/gif/008/008_001.gif]
[sacred-texts.com/isl/gif/008/008_002.gif]
[sacred-texts.com/isl/gif/008/008_003.gif]
[sacred-texts.com/isl/gif/008/008_004.gif]
[sacred-texts.com/isl/gif/008/008_005.gif]
[sacred-texts.com/isl/gif/008/008_006.gif]
[sacred-texts.com/isl/gif/008/008_007.gif]
[sacred-texts.com/isl/gif/008/008_008.gif]
[sacred-texts.com/isl/gif/008/008_009.gif]
[sacred-texts.com/isl/gif/008/008_010.gif]
[sacred-texts.com/isl/quran/00801.html]
[sacred-texts.com/isl/yaq/yaq008.html]
[sacred-texts.com/isl/pick/008.html]
[sacred-texts.com/isl/sbe06/008.html]
[sacred-texts.com/isl/qr/008.html]
[sacred-texts.com/isl/uq/009.html]
[sacred-texts.com/isl/quran/00810.html]
[sacred-texts.com/isl/quran/00902.html]
[sacred-texts.com/isl/gif/009/009_001.gif]
[sacred-texts.com/isl/gif/009/009_002.gif]
[sacred-texts.com/isl/gif/009/009_003.gif]
[sacred-texts.com/isl/gif/009/009_004.gif]
[sacred-texts.com/isl/gif/009/009_005.gif]
[sacred-texts.com/isl/gif/009/009_006.gif]
[sacred-texts.com/isl/quran/00901.html]
[sacred-texts.com/isl/yaq/yaq009.html]
[sacred-texts.com/isl/pick/009.html]
[sacred-texts.com/isl/sbe06/009.html]
[sacred-texts.com/isl/qr/009.html]
[sacred-texts.com/isl/uq/010.html]
[sacred-texts.com/isl/quran/00916.html]
[sacred-texts.com/isl/quran/01002.html]
[sacred-texts.com/isl/gif/010/010_001.gif]
[sacred-texts.com/isl/gif/010/010_002.gif]
[sacred-texts.com/isl/gif/010/010_003.gif]
[sacred-texts.com/isl/gif/010/010_004.gif]
[sacred-texts.com/isl/gif/010/010_005.gif]
[sacred-texts.com/isl/gif/010/010_006.gif]
[sacred-texts.com/isl/gif/010/010_007.gif]
[sacred-texts.com/isl/gif/010/010_008.gif]
[sacred-texts.com/isl/gif/010/010_009.gif]
[sacred-texts.com/isl/gif/010/010_010.gif]
[sacred-texts.com/isl/quran/01001.html]
[sacred-texts.com/isl/yaq/yaq010.html]
[sacred-texts.com/isl/pick/010.html]
[sacred-texts.com/isl/sbe06/010.html]
[sacred-texts.com/isl/qr/010.html]
[sacred-texts.com/isl/uq/011.html]
[sacred-texts.com/isl/quran/01011.html]
[sacred-texts.com/isl/quran/01102.html]
[sacred-texts.com/isl/gif/011/011_001.gif]
[sacred-texts.com/isl/gif/011/011_002.gif]
[sacred-texts.com/isl/gif/011/011_003.gif]
[sacred-texts.com/isl/gif/011/011_004.gif]
[sacred-texts.com/isl/gif/011/011_005.gif]
[sacred-texts.com/isl/gif/011/011_006.gif]
[sacred-texts.com/isl/gif/011/011_007.gif]
[sacred-texts.com/isl/gif/011/011_008.gif]
[sacred-texts.com/isl/quran/01101.html]
[sacred-texts.com/isl/yaq/yaq011.html]
[sacred-texts.com/isl/pick/011.html]
[sacred-texts.com/isl/sbe06/011.html]
[sacred-texts.com/isl/qr/011.html]
[sacred-texts.com/isl/uq/012.html]
[sacred-texts.com/isl/quran/01110.html]
[sacred-texts.com/isl/quran/01202.html]
[sacred-texts.com/isl/gif/012/012_001.gif]
[sacred-texts.com/isl/gif/012/012_002.gif]
[sacred-texts.com/isl/gif/012/012_003.gif]
[sacred-texts.com/isl/gif/012/012_004.gif]
[sacred-texts.com/isl/gif/012/012_005.gif]
[sacred-texts.com/isl/gif/012/012_006.gif]
[sacred-texts.com/isl/quran/01201.html]
[sacred-texts.com/isl/yaq/yaq012.html]
[sacred-texts.com/isl/pick/012.html]
[sacred-texts.com/isl/sbe06/012.html]
[sacred-texts.com/isl/qr/012.html]
[sacred-texts.com/isl/uq/013.html]
[sacred-texts.com/isl/quran/01212.html]
[sacred-texts.com/isl/quran/01302.html]
[sacred-texts.com/isl/gif/013/013_001.gif]
[sacred-texts.com/isl/gif/013/013_002.gif]
[sacred-texts.com/isl/gif/013/013_003.gif]
[sacred-texts.com/isl/gif/013/013_004.gif]
[sacred-texts.com/isl/gif/013/013_005.gif]
[sacred-texts.com/isl/gif/013/013_006.gif]
[sacred-texts.com/isl/gif/013/013_007.gif]
[sacred-texts.com/isl/quran/01301.html]
[sacred-texts.com/isl/yaq/yaq013.html]
[sacred-texts.com/isl/pick/013.html]
[sacred-texts.com/isl/sbe06/013.html]
[sacred-texts.com/isl/qr/013.html]
[sacred-texts.com/isl/uq/014.html]
[sacred-texts.com/isl/quran/01306.html]
[sacred-texts.com/isl/quran/01402.html]
[sacred-texts.com/isl/gif/014/014_001.gif]
[sacred-texts.com/isl/gif/014/014_002.gif]
[sacred-texts.com/isl/gif/014/014_003.gif]
[sacred-texts.com/isl/gif/014/014_004.gif]
[sacred-texts.com/isl/gif/014/014_005.gif]
[sacred-texts.com/isl/gif/014/014_006.gif]
[sacred-texts.com/isl/quran/01401.html]
[sacred-texts.com/isl/yaq/yaq014.html]
[sacred-texts.com/isl/pick/014.html]
[sacred-texts.com/isl/sbe06/014.html]
[sacred-texts.com/isl/qr/014.html]
[sacred-texts.com/isl/uq/015.html]
[sacred-texts.com/isl/quran/01407.html]
[sacred-texts.com/isl/quran/01502.html]
[sacred-texts.com/isl/gif/015/015_001.gif]
[sacred-texts.com/isl/gif/015/015_002.gif]
[sacred-texts.com/isl/gif/015/015_003.gif]
[sacred-texts.com/isl/gif/015/015_004.gif]
[sacred-texts.com/isl/gif/015/015_005.gif]
[sacred-texts.com/isl/gif/015/015_006.gif]
[sacred-texts.com/isl/gif/015/015_007.gif]
[sacred-texts.com/isl/gif/015/015_008.gif]
[sacred-texts.com/isl/gif/015/015_009.gif]
[sacred-texts.com/isl/gif/015/015_010.gif]
[sacred-texts.com/isl/gif/015/015_011.gif]
[sacred-texts.com/isl/gif/015/015_012.gif]
[sacred-texts.com/isl/gif/015/015_013.gif]
[sacred-texts.com/isl/gif/015/015_014.gif]
[sacred-texts.com/isl/gif/015/015_015.gif]
[sacred-texts.com/isl/quran/01501.html]
[sacred-texts.com/isl/yaq/yaq015.html]
[sacred-texts.com/isl/pick/015.html]
[sacred-texts.com/isl/sbe06/015.html]
[sacred-texts.com/isl/qr/015.html]
[sacred-texts.com/isl/uq/016.html]
[sacred-texts.com/isl/quran/01506.html]
[sacred-texts.com/isl/quran/01602.html]
[sacred-texts.com/isl/gif/016/016_001.gif]
[sacred-texts.com/isl/gif/016/016_002.gif]
[sacred-texts.com/isl/gif/016/016_003.gif]
[sacred-texts.com/isl/gif/016/016_004.gif]
[sacred-texts.com/isl/gif/016/016_005.gif]
[sacred-texts.com/isl/gif/016/016_006.gif]
[sacred-texts.com/isl/gif/016/016_007.gif]
[sacred-texts.com/isl/gif/016/016_008.gif]
[sacred-texts.com/isl/gif/016/016_009.gif]
[sacred-texts.com/isl/quran/01601.html]
[sacred-texts.com/isl/yaq/yaq016.html]
[sacred-texts.com/isl/pick/016.html]
[sacred-texts.com/isl/sbe06/016.html]
[sacred-texts.com/isl/qr/016.html]
[sacred-texts.com/isl/uq/017.html]
[sacred-texts.com/isl/quran/01616.html]
[sacred-texts.com/isl/quran/01702.html]
[sacred-texts.com/isl/gif/017/017_001.gif]
[sacred-texts.com/isl/gif/017/017_002.gif]
[sacred-texts.com/isl/gif/017/017_003.gif]
[sacred-texts.com/isl/gif/017/017_004.gif]
[sacred-texts.com/isl/gif/017/017_005.gif]
[sacred-texts.com/isl/gif/017/017_006.gif]
[sacred-texts.com/isl/gif/017/017_007.gif]
[sacred-texts.com/isl/gif/017/017_008.gif]
[sacred-texts.com/isl/gif/017/017_009.gif]
[sacred-texts.com/isl/gif/017/017_010.gif]
[sacred-texts.com/isl/quran/01701.html]
[sacred-texts.com/isl/yaq/yaq017.html]
[sacred-texts.com/isl/pick/017.html]
[sacred-texts.com/isl/sbe09/017.html]
[sacred-texts.com/isl/qr/017.html]
[sacred-texts.com/isl/uq/018.html]
[sacred-texts.com/isl/quran/01712.html]
[sacred-texts.com/isl/quran/01802.html]
[sacred-texts.com/isl/gif/018/018_001.gif]
[sacred-texts.com/isl/gif/018/018_002.gif]
[sacred-texts.com/isl/gif/018/018_003.gif]
[sacred-texts.com/isl/gif/018/018_004.gif]
[sacred-texts.com/isl/gif/018/018_005.gif]
[sacred-texts.com/isl/gif/018/018_006.gif]
[sacred-texts.com/isl/gif/018/018_007.gif]
[sacred-texts.com/isl/gif/018/018_008.gif]
[sacred-texts.com/isl/gif/018/018_009.gif]
[sacred-texts.com/isl/gif/018/018_010.gif]
[sacred-texts.com/isl/gif/018/018_011.gif]
[sacred-texts.com/isl/gif/018/018_012.gif]
[sacred-texts.com/isl/quran/01801.html]
[sacred-texts.com/isl/yaq/yaq018.html]
[sacred-texts.com/isl/pick/018.html]
[sacred-texts.com/isl/sbe09/018.html]
[sacred-texts.com/isl/qr/018.html]
[sacred-texts.com/isl/uq/019.html]
[sacred-texts.com/isl/quran/01812.html]
[sacred-texts.com/isl/quran/01902.html]
[sacred-texts.com/isl/gif/019/019_001.gif]
[sacred-texts.com/isl/gif/019/019_002.gif]
[sacred-texts.com/isl/gif/019/019_003.gif]
[sacred-texts.com/isl/gif/019/019_004.gif]
[sacred-texts.com/isl/gif/019/019_005.gif]
[sacred-texts.com/isl/gif/019/019_006.gif]
[sacred-texts.com/isl/gif/019/019_007.gif]
[sacred-texts.com/isl/gif/019/019_008.gif]
[sacred-texts.com/isl/gif/019/019_009.gif]
[sacred-texts.com/isl/gif/019/019_010.gif]
[sacred-texts.com/isl/gif/019/019_011.gif]
[sacred-texts.com/isl/gif/019/019_012.gif]
[sacred-texts.com/isl/gif/019/019_013.gif]
[sacred-texts.com/isl/gif/019/019_014.gif]
[sacred-texts.com/isl/gif/019/019_015.gif]
[sacred-texts.com/isl/quran/01901.html]
[sacred-texts.com/isl/yaq/yaq019.html]
[sacred-texts.com/isl/pick/019.html]
[sacred-texts.com/isl/sbe09/019.html]
[sacred-texts.com/isl/qr/019.html]
[sacred-texts.com/isl/uq/020.html]
[sacred-texts.com/isl/quran/01906.html]
[sacred-texts.com/isl/quran/02002.html]
[sacred-texts.com/isl/gif/020/020_001.gif]
[sacred-texts.com/isl/gif/020/020_002.gif]
[sacred-texts.com/isl/gif/020/020_003.gif]
[sacred-texts.com/isl/gif/020/020_004.gif]
[sacred-texts.com/isl/gif/020/020_005.gif]
[sacred-texts.com/isl/gif/020/020_006.gif]
[sacred-texts.com/isl/gif/020/020_007.gif]
[sacred-texts.com/isl/gif/020/020_008.gif]
[sacred-texts.com/isl/gif/020/020_009.gif]
[sacred-texts.com/isl/gif/020/020_010.gif]
[sacred-texts.com/isl/gif/020/020_011.gif]
[sacred-texts.com/isl/gif/020/020_012.gif]
[sacred-texts.com/isl/gif/020/020_013.gif]
[sacred-texts.com/isl/gif/020/020_014.gif]
[sacred-texts.com/isl/gif/020/020_015.gif]
[sacred-texts.com/isl/gif/020/020_016.gif]
[sacred-texts.com/isl/gif/020/020_017.gif]
[sacred-texts.com/isl/gif/020/020_018.gif]
[sacred-texts.com/isl/gif/020/020_019.gif]
[sacred-texts.com/isl/gif/020/020_020.gif]
[sacred-texts.com/isl/gif/020/020_021.gif]
[sacred-texts.com/isl/gif/020/020_022.gif]
[sacred-texts.com/isl/gif/020/020_023.gif]
[sacred-texts.com/isl/gif/020/020_024.gif]
[sacred-texts.com/isl/quran/02001.html]
[sacred-texts.com/isl/yaq/yaq020.html]
[sacred-texts.com/isl/pick/020.html]
[sacred-texts.com/isl/sbe09/020.html]
[sacred-texts.com/isl/qr/020.html]
[sacred-texts.com/isl/uq/021.html]
[sacred-texts.com/isl/quran/02008.html]
[sacred-texts.com/isl/quran/02102.html]
[sacred-texts.com/isl/gif/021/021_001.gif]
[sacred-texts.com/isl/gif/021/021_002.gif]
[sacred-texts.com/isl/gif/021/021_003.gif]
[sacred-texts.com/isl/gif/021/021_004.gif]
[sacred-texts.com/isl/gif/021/021_005.gif]
[sacred-texts.com/isl/gif/021/021_006.gif]
[sacred-texts.com/isl/gif/021/021_007.gif]
[sacred-texts.com/isl/gif/021/021_008.gif]
[sacred-texts.com/isl/gif/021/021_009.gif]
[sacred-texts.com/isl/gif/021/021_010.gif]
[sacred-texts.com/isl/quran/02101.html]
[sacred-texts.com/isl/yaq/yaq021.html]
[sacred-texts.com/isl/pick/021.html]
[sacred-texts.com/isl/sbe09/021.html]
[sacred-texts.com/isl/qr/021.html]
[sacred-texts.com/isl/uq/022.html]
[sacred-texts.com/isl/quran/02106.html]
[sacred-texts.com/isl/quran/02202.html]
[sacred-texts.com/isl/gif/022/022_001.gif]
[sacred-texts.com/isl/gif/022/022_002.gif]
[sacred-texts.com/isl/gif/022/022_003.gif]
[sacred-texts.com/isl/gif/022/022_004.gif]
[sacred-texts.com/isl/gif/022/022_005.gif]
[sacred-texts.com/isl/gif/022/022_006.gif]
[sacred-texts.com/isl/gif/022/022_007.gif]
[sacred-texts.com/isl/gif/022/022_008.gif]
[sacred-texts.com/isl/gif/022/022_009.gif]
[sacred-texts.com/isl/gif/022/022_010.gif]
[sacred-texts.com/isl/quran/02201.html]
[sacred-texts.com/isl/yaq/yaq022.html]
[sacred-texts.com/isl/pick/022.html]
[sacred-texts.com/isl/sbe09/022.html]
[sacred-texts.com/isl/qr/022.html]
[sacred-texts.com/isl/uq/023.html]
[sacred-texts.com/isl/quran/02210.html]
[sacred-texts.com/isl/quran/02302.html]
[sacred-texts.com/isl/gif/023/023_001.gif]
[sacred-texts.com/isl/gif/023/023_002.gif]
[sacred-texts.com/isl/gif/023/023_003.gif]
[sacred-texts.com/isl/gif/023/023_004.gif]
[sacred-texts.com/isl/gif/023/023_005.gif]
[sacred-texts.com/isl/gif/023/023_006.gif]
[sacred-texts.com/isl/gif/023/023_007.gif]
[sacred-texts.com/isl/gif/023/023_008.gif]
[sacred-texts.com/isl/gif/023/023_009.gif]
[sacred-texts.com/isl/gif/023/023_010.gif]
[sacred-texts.com/isl/gif/023/023_011.gif]
[sacred-texts.com/isl/gif/023/023_012.gif]
[sacred-texts.com/isl/gif/023/023_013.gif]
[sacred-texts.com/isl/gif/023/023_014.gif]
[sacred-texts.com/isl/gif/023/023_015.gif]
[sacred-texts.com/isl/gif/023/023_016.gif]
[sacred-texts.com/isl/gif/023/023_017.gif]
[sacred-texts.com/isl/gif/023/023_018.gif]
[sacred-texts.com/isl/gif/023/023_019.gif]
[sacred-texts.com/isl/gif/023/023_020.gif]
[sacred-texts.com/isl/gif/023/023_021.gif]
[sacred-texts.com/isl/gif/023/023_022.gif]
[sacred-texts.com/isl/quran/02301.html]
[sacred-texts.com/isl/yaq/yaq023.html]
[sacred-texts.com/isl/pick/023.html]
[sacred-texts.com/isl/sbe09/023.html]
[sacred-texts.com/isl/qr/023.html]
[sacred-texts.com/isl/uq/024.html]
[sacred-texts.com/isl/quran/02306.html]
[sacred-texts.com/isl/quran/02402.html]
[sacred-texts.com/isl/gif/024/024_001.gif]
[sacred-texts.com/isl/gif/024/024_002.gif]
[sacred-texts.com/isl/gif/024/024_003.gif]
[sacred-texts.com/isl/gif/024/024_004.gif]
[sacred-texts.com/isl/gif/024/024_005.gif]
[sacred-texts.com/isl/gif/024/024_006.gif]
[sacred-texts.com/isl/gif/024/024_007.gif]
[sacred-texts.com/isl/gif/024/024_008.gif]
[sacred-texts.com/isl/gif/024/024_009.gif]
[sacred-texts.com/isl/gif/024/024_010.gif]
[sacred-texts.com/isl/quran/02401.html]
[sacred-texts.com/isl/yaq/yaq024.html]
[sacred-texts.com/isl/pick/024.html]
[sacred-texts.com/isl/sbe09/024.html]
[sacred-texts.com/isl/qr/024.html]
[sacred-texts.com/isl/uq/025.html]
[sacred-texts.com/isl/quran/02409.html]
[sacred-texts.com/isl/quran/02502.html]
[sacred-texts.com/isl/gif/025/025_001.gif]
[sacred-texts.com/isl/gif/025/025_002.gif]
[sacred-texts.com/isl/gif/025/025_003.gif]
[sacred-texts.com/isl/gif/025/025_004.gif]
[sacred-texts.com/isl/gif/025/025_005.gif]
[sacred-texts.com/isl/gif/025/025_006.gif]
[sacred-texts.com/isl/gif/025/025_007.gif]
[sacred-texts.com/isl/gif/025/025_008.gif]
[sacred-texts.com/isl/gif/025/025_009.gif]
[sacred-texts.com/isl/quran/02501.html]
[sacred-texts.com/isl/yaq/yaq025.html]
[sacred-texts.com/isl/pick/025.html]
[sacred-texts.com/isl/sbe09/025.html]
[sacred-texts.com/isl/qr/025.html]
[sacred-texts.com/isl/uq/026.html]
[sacred-texts.com/isl/quran/02506.html]
[sacred-texts.com/isl/quran/02602.html]
[sacred-texts.com/isl/gif/026/026_001.gif]
[sacred-texts.com/isl/gif/026/026_002.gif]
[sacred-texts.com/isl/gif/026/026_003.gif]
[sacred-texts.com/isl/gif/026/026_004.gif]
[sacred-texts.com/isl/gif/026/026_005.gif]
[sacred-texts.com/isl/gif/026/026_006.gif]
[sacred-texts.com/isl/gif/026/026_007.gif]
[sacred-texts.com/isl/gif/026/026_008.gif]
[sacred-texts.com/isl/gif/026/026_009.gif]
[sacred-texts.com/isl/quran/02601.html]
[sacred-texts.com/isl/yaq/yaq026.html]
[sacred-texts.com/isl/pick/026.html]
[sacred-texts.com/isl/sbe09/026.html]
[sacred-texts.com/isl/qr/026.html]
[sacred-texts.com/isl/uq/027.html]
[sacred-texts.com/isl/quran/02611.html]
[sacred-texts.com/isl/quran/02702.html]
[sacred-texts.com/isl/gif/027/027_001.gif]
[sacred-texts.com/isl/gif/027/027_002.gif]
[sacred-texts.com/isl/gif/027/027_003.gif]
[sacred-texts.com/isl/gif/027/027_004.gif]
[sacred-texts.com/isl/gif/027/027_005.gif]
[sacred-texts.com/isl/gif/027/027_006.gif]
[sacred-texts.com/isl/gif/027/027_007.gif]
[sacred-texts.com/isl/gif/027/027_008.gif]
[sacred-texts.com/isl/gif/027/027_009.gif]
[sacred-texts.com/isl/gif/027/027_010.gif]
[sacred-texts.com/isl/gif/027/027_011.gif]
[sacred-texts.com/isl/gif/027/027_012.gif]
[sacred-texts.com/isl/gif/027/027_013.gif]
[sacred-texts.com/isl/gif/027/027_014.gif]
[sacred-texts.com/isl/quran/02701.html]
[sacred-texts.com/isl/yaq/yaq027.html]
[sacred-texts.com/isl/pick/027.html]
[sacred-texts.com/isl/sbe09/027.html]
[sacred-texts.com/isl/qr/027.html]
[sacred-texts.com/isl/uq/028.html]
[sacred-texts.com/isl/quran/02707.html]
[sacred-texts.com/isl/quran/02802.html]
[sacred-texts.com/isl/gif/028/028_001.gif]
[sacred-texts.com/isl/gif/028/028_002.gif]
[sacred-texts.com/isl/gif/028/028_003.gif]
[sacred-texts.com/isl/gif/028/028_004.gif]
[sacred-texts.com/isl/gif/028/028_005.gif]
[sacred-texts.com/isl/gif/028/028_006.gif]
[sacred-texts.com/isl/gif/028/028_007.gif]
[sacred-texts.com/isl/gif/028/028_008.gif]
[sacred-texts.com/isl/gif/028/028_009.gif]
[sacred-texts.com/isl/gif/028/028_010.gif]
[sacred-texts.com/isl/gif/028/028_011.gif]
[sacred-texts.com/isl/gif/028/028_012.gif]
[sacred-texts.com/isl/gif/028/028_013.gif]
[sacred-texts.com/isl/quran/02801.html]
[sacred-texts.com/isl/yaq/yaq028.html]
[sacred-texts.com/isl/pick/028.html]
[sacred-texts.com/isl/sbe09/028.html]
[sacred-texts.com/isl/qr/028.html]
[sacred-texts.com/isl/uq/029.html]
[sacred-texts.com/isl/quran/02809.html]
[sacred-texts.com/isl/quran/02902.html]
[sacred-texts.com/isl/gif/029/029_001.gif]
[sacred-texts.com/isl/gif/029/029_002.gif]
[sacred-texts.com/isl/gif/029/029_003.gif]
[sacred-texts.com/isl/gif/029/029_004.gif]
[sacred-texts.com/isl/gif/029/029_005.gif]
[sacred-texts.com/isl/gif/029/029_006.gif]
[sacred-texts.com/isl/gif/029/029_007.gif]
[sacred-texts.com/isl/gif/029/029_008.gif]
[sacred-texts.com/isl/gif/029/029_009.gif]
[sacred-texts.com/isl/gif/029/029_010.gif]
[sacred-texts.com/isl/gif/029/029_011.gif]
[sacred-texts.com/isl/gif/029/029_012.gif]
[sacred-texts.com/isl/gif/029/029_013.gif]
[sacred-texts.com/isl/quran/02901.html]
[sacred-texts.com/isl/yaq/yaq029.html]
[sacred-texts.com/isl/pick/029.html]
[sacred-texts.com/isl/sbe09/029.html]
[sacred-texts.com/isl/qr/029.html]
[sacred-texts.com/isl/uq/030.html]
[sacred-texts.com/isl/quran/02907.html]
[sacred-texts.com/isl/quran/03002.html]
[sacred-texts.com/isl/gif/030/030_001.gif]
[sacred-texts.com/isl/gif/030/030_002.gif]
[sacred-texts.com/isl/gif/030/030_003.gif]
[sacred-texts.com/isl/gif/030/030_004.gif]
[sacred-texts.com/isl/gif/030/030_005.gif]
[sacred-texts.com/isl/gif/030/030_006.gif]
[sacred-texts.com/isl/gif/030/030_007.gif]
[sacred-texts.com/isl/gif/030/030_008.gif]
[sacred-texts.com/isl/gif/030/030_009.gif]
[sacred-texts.com/isl/gif/030/030_010.gif]
[sacred-texts.com/isl/quran/03001.html]
[sacred-texts.com/isl/yaq/yaq030.html]
[sacred-texts.com/isl/pick/030.html]
[sacred-texts.com/isl/sbe09/030.html]
[sacred-texts.com/isl/qr/030.html]
[sacred-texts.com/isl/uq/031.html]
[sacred-texts.com/isl/quran/03006.html]
[sacred-texts.com/isl/quran/03102.html]
[sacred-texts.com/isl/gif/031/031_001.gif]
[sacred-texts.com/isl/gif/031/031_002.gif]
[sacred-texts.com/isl/gif/031/031_003.gif]
[sacred-texts.com/isl/gif/031/031_004.gif]
[sacred-texts.com/isl/gif/031/031_005.gif]
[sacred-texts.com/isl/gif/031/031_006.gif]
[sacred-texts.com/isl/gif/031/031_007.gif]
[sacred-texts.com/isl/gif/031/031_008.gif]
[sacred-texts.com/isl/gif/031/031_009.gif]
[sacred-texts.com/isl/gif/031/031_010.gif]
[sacred-texts.com/isl/gif/031/031_011.gif]
[sacred-texts.com/isl/quran/03101.html]
[sacred-texts.com/isl/yaq/yaq031.html]
[sacred-texts.com/isl/pick/031.html]
[sacred-texts.com/isl/sbe09/031.html]
[sacred-texts.com/isl/qr/031.html]
[sacred-texts.com/isl/uq/032.html]
[sacred-texts.com/isl/quran/03104.html]
[sacred-texts.com/isl/quran/03202.html]
[sacred-texts.com/isl/gif/032/032_001.gif]
[sacred-texts.com/isl/gif/032/032_002.gif]
[sacred-texts.com/isl/gif/032/032_003.gif]
[sacred-texts.com/isl/gif/032/032_004.gif]
[sacred-texts.com/isl/gif/032/032_005.gif]
[sacred-texts.com/isl/gif/032/032_006.gif]
[sacred-texts.com/isl/gif/032/032_007.gif]
[sacred-texts.com/isl/gif/032/032_008.gif]
[sacred-texts.com/isl/gif/032/032_009.gif]
[sacred-texts.com/isl/gif/032/032_010.gif]
[sacred-texts.com/isl/gif/032/032_011.gif]
[sacred-texts.com/isl/quran/03201.html]
[sacred-texts.com/isl/yaq/yaq032.html]
[sacred-texts.com/isl/pick/032.html]
[sacred-texts.com/isl/sbe09/032.html]
[sacred-texts.com/isl/qr/032.html]
[sacred-texts.com/isl/uq/033.html]
[sacred-texts.com/isl/quran/03203.html]
[sacred-texts.com/isl/quran/03302.html]
[sacred-texts.com/isl/gif/033/033_001.gif]
[sacred-texts.com/isl/gif/033/033_002.gif]
[sacred-texts.com/isl/gif/033/033_003.gif]
[sacred-texts.com/isl/gif/033/033_004.gif]
[sacred-texts.com/isl/gif/033/033_005.gif]
[sacred-texts.com/isl/gif/033/033_006.gif]
[sacred-texts.com/isl/gif/033/033_007.gif]
[sacred-texts.com/isl/gif/033/033_008.gif]
[sacred-texts.com/isl/quran/03301.html]
[sacred-texts.com/isl/yaq/yaq033.html]
[sacred-texts.com/isl/pick/033.html]
[sacred-texts.com/isl/sbe09/033.html]
[sacred-texts.com/isl/qr/033.html]
[sacred-texts.com/isl/uq/034.html]
[sacred-texts.com/isl/quran/03309.html]
[sacred-texts.com/isl/quran/03402.html]
[sacred-texts.com/isl/gif/034/034_001.gif]
[sacred-texts.com/isl/gif/034/034_002.gif]
[sacred-texts.com/isl/gif/034/034_003.gif]
[sacred-texts.com/isl/gif/034/034_004.gif]
[sacred-texts.com/isl/gif/034/034_005.gif]
[sacred-texts.com/isl/gif/034/034_006.gif]
[sacred-texts.com/isl/gif/034/034_007.gif]
[sacred-texts.com/isl/gif/034/034_008.gif]
[sacred-texts.com/isl/gif/034/034_009.gif]
[sacred-texts.com/isl/quran/03401.html]
[sacred-texts.com/isl/yaq/yaq034.html]
[sacred-texts.com/isl/pick/034.html]
[sacred-texts.com/isl/sbe09/034.html]
[sacred-texts.com/isl/qr/034.html]
[sacred-texts.com/isl/uq/035.html]
[sacred-texts.com/isl/quran/03406.html]
[sacred-texts.com/isl/quran/03502.html]
[sacred-texts.com/isl/gif/035/035_001.gif]
[sacred-texts.com/isl/gif/035/035_002.gif]
[sacred-texts.com/isl/gif/035/035_003.gif]
[sacred-texts.com/isl/gif/035/035_004.gif]
[sacred-texts.com/isl/gif/035/035_005.gif]
[sacred-texts.com/isl/gif/035/035_006.gif]
[sacred-texts.com/isl/gif/035/035_007.gif]
[sacred-texts.com/isl/quran/03501.html]
[sacred-texts.com/isl/yaq/yaq035.html]
[sacred-texts.com/isl/pick/035.html]
[sacred-texts.com/isl/sbe09/035.html]
[sacred-texts.com/isl/qr/035.html]
[sacred-texts.com/isl/uq/036.html]
[sacred-texts.com/isl/quran/03505.html]
[sacred-texts.com/isl/quran/03602.html]
[sacred-texts.com/isl/gif/036/036_001.gif]
[sacred-texts.com/isl/gif/036/036_002.gif]
[sacred-texts.com/isl/gif/036/036_003.gif]
[sacred-texts.com/isl/gif/036/036_004.gif]
[sacred-texts.com/isl/gif/036/036_005.gif]
[sacred-texts.com/isl/gif/036/036_006.gif]
[sacred-texts.com/isl/gif/036/036_007.gif]
[sacred-texts.com/isl/gif/036/036_008.gif]
[sacred-texts.com/isl/gif/036/036_009.gif]
[sacred-texts.com/isl/gif/036/036_010.gif]
[sacred-texts.com/isl/gif/036/036_011.gif]
[sacred-texts.com/isl/gif/036/036_012.gif]
[sacred-texts.com/isl/quran/03601.html]
[sacred-texts.com/isl/yaq/yaq036.html]
[sacred-texts.com/isl/pick/036.html]
[sacred-texts.com/isl/sbe09/036.html]
[sacred-texts.com/isl/qr/036.html]
[sacred-texts.com/isl/uq/037.html]
[sacred-texts.com/isl/quran/03605.html]
[sacred-texts.com/isl/quran/03702.html]
[sacred-texts.com/isl/gif/037/037_001.gif]
[sacred-texts.com/isl/gif/037/037_002.gif]
[sacred-texts.com/isl/gif/037/037_003.gif]
[sacred-texts.com/isl/gif/037/037_004.gif]
[sacred-texts.com/isl/gif/037/037_005.gif]
[sacred-texts.com/isl/gif/037/037_006.gif]
[sacred-texts.com/isl/gif/037/037_007.gif]
[sacred-texts.com/isl/gif/037/037_008.gif]
[sacred-texts.com/isl/gif/037/037_009.gif]
[sacred-texts.com/isl/gif/037/037_010.gif]
[sacred-texts.com/isl/gif/037/037_011.gif]
[sacred-texts.com/isl/gif/037/037_012.gif]
[sacred-texts.com/isl/gif/037/037_013.gif]
[sacred-texts.com/isl/gif/037/037_014.gif]
[sacred-texts.com/isl/gif/037/037_015.gif]
[sacred-texts.com/isl/gif/037/037_016.gif]
[sacred-texts.com/isl/gif/037/037_017.gif]
[sacred-texts.com/isl/gif/037/037_018.gif]
[sacred-texts.com/isl/gif/037/037_019.gif]
[sacred-texts.com/isl/gif/037/037_020.gif]
[sacred-texts.com/isl/gif/037/037_021.gif]
[sacred-texts.com/isl/quran/03701.html]
[sacred-texts.com/isl/yaq/yaq037.html]
[sacred-texts.com/isl/pick/037.html]
[sacred-texts.com/isl/sbe09/037.html]
[sacred-texts.com/isl/qr/037.html]
[sacred-texts.com/isl/uq/038.html]
[sacred-texts.com/isl/quran/03705.html]
[sacred-texts.com/isl/quran/03802.html]
[sacred-texts.com/isl/gif/038/038_001.gif]
[sacred-texts.com/isl/gif/038/038_002.gif]
[sacred-texts.com/isl/gif/038/038_003.gif]
[sacred-texts.com/isl/gif/038/038_004.gif]
[sacred-texts.com/isl/gif/038/038_005.gif]
[sacred-texts.com/isl/gif/038/038_006.gif]
[sacred-texts.com/isl/gif/038/038_007.gif]
[sacred-texts.com/isl/gif/038/038_008.gif]
[sacred-texts.com/isl/gif/038/038_009.gif]
[sacred-texts.com/isl/gif/038/038_010.gif]
[sacred-texts.com/isl/gif/038/038_011.gif]
[sacred-texts.com/isl/gif/038/038_012.gif]
[sacred-texts.com/isl/gif/038/038_013.gif]
[sacred-texts.com/isl/gif/038/038_014.gif]
[sacred-texts.com/isl/quran/03801.html]
[sacred-texts.com/isl/yaq/yaq038.html]
[sacred-texts.com/isl/pick/038.html]
[sacred-texts.com/isl/sbe09/038.html]
[sacred-texts.com/isl/qr/038.html]
[sacred-texts.com/isl/uq/039.html]
[sacred-texts.com/isl/quran/03805.html]
[sacred-texts.com/isl/quran/03902.html]
[sacred-texts.com/isl/gif/039/039_001.gif]
[sacred-texts.com/isl/gif/039/039_002.gif]
[sacred-texts.com/isl/gif/039/039_003.gif]
[sacred-texts.com/isl/gif/039/039_004.gif]
[sacred-texts.com/isl/gif/039/039_005.gif]
[sacred-texts.com/isl/gif/039/039_006.gif]
[sacred-texts.com/isl/gif/039/039_007.gif]
[sacred-texts.com/isl/gif/039/039_008.gif]
[sacred-texts.com/isl/gif/039/039_009.gif]
[sacred-texts.com/isl/quran/03901.html]
[sacred-texts.com/isl/yaq/yaq039.html]
[sacred-texts.com/isl/pick/039.html]
[sacred-texts.com/isl/sbe09/039.html]
[sacred-texts.com/isl/qr/039.html]
[sacred-texts.com/isl/uq/040.html]
[sacred-texts.com/isl/quran/03908.html]
[sacred-texts.com/isl/quran/04002.html]
[sacred-texts.com/isl/gif/040/040_001.gif]
[sacred-texts.com/isl/gif/040/040_002.gif]
[sacred-texts.com/isl/gif/040/040_003.gif]
[sacred-texts.com/isl/gif/040/040_004.gif]
[sacred-texts.com/isl/gif/040/040_005.gif]
[sacred-texts.com/isl/gif/040/040_006.gif]
[sacred-texts.com/isl/gif/040/040_007.gif]
[sacred-texts.com/isl/gif/040/040_008.gif]
[sacred-texts.com/isl/gif/040/040_009.gif]
[sacred-texts.com/isl/quran/04001.html]
[sacred-texts.com/isl/yaq/yaq040.html]
[sacred-texts.com/isl/pick/040.html]
[sacred-texts.com/isl/sbe09/040.html]
[sacred-texts.com/isl/qr/040.html]
[sacred-texts.com/isl/uq/041.html]
[sacred-texts.com/isl/quran/04009.html]
[sacred-texts.com/isl/quran/04102.html]
[sacred-texts.com/isl/gif/041/041_001.gif]
[sacred-texts.com/isl/gif/041/041_002.gif]
[sacred-texts.com/isl/gif/041/041_003.gif]
[sacred-texts.com/isl/gif/041/041_004.gif]
[sacred-texts.com/isl/gif/041/041_005.gif]
[sacred-texts.com/isl/gif/041/041_006.gif]
[sacred-texts.com/isl/gif/041/041_007.gif]
[sacred-texts.com/isl/gif/041/041_008.gif]
[sacred-texts.com/isl/quran/04101.html]
[sacred-texts.com/isl/yaq/yaq041.html]
[sacred-texts.com/isl/pick/041.html]
[sacred-texts.com/isl/sbe09/041.html]
[sacred-texts.com/isl/qr/041.html]
[sacred-texts.com/isl/uq/042.html]
[sacred-texts.com/isl/quran/04106.html]
[sacred-texts.com/isl/quran/04202.html]
[sacred-texts.com/isl/gif/042/042_001.gif]
[sacred-texts.com/isl/gif/042/042_002.gif]
[sacred-texts.com/isl/gif/042/042_003.gif]
[sacred-texts.com/isl/gif/042/042_004.gif]
[sacred-texts.com/isl/gif/042/042_005.gif]
[sacred-texts.com/isl/gif/042/042_006.gif]
[sacred-texts.com/isl/gif/042/042_007.gif]
[sacred-texts.com/isl/gif/042/042_008.gif]
[sacred-texts.com/isl/gif/042/042_009.gif]
[sacred-texts.com/isl/quran/04201.html]
[sacred-texts.com/isl/yaq/yaq042.html]
[sacred-texts.com/isl/pick/042.html]
[sacred-texts.com/isl/sbe09/042.html]
[sacred-texts.com/isl/qr/042.html]
[sacred-texts.com/isl/uq/043.html]
[sacred-texts.com/isl/quran/04205.html]
[sacred-texts.com/isl/quran/04302.html]
[sacred-texts.com/isl/gif/043/043_001.gif]
[sacred-texts.com/isl/gif/043/043_002.gif]
[sacred-texts.com/isl/gif/043/043_003.gif]
[sacred-texts.com/isl/gif/043/043_004.gif]
[sacred-texts.com/isl/gif/043/043_005.gif]
[sacred-texts.com/isl/gif/043/043_006.gif]
[sacred-texts.com/isl/gif/043/043_007.gif]
[sacred-texts.com/isl/gif/043/043_008.gif]
[sacred-texts.com/isl/gif/043/043_009.gif]
[sacred-texts.com/isl/gif/043/043_010.gif]
[sacred-texts.com/isl/gif/043/043_011.gif]
[sacred-texts.com/isl/gif/043/043_012.gif]
[sacred-texts.com/isl/gif/043/043_013.gif]
[sacred-texts.com/isl/gif/043/043_014.gif]
[sacred-texts.com/isl/gif/043/043_015.gif]
[sacred-texts.com/isl/quran/04301.html]
[sacred-texts.com/isl/yaq/yaq043.html]
[sacred-texts.com/isl/pick/043.html]
[sacred-texts.com/isl/sbe09/043.html]
[sacred-texts.com/isl/qr/043.html]
[sacred-texts.com/isl/uq/044.html]
[sacred-texts.com/isl/gif/044/044_001.gif]
[sacred-texts.com/isl/gif/044/044_005.gif]
[sacred-texts.com/isl/gif/044/044_006.gif]
[sacred-texts.com/isl/gif/044/044_007.gif]
[sacred-texts.com/isl/gif/044/044_008.gif]
[sacred-texts.com/isl/gif/044/044_009.gif]
[sacred-texts.com/isl/gif/044/044_010.gif]
[sacred-texts.com/isl/gif/044/044_011.gif]
[sacred-texts.com/isl/gif/044/044_012.gif]
[sacred-texts.com/isl/gif/044/044_013.gif]
[sacred-texts.com/isl/gif/044/044_014.gif]
[sacred-texts.com/isl/gif/044/044_015.gif]
[sacred-texts.com/isl/gif/044/044_016.gif]
[sacred-texts.com/isl/gif/044/044_017.gif]
[sacred-texts.com/isl/gif/044/044_018.gif]
[sacred-texts.com/isl/gif/044/044_019.gif]
[sacred-texts.com/isl/gif/044/044_020.gif]
[sacred-texts.com/isl/gif/044/044_021.gif]
[sacred-texts.com/isl/gif/044/044_022.gif]
[sacred-texts.com/isl/gif/044/044_023.gif]
[sacred-texts.com/isl/gif/044/044_024.gif]
[sacred-texts.com/isl/gif/044/044_025.gif]
[sacred-texts.com/isl/gif/044/044_026.gif]
[sacred-texts.com/isl/gif/044/044_027.gif]
[sacred-texts.com/isl/gif/044/044_028.gif]
[sacred-texts.com/isl/gif/044/044_029.gif]
[sacred-texts.com/isl/quran/04401.html]
[sacred-texts.com/isl/yaq/yaq044.html]
[sacred-texts.com/isl/pick/044.html]
[sacred-texts.com/isl/sbe09/044.html]
[sacred-texts.com/isl/qr/044.html]
[sacred-texts.com/isl/uq/045.html]
[sacred-texts.com/isl/quran/04403.html]
[sacred-texts.com/isl/quran/04502.html]
[sacred-texts.com/isl/gif/045/045_001.gif]
[sacred-texts.com/isl/gif/045/045_002.gif]
[sacred-texts.com/isl/gif/045/045_003.gif]
[sacred-texts.com/isl/gif/045/045_004.gif]
[sacred-texts.com/isl/gif/045/045_005.gif]
[sacred-texts.com/isl/gif/045/045_006.gif]
[sacred-texts.com/isl/gif/045/045_007.gif]
[sacred-texts.com/isl/gif/045/045_008.gif]
[sacred-texts.com/isl/gif/045/045_009.gif]
[sacred-texts.com/isl/gif/045/045_010.gif]
[sacred-texts.com/isl/gif/045/045_011.gif]
[sacred-texts.com/isl/quran/04501.html]
[sacred-texts.com/isl/yaq/yaq045.html]
[sacred-texts.com/isl/pick/045.html]
[sacred-texts.com/isl/sbe09/045.html]
[sacred-texts.com/isl/qr/045.html]
[sacred-texts.com/isl/uq/046.html]
[sacred-texts.com/isl/quran/04504.html]
[sacred-texts.com/isl/quran/04602.html]
[sacred-texts.com/isl/gif/046/046_001.gif]
[sacred-texts.com/isl/gif/046/046_002.gif]
[sacred-texts.com/isl/gif/046/046_003.gif]
[sacred-texts.com/isl/gif/046/046_004.gif]
[sacred-texts.com/isl/gif/046/046_005.gif]
[sacred-texts.com/isl/gif/046/046_006.gif]
[sacred-texts.com/isl/gif/046/046_007.gif]
[sacred-texts.com/isl/gif/046/046_008.gif]
[sacred-texts.com/isl/gif/046/046_009.gif]
[sacred-texts.com/isl/gif/046/046_010.gif]
[sacred-texts.com/isl/quran/04601.html]
[sacred-texts.com/isl/yaq/yaq046.html]
[sacred-texts.com/isl/pick/046.html]
[sacred-texts.com/isl/sbe09/046.html]
[sacred-texts.com/isl/qr/046.html]
[sacred-texts.com/isl/uq/047.html]
[sacred-texts.com/isl/quran/04604.html]
[sacred-texts.com/isl/quran/04702.html]
[sacred-texts.com/isl/gif/047/047_001.gif]
[sacred-texts.com/isl/gif/047/047_002.gif]
[sacred-texts.com/isl/gif/047/047_003.gif]
[sacred-texts.com/isl/gif/047/047_004.gif]
[sacred-texts.com/isl/gif/047/047_005.gif]
[sacred-texts.com/isl/gif/047/047_006.gif]
[sacred-texts.com/isl/gif/047/047_007.gif]
[sacred-texts.com/isl/gif/047/047_008.gif]
[sacred-texts.com/isl/gif/047/047_009.gif]
[sacred-texts.com/isl/gif/047/047_010.gif]
[sacred-texts.com/isl/gif/047/047_011.gif]
[sacred-texts.com/isl/quran/04701.html]
[sacred-texts.com/isl/yaq/yaq047.html]
[sacred-texts.com/isl/pick/047.html]
[sacred-texts.com/isl/sbe09/047.html]
[sacred-texts.com/isl/qr/047.html]
[sacred-texts.com/isl/uq/048.html]
[sacred-texts.com/isl/quran/04704.html]
[sacred-texts.com/isl/quran/04802.html]
[sacred-texts.com/isl/gif/048/048_001.gif]
[sacred-texts.com/isl/gif/048/048_002.gif]
[sacred-texts.com/isl/gif/048/048_003.gif]
[sacred-texts.com/isl/gif/048/048_004.gif]
[sacred-texts.com/isl/gif/048/048_005.gif]
[sacred-texts.com/isl/gif/048/048_006.gif]
[sacred-texts.com/isl/gif/048/048_007.gif]
[sacred-texts.com/isl/gif/048/048_008.gif]
[sacred-texts.com/isl/gif/048/048_009.gif]
[sacred-texts.com/isl/gif/048/048_010.gif]
[sacred-texts.com/isl/quran/04801.html]
[sacred-texts.com/isl/yaq/yaq048.html]
[sacred-texts.com/isl/pick/048.html]
[sacred-texts.com/isl/sbe09/048.html]
[sacred-texts.com/isl/qr/048.html]
[sacred-texts.com/isl/uq/049.html]
[sacred-texts.com/isl/quran/04804.html]
[sacred-texts.com/isl/quran/04902.html]
[sacred-texts.com/isl/gif/049/049_001.gif]
[sacred-texts.com/isl/gif/049/049_002.gif]
[sacred-texts.com/isl/gif/049/049_003.gif]
[sacred-texts.com/isl/gif/049/049_004.gif]
[sacred-texts.com/isl/gif/049/049_005.gif]
[sacred-texts.com/isl/gif/049/049_006.gif]
[sacred-texts.com/isl/gif/049/049_007.gif]
[sacred-texts.com/isl/gif/049/049_008.gif]
[sacred-texts.com/isl/gif/049/049_009.gif]
[sacred-texts.com/isl/gif/049/049_010.gif]
[sacred-texts.com/isl/quran/04901.html]
[sacred-texts.com/isl/yaq/yaq049.html]
[sacred-texts.com/isl/pick/049.html]
[sacred-texts.com/isl/sbe09/049.html]
[sacred-texts.com/isl/qr/049.html]
[sacred-texts.com/isl/uq/050.html]
[sacred-texts.com/isl/quran/05002.html]
[sacred-texts.com/isl/gif/050/050_001.gif]
[sacred-texts.com/isl/gif/050/050_002.gif]
[sacred-texts.com/isl/gif/050/050_003.gif]
[sacred-texts.com/isl/gif/050/050_004.gif]
[sacred-texts.com/isl/gif/050/050_005.gif]
[sacred-texts.com/isl/gif/050/050_006.gif]
[sacred-texts.com/isl/gif/050/050_007.gif]
[sacred-texts.com/isl/gif/050/050_008.gif]
[sacred-texts.com/isl/gif/050/050_009.gif]
[sacred-texts.com/isl/gif/050/050_010.gif]
[sacred-texts.com/isl/gif/050/050_011.gif]
[sacred-texts.com/isl/gif/050/050_012.gif]
[sacred-texts.com/isl/gif/050/050_013.gif]
[sacred-texts.com/isl/gif/050/050_014.gif]
[sacred-texts.com/isl/gif/050/050_015.gif]
[sacred-texts.com/isl/quran/05001.html]
[sacred-texts.com/isl/yaq/yaq050.html]
[sacred-texts.com/isl/pick/050.html]
[sacred-texts.com/isl/sbe09/050.html]
[sacred-texts.com/isl/qr/050.html]
[sacred-texts.com/isl/uq/051.html]
[sacred-texts.com/isl/quran/05003.html]
[sacred-texts.com/isl/quran/05102.html]
[sacred-texts.com/isl/gif/051/051_001.gif]
[sacred-texts.com/isl/gif/051/051_002.gif]
[sacred-texts.com/isl/gif/051/051_003.gif]
[sacred-texts.com/isl/gif/051/051_004.gif]
[sacred-texts.com/isl/gif/051/051_005.gif]
[sacred-texts.com/isl/gif/051/051_006.gif]
[sacred-texts.com/isl/gif/051/051_007.gif]
[sacred-texts.com/isl/gif/051/051_008.gif]
[sacred-texts.com/isl/gif/051/051_009.gif]
[sacred-texts.com/isl/gif/051/051_010.gif]
[sacred-texts.com/isl/gif/051/051_011.gif]
[sacred-texts.com/isl/gif/051/051_012.gif]
[sacred-texts.com/isl/gif/051/051_013.gif]
[sacred-texts.com/isl/gif/051/051_014.gif]
[sacred-texts.com/isl/gif/051/051_015.gif]
[sacred-texts.com/isl/gif/051/051_016.gif]
[sacred-texts.com/isl/gif/051/051_017.gif]
[sacred-texts.com/isl/gif/051/051_018.gif]
[sacred-texts.com/isl/gif/051/051_019.gif]
[sacred-texts.com/isl/gif/051/051_020.gif]
[sacred-texts.com/isl/gif/051/051_021.gif]
[sacred-texts.com/isl/gif/051/051_022.gif]
[sacred-texts.com/isl/gif/051/051_023.gif]
[sacred-texts.com/isl/quran/05101.html]
[sacred-texts.com/isl/yaq/yaq051.html]
[sacred-texts.com/isl/pick/051.html]
[sacred-texts.com/isl/sbe09/051.html]
[sacred-texts.com/isl/qr/051.html]
[sacred-texts.com/isl/uq/052.html]
[sacred-texts.com/isl/quran/05103.html]
[sacred-texts.com/isl/quran/05202.html]
[sacred-texts.com/isl/gif/052/052_001.gif]
[sacred-texts.com/isl/gif/052/052_002.gif]
[sacred-texts.com/isl/gif/052/052_003.gif]
[sacred-texts.com/isl/gif/052/052_004.gif]
[sacred-texts.com/isl/gif/052/052_005.gif]
[sacred-texts.com/isl/gif/052/052_006.gif]
[sacred-texts.com/isl/gif/052/052_007.gif]
[sacred-texts.com/isl/gif/052/052_008.gif]
[sacred-texts.com/isl/gif/052/052_009.gif]
[sacred-texts.com/isl/gif/052/052_010.gif]
[sacred-texts.com/isl/gif/052/052_011.gif]
[sacred-texts.com/isl/gif/052/052_012.gif]
[sacred-texts.com/isl/gif/052/052_013.gif]
[sacred-texts.com/isl/gif/052/052_014.gif]
[sacred-texts.com/isl/gif/052/052_015.gif]
[sacred-texts.com/isl/gif/052/052_016.gif]
[sacred-texts.com/isl/gif/052/052_017.gif]
[sacred-texts.com/isl/gif/052/052_018.gif]
[sacred-texts.com/isl/gif/052/052_019.gif]
[sacred-texts.com/isl/gif/052/052_020.gif]
[sacred-texts.com/isl/gif/052/052_021.gif]
[sacred-texts.com/isl/gif/052/052_022.gif]
[sacred-texts.com/isl/gif/052/052_023.gif]
[sacred-texts.com/isl/gif/052/052_024.gif]
[sacred-texts.com/isl/gif/052/052_025.gif]
[sacred-texts.com/isl/gif/052/052_026.gif]
[sacred-texts.com/isl/gif/052/052_027.gif]
[sacred-texts.com/isl/gif/052/052_028.gif]
[sacred-texts.com/isl/quran/05201.html]
[sacred-texts.com/isl/yaq/yaq052.html]
[sacred-texts.com/isl/pick/052.html]
[sacred-texts.com/isl/sbe09/052.html]
[sacred-texts.com/isl/qr/052.html]
[sacred-texts.com/isl/uq/053.html]
[sacred-texts.com/isl/quran/05302.html]
[sacred-texts.com/isl/gif/053/053_001.gif]
[sacred-texts.com/isl/gif/053/053_002.gif]
[sacred-texts.com/isl/gif/053/053_003.gif]
[sacred-texts.com/isl/gif/053/053_004.gif]
[sacred-texts.com/isl/gif/053/053_005.gif]
[sacred-texts.com/isl/gif/053/053_006.gif]
[sacred-texts.com/isl/gif/053/053_007.gif]
[sacred-texts.com/isl/gif/053/053_008.gif]
[sacred-texts.com/isl/gif/053/053_009.gif]
[sacred-texts.com/isl/gif/053/053_010.gif]
[sacred-texts.com/isl/gif/053/053_011.gif]
[sacred-texts.com/isl/gif/053/053_012.gif]
[sacred-texts.com/isl/gif/053/053_013.gif]
[sacred-texts.com/isl/gif/053/053_014.gif]
[sacred-texts.com/isl/gif/053/053_015.gif]
[sacred-texts.com/isl/gif/053/053_016.gif]
[sacred-texts.com/isl/gif/053/053_017.gif]
[sacred-texts.com/isl/gif/053/053_018.gif]
[sacred-texts.com/isl/gif/053/053_019.gif]
[sacred-texts.com/isl/gif/053/053_020.gif]
[sacred-texts.com/isl/gif/053/053_021.gif]
[sacred-texts.com/isl/gif/053/053_022.gif]
[sacred-texts.com/isl/gif/053/053_023.gif]
[sacred-texts.com/isl/gif/053/053_024.gif]
[sacred-texts.com/isl/gif/053/053_025.gif]
[sacred-texts.com/isl/quran/05301.html]
[sacred-texts.com/isl/yaq/yaq053.html]
[sacred-texts.com/isl/pick/053.html]
[sacred-texts.com/isl/sbe09/053.html]
[sacred-texts.com/isl/qr/053.html]
[sacred-texts.com/isl/uq/054.html]
[sacred-texts.com/isl/quran/05303.html]
[sacred-texts.com/isl/quran/05402.html]
[sacred-texts.com/isl/gif/054/054_001.gif]
[sacred-texts.com/isl/gif/054/054_002.gif]
[sacred-texts.com/isl/gif/054/054_003.gif]
[sacred-texts.com/isl/gif/054/054_004.gif]
[sacred-texts.com/isl/gif/054/054_005.gif]
[sacred-texts.com/isl/gif/054/054_006.gif]
[sacred-texts.com/isl/gif/054/054_007.gif]
[sacred-texts.com/isl/gif/054/054_008.gif]
[sacred-texts.com/isl/gif/054/054_009.gif]
[sacred-texts.com/isl/gif/054/054_010.gif]
[sacred-texts.com/isl/gif/054/054_011.gif]
[sacred-texts.com/isl/gif/054/054_012.gif]
[sacred-texts.com/isl/gif/054/054_013.gif]
[sacred-texts.com/isl/gif/054/054_014.gif]
[sacred-texts.com/isl/gif/054/054_015.gif]
[sacred-texts.com/isl/gif/054/054_016.gif]
[sacred-texts.com/isl/gif/054/054_017.gif]
[sacred-texts.com/isl/gif/054/054_018.gif]
[sacred-texts.com/isl/gif/054/054_019.gif]
[sacred-texts.com/isl/gif/054/054_020.gif]
[sacred-texts.com/isl/gif/054/054_021.gif]
[sacred-texts.com/isl/gif/054/054_022.gif]
[sacred-texts.com/isl/quran/05401.html]
[sacred-texts.com/isl/yaq/yaq054.html]
[sacred-texts.com/isl/pick/054.html]
[sacred-texts.com/isl/sbe09/054.html]
[sacred-texts.com/isl/qr/054.html]
[sacred-texts.com/isl/uq/055.html]
[sacred-texts.com/isl/quran/05403.html]
[sacred-texts.com/isl/quran/05502.html]
[sacred-texts.com/isl/gif/055/055_001.gif]
[sacred-texts.com/isl/gif/055/055_002.gif]
[sacred-texts.com/isl/gif/055/055_003.gif]
[sacred-texts.com/isl/gif/055/055_004.gif]
[sacred-texts.com/isl/gif/055/055_005.gif]
[sacred-texts.com/isl/gif/055/055_006.gif]
[sacred-texts.com/isl/gif/055/055_007.gif]
[sacred-texts.com/isl/gif/055/055_008.gif]
[sacred-texts.com/isl/gif/055/055_009.gif]
[sacred-texts.com/isl/gif/055/055_010.gif]
[sacred-texts.com/isl/gif/055/055_011.gif]
[sacred-texts.com/isl/gif/055/055_012.gif]
[sacred-texts.com/isl/gif/055/055_013.gif]
[sacred-texts.com/isl/gif/055/055_014.gif]
[sacred-texts.com/isl/gif/055/055_015.gif]
[sacred-texts.com/isl/gif/055/055_016.gif]
[sacred-texts.com/isl/gif/055/055_017.gif]
[sacred-texts.com/isl/gif/055/055_018.gif]
[sacred-texts.com/isl/gif/055/055_019.gif]
[sacred-texts.com/isl/gif/055/055_020.gif]
[sacred-texts.com/isl/gif/055/055_021.gif]
[sacred-texts.com/isl/gif/055/055_022.gif]
[sacred-texts.com/isl/gif/055/055_023.gif]
[sacred-texts.com/isl/gif/055/055_024.gif]
[sacred-texts.com/isl/gif/055/055_025.gif]
[sacred-texts.com/isl/quran/05501.html]
[sacred-texts.com/isl/yaq/yaq055.html]
[sacred-texts.com/isl/pick/055.html]
[sacred-texts.com/isl/sbe09/055.html]
[sacred-texts.com/isl/qr/055.html]
[sacred-texts.com/isl/uq/056.html]
[sacred-texts.com/isl/quran/05503.html]
[sacred-texts.com/isl/quran/05602.html]
[sacred-texts.com/isl/gif/056/056_001.gif]
[sacred-texts.com/isl/gif/056/056_002.gif]
[sacred-texts.com/isl/gif/056/056_003.gif]
[sacred-texts.com/isl/gif/056/056_004.gif]
[sacred-texts.com/isl/gif/056/056_005.gif]
[sacred-texts.com/isl/gif/056/056_006.gif]
[sacred-texts.com/isl/gif/056/056_007.gif]
[sacred-texts.com/isl/gif/056/056_008.gif]
[sacred-texts.com/isl/gif/056/056_009.gif]
[sacred-texts.com/isl/gif/056/056_010.gif]
[sacred-texts.com/isl/gif/056/056_011.gif]
[sacred-texts.com/isl/gif/056/056_012.gif]
[sacred-texts.com/isl/gif/056/056_013.gif]
[sacred-texts.com/isl/gif/056/056_014.gif]
[sacred-texts.com/isl/gif/056/056_015.gif]
[sacred-texts.com/isl/gif/056/056_016.gif]
[sacred-texts.com/isl/gif/056/056_017.gif]
[sacred-texts.com/isl/gif/056/056_018.gif]
[sacred-texts.com/isl/gif/056/056_019.gif]
[sacred-texts.com/isl/gif/056/056_020.gif]
[sacred-texts.com/isl/gif/056/056_021.gif]
[sacred-texts.com/isl/gif/056/056_022.gif]
[sacred-texts.com/isl/gif/056/056_023.gif]
[sacred-texts.com/isl/gif/056/056_024.gif]
[sacred-texts.com/isl/gif/056/056_025.gif]
[sacred-texts.com/isl/gif/056/056_026.gif]
[sacred-texts.com/isl/gif/056/056_027.gif]
[sacred-texts.com/isl/gif/056/056_028.gif]
[sacred-texts.com/isl/gif/056/056_029.gif]
[sacred-texts.com/isl/gif/056/056_030.gif]
[sacred-texts.com/isl/gif/056/056_031.gif]
[sacred-texts.com/isl/gif/056/056_032.gif]
[sacred-texts.com/isl/gif/056/056_033.gif]
[sacred-texts.com/isl/gif/056/056_034.gif]
[sacred-texts.com/isl/gif/056/056_035.gif]
[sacred-texts.com/isl/gif/056/056_036.gif]
[sacred-texts.com/isl/gif/056/056_037.gif]
[sacred-texts.com/isl/gif/056/056_038.gif]
[sacred-texts.com/isl/quran/05601.html]
[sacred-texts.com/isl/yaq/yaq056.html]
[sacred-texts.com/isl/pick/056.html]
[sacred-texts.com/isl/sbe09/056.html]
[sacred-texts.com/isl/qr/056.html]
[sacred-texts.com/isl/uq/057.html]
[sacred-texts.com/isl/quran/05603.html]
[sacred-texts.com/isl/quran/05702.html]
[sacred-texts.com/isl/gif/057/057_001.gif]
[sacred-texts.com/isl/gif/057/057_002.gif]
[sacred-texts.com/isl/gif/057/057_003.gif]
[sacred-texts.com/isl/gif/057/057_004.gif]
[sacred-texts.com/isl/gif/057/057_005.gif]
[sacred-texts.com/isl/gif/057/057_006.gif]
[sacred-texts.com/isl/gif/057/057_007.gif]
[sacred-texts.com/isl/gif/057/057_008.gif]
[sacred-texts.com/isl/gif/057/057_009.gif]
[sacred-texts.com/isl/gif/057/057_010.gif]
[sacred-texts.com/isl/quran/05701.html]
[sacred-texts.com/isl/yaq/yaq057.html]
[sacred-texts.com/isl/pick/057.html]
[sacred-texts.com/isl/sbe09/057.html]
[sacred-texts.com/isl/qr/057.html]
[sacred-texts.com/isl/uq/058.html]
[sacred-texts.com/isl/quran/05704.html]
[sacred-texts.com/isl/quran/05802.html]
[sacred-texts.com/isl/gif/058/058_001.gif]
[sacred-texts.com/isl/gif/058/058_002.gif]
[sacred-texts.com/isl/gif/058/058_003.gif]
[sacred-texts.com/isl/gif/058/058_004.gif]
[sacred-texts.com/isl/gif/058/058_005.gif]
[sacred-texts.com/isl/gif/058/058_006.gif]
[sacred-texts.com/isl/quran/05801.html]
[sacred-texts.com/isl/yaq/yaq058.html]
[sacred-texts.com/isl/pick/058.html]
[sacred-texts.com/isl/sbe09/058.html]
[sacred-texts.com/isl/qr/058.html]
[sacred-texts.com/isl/uq/059.html]
[sacred-texts.com/isl/quran/05803.html]
[sacred-texts.com/isl/quran/05902.html]
[sacred-texts.com/isl/gif/059/059_001.gif]
[sacred-texts.com/isl/gif/059/059_002.gif]
[sacred-texts.com/isl/gif/059/059_003.gif]
[sacred-texts.com/isl/gif/059/059_004.gif]
[sacred-texts.com/isl/gif/059/059_005.gif]
[sacred-texts.com/isl/gif/059/059_006.gif]
[sacred-texts.com/isl/gif/059/059_007.gif]
[sacred-texts.com/isl/gif/059/059_008.gif]
[sacred-texts.com/isl/gif/059/059_009.gif]
[sacred-texts.com/isl/gif/059/059_010.gif]
[sacred-texts.com/isl/quran/05901.html]
[sacred-texts.com/isl/yaq/yaq059.html]
[sacred-texts.com/isl/pick/059.html]
[sacred-texts.com/isl/sbe09/059.html]
[sacred-texts.com/isl/qr/059.html]
[sacred-texts.com/isl/uq/060.html]
[sacred-texts.com/isl/quran/05903.html]
[sacred-texts.com/isl/quran/06002.html]
[sacred-texts.com/isl/gif/060/060_001.gif]
[sacred-texts.com/isl/gif/060/060_002.gif]
[sacred-texts.com/isl/gif/060/060_003.gif]
[sacred-texts.com/isl/gif/060/060_004.gif]
[sacred-texts.com/isl/gif/060/060_005.gif]
[sacred-texts.com/isl/gif/060/060_006.gif]
[sacred-texts.com/isl/quran/06001.html]
[sacred-texts.com/isl/yaq/yaq060.html]
[sacred-texts.com/isl/pick/060.html]
[sacred-texts.com/isl/sbe09/060.html]
[sacred-texts.com/isl/qr/060.html]
[sacred-texts.com/isl/uq/061.html]
[sacred-texts.com/isl/quran/06102.html]
[sacred-texts.com/isl/gif/061/061_001.gif]
[sacred-texts.com/isl/gif/061/061_002.gif]
[sacred-texts.com/isl/gif/061/061_003.gif]
[sacred-texts.com/isl/gif/061/061_004.gif]
[sacred-texts.com/isl/gif/061/061_005.gif]
[sacred-texts.com/isl/gif/061/061_006.gif]
[sacred-texts.com/isl/gif/061/061_007.gif]
[sacred-texts.com/isl/gif/061/061_008.gif]
[sacred-texts.com/isl/gif/061/061_009.gif]
[sacred-texts.com/isl/quran/06101.html]
[sacred-texts.com/isl/yaq/yaq061.html]
[sacred-texts.com/isl/pick/061.html]
[sacred-texts.com/isl/sbe09/061.html]
[sacred-texts.com/isl/qr/061.html]
[sacred-texts.com/isl/uq/062.html]
[sacred-texts.com/isl/quran/06202.html]
[sacred-texts.com/isl/gif/062/062_001.gif]
[sacred-texts.com/isl/gif/062/062_002.gif]
[sacred-texts.com/isl/gif/062/062_003.gif]
[sacred-texts.com/isl/gif/062/062_004.gif]
[sacred-texts.com/isl/gif/062/062_005.gif]
[sacred-texts.com/isl/gif/062/062_006.gif]
[sacred-texts.com/isl/gif/062/062_007.gif]
[sacred-texts.com/isl/gif/062/062_008.gif]
[sacred-texts.com/isl/quran/06201.html]
[sacred-texts.com/isl/yaq/yaq062.html]
[sacred-texts.com/isl/pick/062.html]
[sacred-texts.com/isl/sbe09/062.html]
[sacred-texts.com/isl/qr/062.html]
[sacred-texts.com/isl/uq/063.html]
[sacred-texts.com/isl/quran/06302.html]
[sacred-texts.com/isl/gif/063/063_001.gif]
[sacred-texts.com/isl/gif/063/063_002.gif]
[sacred-texts.com/isl/gif/063/063_003.gif]
[sacred-texts.com/isl/gif/063/063_004.gif]
[sacred-texts.com/isl/gif/063/063_005.gif]
[sacred-texts.com/isl/gif/063/063_006.gif]
[sacred-texts.com/isl/gif/063/063_007.gif]
[sacred-texts.com/isl/gif/063/063_008.gif]
[sacred-texts.com/isl/quran/06301.html]
[sacred-texts.com/isl/yaq/yaq063.html]
[sacred-texts.com/isl/pick/063.html]
[sacred-texts.com/isl/sbe09/063.html]
[sacred-texts.com/isl/qr/063.html]
[sacred-texts.com/isl/uq/064.html]
[sacred-texts.com/isl/quran/06402.html]
[sacred-texts.com/isl/gif/064/064_001.gif]
[sacred-texts.com/isl/gif/064/064_002.gif]
[sacred-texts.com/isl/gif/064/064_003.gif]
[sacred-texts.com/isl/gif/064/064_004.gif]
[sacred-texts.com/isl/gif/064/064_005.gif]
[sacred-texts.com/isl/gif/064/064_006.gif]
[sacred-texts.com/isl/gif/064/064_007.gif]
[sacred-texts.com/isl/gif/064/064_008.gif]
[sacred-texts.com/isl/gif/064/064_009.gif]
[sacred-texts.com/isl/gif/064/064_010.gif]
[sacred-texts.com/isl/quran/06401.html]
[sacred-texts.com/isl/yaq/yaq064.html]
[sacred-texts.com/isl/pick/064.html]
[sacred-texts.com/isl/sbe09/064.html]
[sacred-texts.com/isl/qr/064.html]
[sacred-texts.com/isl/uq/065.html]
[sacred-texts.com/isl/quran/06502.html]
[sacred-texts.com/isl/gif/065/065_001.gif]
[sacred-texts.com/isl/gif/065/065_002.gif]
[sacred-texts.com/isl/gif/065/065_003.gif]
[sacred-texts.com/isl/gif/065/065_004.gif]
[sacred-texts.com/isl/gif/065/065_005.gif]
[sacred-texts.com/isl/gif/065/065_006.gif]
[sacred-texts.com/isl/gif/065/065_007.gif]
[sacred-texts.com/isl/quran/06501.html]
[sacred-texts.com/isl/yaq/yaq065.html]
[sacred-texts.com/isl/pick/065.html]
[sacred-texts.com/isl/sbe09/065.html]
[sacred-texts.com/isl/qr/065.html]
[sacred-texts.com/isl/uq/066.html]
[sacred-texts.com/isl/quran/06602.html]
[sacred-texts.com/isl/gif/066/066_001.gif]
[sacred-texts.com/isl/gif/066/066_002.gif]
[sacred-texts.com/isl/gif/066/066_003.gif]
[sacred-texts.com/isl/gif/066/066_004.gif]
[sacred-texts.com/isl/gif/066/066_005.gif]
[sacred-texts.com/isl/gif/066/066_006.gif]
[sacred-texts.com/isl/gif/066/066_007.gif]
[sacred-texts.com/isl/quran/06601.html]
[sacred-texts.com/isl/yaq/yaq066.html]
[sacred-texts.com/isl/pick/066.html]
[sacred-texts.com/isl/sbe09/066.html]
[sacred-texts.com/isl/qr/066.html]
[sacred-texts.com/isl/uq/067.html]
[sacred-texts.com/isl/quran/06702.html]
[sacred-texts.com/isl/gif/067/067_001.gif]
[sacred-texts.com/isl/gif/067/067_002.gif]
[sacred-texts.com/isl/gif/067/067_003.gif]
[sacred-texts.com/isl/gif/067/067_004.gif]
[sacred-texts.com/isl/gif/067/067_005.gif]
[sacred-texts.com/isl/gif/067/067_006.gif]
[sacred-texts.com/isl/gif/067/067_007.gif]
[sacred-texts.com/isl/gif/067/067_008.gif]
[sacred-texts.com/isl/gif/067/067_009.gif]
[sacred-texts.com/isl/gif/067/067_010.gif]
[sacred-texts.com/isl/gif/067/067_011.gif]
[sacred-texts.com/isl/gif/067/067_012.gif]
[sacred-texts.com/isl/gif/067/067_013.gif]
[sacred-texts.com/isl/gif/067/067_014.gif]
[sacred-texts.com/isl/quran/06701.html]
[sacred-texts.com/isl/yaq/yaq067.html]
[sacred-texts.com/isl/pick/067.html]
[sacred-texts.com/isl/sbe09/067.html]
[sacred-texts.com/isl/qr/067.html]
[sacred-texts.com/isl/uq/068.html]
[sacred-texts.com/isl/quran/06802.html]
[sacred-texts.com/isl/gif/068/068_001.gif]
[sacred-texts.com/isl/gif/068/068_002.gif]
[sacred-texts.com/isl/gif/068/068_003.gif]
[sacred-texts.com/isl/gif/068/068_004.gif]
[sacred-texts.com/isl/gif/068/068_005.gif]
[sacred-texts.com/isl/gif/068/068_006.gif]
[sacred-texts.com/isl/gif/068/068_007.gif]
[sacred-texts.com/isl/gif/068/068_008.gif]
[sacred-texts.com/isl/gif/068/068_009.gif]
[sacred-texts.com/isl/gif/068/068_010.gif]
[sacred-texts.com/isl/gif/068/068_011.gif]
[sacred-texts.com/isl/gif/068/068_012.gif]
[sacred-texts.com/isl/gif/068/068_013.gif]
[sacred-texts.com/isl/gif/068/068_014.gif]
[sacred-texts.com/isl/gif/068/068_015.gif]
[sacred-texts.com/isl/gif/068/068_016.gif]
[sacred-texts.com/isl/gif/068/068_017.gif]
[sacred-texts.com/isl/gif/068/068_018.gif]
[sacred-texts.com/isl/gif/068/068_019.gif]
[sacred-texts.com/isl/gif/068/068_020.gif]
[sacred-texts.com/isl/gif/068/068_021.gif]
[sacred-texts.com/isl/gif/068/068_022.gif]
[sacred-texts.com/isl/gif/068/068_023.gif]
[sacred-texts.com/isl/gif/068/068_024.gif]
[sacred-texts.com/isl/gif/068/068_025.gif]
[sacred-texts.com/isl/gif/068/068_026.gif]
[sacred-texts.com/isl/gif/068/068_027.gif]
[sacred-texts.com/isl/gif/068/068_028.gif]
[sacred-texts.com/isl/gif/068/068_029.gif]
[sacred-texts.com/isl/gif/068/068_030.gif]
[sacred-texts.com/isl/gif/068/068_031.gif]
[sacred-texts.com/isl/gif/068/068_032.gif]
[sacred-texts.com/isl/gif/068/068_033.gif]
[sacred-texts.com/isl/quran/06801.html]
[sacred-texts.com/isl/yaq/yaq068.html]
[sacred-texts.com/isl/pick/068.html]
[sacred-texts.com/isl/sbe09/068.html]
[sacred-texts.com/isl/qr/068.html]
[sacred-texts.com/isl/uq/069.html]
[sacred-texts.com/isl/quran/06902.html]
[sacred-texts.com/isl/gif/069/069_001.gif]
[sacred-texts.com/isl/gif/069/069_002.gif]
[sacred-texts.com/isl/gif/069/069_003.gif]
[sacred-texts.com/isl/gif/069/069_004.gif]
[sacred-texts.com/isl/gif/069/069_005.gif]
[sacred-texts.com/isl/gif/069/069_006.gif]
[sacred-texts.com/isl/gif/069/069_007.gif]
[sacred-texts.com/isl/gif/069/069_008.gif]
[sacred-texts.com/isl/gif/069/069_009.gif]
[sacred-texts.com/isl/gif/069/069_010.gif]
[sacred-texts.com/isl/gif/069/069_011.gif]
[sacred-texts.com/isl/gif/069/069_012.gif]
[sacred-texts.com/isl/gif/069/069_013.gif]
[sacred-texts.com/isl/gif/069/069_014.gif]
[sacred-texts.com/isl/gif/069/069_015.gif]
[sacred-texts.com/isl/gif/069/069_016.gif]
[sacred-texts.com/isl/gif/069/069_017.gif]
[sacred-texts.com/isl/gif/069/069_018.gif]
[sacred-texts.com/isl/gif/069/069_019.gif]
[sacred-texts.com/isl/gif/069/069_020.gif]
[sacred-texts.com/isl/gif/069/069_021.gif]
[sacred-texts.com/isl/gif/069/069_022.gif]
[sacred-texts.com/isl/gif/069/069_023.gif]
[sacred-texts.com/isl/gif/069/069_024.gif]
[sacred-texts.com/isl/gif/069/069_025.gif]
[sacred-texts.com/isl/gif/069/069_026.gif]
[sacred-texts.com/isl/gif/069/069_027.gif]
[sacred-texts.com/isl/gif/069/069_028.gif]
[sacred-texts.com/isl/gif/069/069_029.gif]
[sacred-texts.com/isl/gif/069/069_030.gif]
[sacred-texts.com/isl/gif/069/069_031.gif]
[sacred-texts.com/isl/gif/069/069_032.gif]
[sacred-texts.com/isl/gif/069/069_033.gif]
[sacred-texts.com/isl/gif/069/069_034.gif]
[sacred-texts.com/isl/gif/069/069_035.gif]
[sacred-texts.com/isl/gif/069/069_036.gif]
[sacred-texts.com/isl/gif/069/069_037.gif]
[sacred-texts.com/isl/quran/06901.html]
[sacred-texts.com/isl/yaq/yaq069.html]
[sacred-texts.com/isl/pick/069.html]
[sacred-texts.com/isl/sbe09/069.html]
[sacred-texts.com/isl/qr/069.html]
[sacred-texts.com/isl/uq/070.html]
[sacred-texts.com/isl/quran/07002.html]
[sacred-texts.com/isl/gif/070/070_001.gif]
[sacred-texts.com/isl/gif/070/070_002.gif]
[sacred-texts.com/isl/gif/070/070_003.gif]
[sacred-texts.com/isl/gif/070/070_004.gif]
[sacred-texts.com/isl/gif/070/070_005.gif]
[sacred-texts.com/isl/gif/070/070_006.gif]
[sacred-texts.com/isl/gif/070/070_007.gif]
[sacred-texts.com/isl/gif/070/070_008.gif]
[sacred-texts.com/isl/gif/070/070_009.gif]
[sacred-texts.com/isl/gif/070/070_010.gif]
[sacred-texts.com/isl/gif/070/070_011.gif]
[sacred-texts.com/isl/gif/070/070_012.gif]
[sacred-texts.com/isl/gif/070/070_013.gif]
[sacred-texts.com/isl/gif/070/070_014.gif]
[sacred-texts.com/isl/gif/070/070_015.gif]
[sacred-texts.com/isl/gif/070/070_016.gif]
[sacred-texts.com/isl/gif/070/070_017.gif]
[sacred-texts.com/isl/gif/070/070_018.gif]
[sacred-texts.com/isl/gif/070/070_019.gif]
[sacred-texts.com/isl/gif/070/070_020.gif]
[sacred-texts.com/isl/gif/070/070_021.gif]
[sacred-texts.com/isl/gif/070/070_022.gif]
[sacred-texts.com/isl/gif/070/070_023.gif]
[sacred-texts.com/isl/gif/070/070_024.gif]
[sacred-texts.com/isl/gif/070/070_025.gif]
[sacred-texts.com/isl/gif/070/070_026.gif]
[sacred-texts.com/isl/gif/070/070_027.gif]
[sacred-texts.com/isl/gif/070/070_028.gif]
[sacred-texts.com/isl/gif/070/070_029.gif]
[sacred-texts.com/isl/gif/070/070_030.gif]
[sacred-texts.com/isl/gif/070/070_031.gif]
[sacred-texts.com/isl/gif/070/070_032.gif]
[sacred-texts.com/isl/gif/070/070_033.gif]
[sacred-texts.com/isl/gif/070/070_034.gif]
[sacred-texts.com/isl/gif/070/070_035.gif]
[sacred-texts.com/isl/quran/07001.html]
[sacred-texts.com/isl/yaq/yaq070.html]
[sacred-texts.com/isl/pick/070.html]
[sacred-texts.com/isl/sbe09/070.html]
[sacred-texts.com/isl/qr/070.html]
[sacred-texts.com/isl/uq/071.html]
[sacred-texts.com/isl/quran/07102.html]
[sacred-texts.com/isl/gif/071/071_001.gif]
[sacred-texts.com/isl/gif/071/071_002.gif]
[sacred-texts.com/isl/gif/071/071_003.gif]
[sacred-texts.com/isl/gif/071/071_004.gif]
[sacred-texts.com/isl/gif/071/071_005.gif]
[sacred-texts.com/isl/gif/071/071_006.gif]
[sacred-texts.com/isl/gif/071/071_007.gif]
[sacred-texts.com/isl/gif/071/071_008.gif]
[sacred-texts.com/isl/gif/071/071_009.gif]
[sacred-texts.com/isl/gif/071/071_010.gif]
[sacred-texts.com/isl/gif/071/071_011.gif]
[sacred-texts.com/isl/gif/071/071_012.gif]
[sacred-texts.com/isl/gif/071/071_013.gif]
[sacred-texts.com/isl/gif/071/071_014.gif]
[sacred-texts.com/isl/gif/071/071_015.gif]
[sacred-texts.com/isl/gif/071/071_016.gif]
[sacred-texts.com/isl/gif/071/071_017.gif]
[sacred-texts.com/isl/gif/071/071_018.gif]
[sacred-texts.com/isl/gif/071/071_019.gif]
[sacred-texts.com/isl/gif/071/071_020.gif]
[sacred-texts.com/isl/quran/07101.html]
[sacred-texts.com/isl/yaq/yaq071.html]
[sacred-texts.com/isl/pick/071.html]
[sacred-texts.com/isl/sbe09/071.html]
[sacred-texts.com/isl/qr/071.html]
[sacred-texts.com/isl/uq/072.html]
[sacred-texts.com/isl/quran/07202.html]
[sacred-texts.com/isl/gif/072/072_001.gif]
[sacred-texts.com/isl/gif/072/072_002.gif]
[sacred-texts.com/isl/gif/072/072_003.gif]
[sacred-texts.com/isl/gif/072/072_004.gif]
[sacred-texts.com/isl/gif/072/072_005.gif]
[sacred-texts.com/isl/gif/072/072_006.gif]
[sacred-texts.com/isl/gif/072/072_007.gif]
[sacred-texts.com/isl/gif/072/072_008.gif]
[sacred-texts.com/isl/gif/072/072_009.gif]
[sacred-texts.com/isl/gif/072/072_010.gif]
[sacred-texts.com/isl/gif/072/072_011.gif]
[sacred-texts.com/isl/gif/072/072_012.gif]
[sacred-texts.com/isl/gif/072/072_013.gif]
[sacred-texts.com/isl/gif/072/072_014.gif]
[sacred-texts.com/isl/gif/072/072_015.gif]
[sacred-texts.com/isl/gif/072/072_016.gif]
[sacred-texts.com/isl/gif/072/072_017.gif]
[sacred-texts.com/isl/gif/072/072_018.gif]
[sacred-texts.com/isl/gif/072/072_019.gif]
[sacred-texts.com/isl/quran/07201.html]
[sacred-texts.com/isl/yaq/yaq072.html]
[sacred-texts.com/isl/pick/072.html]
[sacred-texts.com/isl/sbe09/072.html]
[sacred-texts.com/isl/qr/072.html]
[sacred-texts.com/isl/uq/073.html]
[sacred-texts.com/isl/quran/07302.html]
[sacred-texts.com/isl/gif/073/073_001.gif]
[sacred-texts.com/isl/gif/073/073_002.gif]
[sacred-texts.com/isl/gif/073/073_003.gif]
[sacred-texts.com/isl/gif/073/073_004.gif]
[sacred-texts.com/isl/gif/073/073_005.gif]
[sacred-texts.com/isl/gif/073/073_006.gif]
[sacred-texts.com/isl/gif/073/073_007.gif]
[sacred-texts.com/isl/gif/073/073_008.gif]
[sacred-texts.com/isl/gif/073/073_009.gif]
[sacred-texts.com/isl/gif/073/073_010.gif]
[sacred-texts.com/isl/gif/073/073_011.gif]
[sacred-texts.com/isl/gif/073/073_012.gif]
[sacred-texts.com/isl/gif/073/073_013.gif]
[sacred-texts.com/isl/gif/073/073_014.gif]
[sacred-texts.com/isl/gif/073/073_015.gif]
[sacred-texts.com/isl/gif/073/073_016.gif]
[sacred-texts.com/isl/gif/073/073_017.gif]
[sacred-texts.com/isl/gif/073/073_018.gif]
[sacred-texts.com/isl/gif/073/073_019.gif]
[sacred-texts.com/isl/quran/07301.html]
[sacred-texts.com/isl/yaq/yaq073.html]
[sacred-texts.com/isl/pick/073.html]
[sacred-texts.com/isl/sbe09/073.html]
[sacred-texts.com/isl/qr/073.html]
[sacred-texts.com/isl/uq/074.html]
[sacred-texts.com/isl/quran/07402.html]
[sacred-texts.com/isl/gif/074/074_001.gif]
[sacred-texts.com/isl/gif/074/074_002.gif]
[sacred-texts.com/isl/gif/074/074_003.gif]
[sacred-texts.com/isl/gif/074/074_004.gif]
[sacred-texts.com/isl/gif/074/074_005.gif]
[sacred-texts.com/isl/gif/074/074_006.gif]
[sacred-texts.com/isl/gif/074/074_007.gif]
[sacred-texts.com/isl/gif/074/074_008.gif]
[sacred-texts.com/isl/gif/074/074_009.gif]
[sacred-texts.com/isl/gif/074/074_010.gif]
[sacred-texts.com/isl/gif/074/074_011.gif]
[sacred-texts.com/isl/gif/074/074_012.gif]
[sacred-texts.com/isl/gif/074/074_013.gif]
[sacred-texts.com/isl/gif/074/074_014.gif]
[sacred-texts.com/isl/gif/074/074_015.gif]
[sacred-texts.com/isl/gif/074/074_016.gif]
[sacred-texts.com/isl/gif/074/074_017.gif]
[sacred-texts.com/isl/gif/074/074_018.gif]
[sacred-texts.com/isl/gif/074/074_019.gif]
[sacred-texts.com/isl/gif/074/074_020.gif]
[sacred-texts.com/isl/gif/074/074_021.gif]
[sacred-texts.com/isl/gif/074/074_022.gif]
[sacred-texts.com/isl/gif/074/074_023.gif]
[sacred-texts.com/isl/gif/074/074_024.gif]
[sacred-texts.com/isl/gif/074/074_025.gif]
[sacred-texts.com/isl/gif/074/074_026.gif]
[sacred-texts.com/isl/gif/074/074_027.gif]
[sacred-texts.com/isl/gif/074/074_028.gif]
[sacred-texts.com/isl/gif/074/074_029.gif]
[sacred-texts.com/isl/gif/074/074_030.gif]
[sacred-texts.com/isl/gif/074/074_031.gif]
[sacred-texts.com/isl/quran/07401.html]
[sacred-texts.com/isl/yaq/yaq074.html]
[sacred-texts.com/isl/pick/074.html]
[sacred-texts.com/isl/sbe09/074.html]
[sacred-texts.com/isl/qr/074.html]
[sacred-texts.com/isl/uq/075.html]
[sacred-texts.com/isl/quran/07502.html]
[sacred-texts.com/isl/gif/075/075_001.gif]
[sacred-texts.com/isl/gif/075/075_002.gif]
[sacred-texts.com/isl/gif/075/075_003.gif]
[sacred-texts.com/isl/gif/075/075_004.gif]
[sacred-texts.com/isl/gif/075/075_005.gif]
[sacred-texts.com/isl/gif/075/075_006.gif]
[sacred-texts.com/isl/gif/075/075_007.gif]
[sacred-texts.com/isl/gif/075/075_008.gif]
[sacred-texts.com/isl/gif/075/075_009.gif]
[sacred-texts.com/isl/gif/075/075_010.gif]
[sacred-texts.com/isl/gif/075/075_011.gif]
[sacred-texts.com/isl/gif/075/075_012.gif]
[sacred-texts.com/isl/gif/075/075_013.gif]
[sacred-texts.com/isl/gif/075/075_014.gif]
[sacred-texts.com/isl/gif/075/075_015.gif]
[sacred-texts.com/isl/gif/075/075_016.gif]
[sacred-texts.com/isl/gif/075/075_017.gif]
[sacred-texts.com/isl/gif/075/075_018.gif]
[sacred-texts.com/isl/gif/075/075_019.gif]
[sacred-texts.com/isl/gif/075/075_020.gif]
[sacred-texts.com/isl/gif/075/075_021.gif]
[sacred-texts.com/isl/gif/075/075_022.gif]
[sacred-texts.com/isl/gif/075/075_023.gif]
[sacred-texts.com/isl/gif/075/075_024.gif]
[sacred-texts.com/isl/gif/075/075_025.gif]
[sacred-texts.com/isl/gif/075/075_026.gif]
[sacred-texts.com/isl/gif/075/075_027.gif]
[sacred-texts.com/isl/gif/075/075_028.gif]
[sacred-texts.com/isl/gif/075/075_029.gif]
[sacred-texts.com/isl/gif/075/075_030.gif]
[sacred-texts.com/isl/quran/07501.html]
[sacred-texts.com/isl/yaq/yaq075.html]
[sacred-texts.com/isl/pick/075.html]
[sacred-texts.com/isl/sbe09/075.html]
[sacred-texts.com/isl/qr/075.html]
[sacred-texts.com/isl/uq/076.html]
[sacred-texts.com/isl/quran/07602.html]
[sacred-texts.com/isl/gif/076/076_001.gif]
[sacred-texts.com/isl/gif/076/076_002.gif]
[sacred-texts.com/isl/gif/076/076_003.gif]
[sacred-texts.com/isl/gif/076/076_004.gif]
[sacred-texts.com/isl/gif/076/076_005.gif]
[sacred-texts.com/isl/gif/076/076_006.gif]
[sacred-texts.com/isl/gif/076/076_007.gif]
[sacred-texts.com/isl/gif/076/076_008.gif]
[sacred-texts.com/isl/gif/076/076_009.gif]
[sacred-texts.com/isl/gif/076/076_010.gif]
[sacred-texts.com/isl/gif/076/076_011.gif]
[sacred-texts.com/isl/gif/076/076_012.gif]
[sacred-texts.com/isl/gif/076/076_013.gif]
[sacred-texts.com/isl/gif/076/076_014.gif]
[sacred-texts.com/isl/gif/076/076_015.gif]
[sacred-texts.com/isl/gif/076/076_016.gif]
[sacred-texts.com/isl/gif/076/076_017.gif]
[sacred-texts.com/isl/gif/076/076_018.gif]
[sacred-texts.com/isl/gif/076/076_019.gif]
[sacred-texts.com/isl/gif/076/076_020.gif]
[sacred-texts.com/isl/gif/076/076_021.gif]
[sacred-texts.com/isl/gif/076/076_022.gif]
[sacred-texts.com/isl/quran/07601.html]
[sacred-texts.com/isl/yaq/yaq076.html]
[sacred-texts.com/isl/pick/076.html]
[sacred-texts.com/isl/sbe09/076.html]
[sacred-texts.com/isl/qr/076.html]
[sacred-texts.com/isl/uq/077.html]
[sacred-texts.com/isl/quran/07702.html]
[sacred-texts.com/isl/gif/077/077_001.gif]
[sacred-texts.com/isl/gif/077/077_002.gif]
[sacred-texts.com/isl/gif/077/077_003.gif]
[sacred-texts.com/isl/gif/077/077_004.gif]
[sacred-texts.com/isl/gif/077/077_005.gif]
[sacred-texts.com/isl/gif/077/077_006.gif]
[sacred-texts.com/isl/gif/077/077_007.gif]
[sacred-texts.com/isl/gif/077/077_008.gif]
[sacred-texts.com/isl/gif/077/077_009.gif]
[sacred-texts.com/isl/gif/077/077_010.gif]
[sacred-texts.com/isl/gif/077/077_011.gif]
[sacred-texts.com/isl/gif/077/077_012.gif]
[sacred-texts.com/isl/gif/077/077_013.gif]
[sacred-texts.com/isl/gif/077/077_014.gif]
[sacred-texts.com/isl/gif/077/077_015.gif]
[sacred-texts.com/isl/gif/077/077_016.gif]
[sacred-texts.com/isl/gif/077/077_017.gif]
[sacred-texts.com/isl/gif/077/077_018.gif]
[sacred-texts.com/isl/gif/077/077_019.gif]
[sacred-texts.com/isl/gif/077/077_020.gif]
[sacred-texts.com/isl/gif/077/077_021.gif]
[sacred-texts.com/isl/gif/077/077_022.gif]
[sacred-texts.com/isl/gif/077/077_023.gif]
[sacred-texts.com/isl/gif/077/077_024.gif]
[sacred-texts.com/isl/gif/077/077_025.gif]
[sacred-texts.com/isl/gif/077/077_026.gif]
[sacred-texts.com/isl/gif/077/077_027.gif]
[sacred-texts.com/isl/gif/077/077_028.gif]
[sacred-texts.com/isl/gif/077/077_029.gif]
[sacred-texts.com/isl/gif/077/077_030.gif]
[sacred-texts.com/isl/gif/077/077_031.gif]
[sacred-texts.com/isl/gif/077/077_032.gif]
[sacred-texts.com/isl/gif/077/077_033.gif]
[sacred-texts.com/isl/gif/077/077_034.gif]
[sacred-texts.com/isl/gif/077/077_035.gif]
[sacred-texts.com/isl/gif/077/077_036.gif]
[sacred-texts.com/isl/gif/077/077_037.gif]
[sacred-texts.com/isl/gif/077/077_038.gif]
[sacred-texts.com/isl/gif/077/077_039.gif]
[sacred-texts.com/isl/gif/077/077_040.gif]
[sacred-texts.com/isl/quran/07701.html]
[sacred-texts.com/isl/yaq/yaq077.html]
[sacred-texts.com/isl/pick/077.html]
[sacred-texts.com/isl/sbe09/077.html]
[sacred-texts.com/isl/qr/077.html]
[sacred-texts.com/isl/uq/078.html]
[sacred-texts.com/isl/quran/07802.html]
[sacred-texts.com/isl/gif/078/078_001.gif]
[sacred-texts.com/isl/gif/078/078_002.gif]
[sacred-texts.com/isl/gif/078/078_003.gif]
[sacred-texts.com/isl/gif/078/078_004.gif]
[sacred-texts.com/isl/gif/078/078_005.gif]
[sacred-texts.com/isl/gif/078/078_006.gif]
[sacred-texts.com/isl/gif/078/078_007.gif]
[sacred-texts.com/isl/gif/078/078_008.gif]
[sacred-texts.com/isl/gif/078/078_009.gif]
[sacred-texts.com/isl/gif/078/078_010.gif]
[sacred-texts.com/isl/gif/078/078_011.gif]
[sacred-texts.com/isl/gif/078/078_012.gif]
[sacred-texts.com/isl/gif/078/078_013.gif]
[sacred-texts.com/isl/gif/078/078_014.gif]
[sacred-texts.com/isl/gif/078/078_015.gif]
[sacred-texts.com/isl/gif/078/078_016.gif]
[sacred-texts.com/isl/gif/078/078_017.gif]
[sacred-texts.com/isl/gif/078/078_018.gif]
[sacred-texts.com/isl/gif/078/078_019.gif]
[sacred-texts.com/isl/gif/078/078_020.gif]
[sacred-texts.com/isl/gif/078/078_021.gif]
[sacred-texts.com/isl/gif/078/078_022.gif]
[sacred-texts.com/isl/gif/078/078_023.gif]
[sacred-texts.com/isl/gif/078/078_024.gif]
[sacred-texts.com/isl/gif/078/078_025.gif]
[sacred-texts.com/isl/gif/078/078_026.gif]
[sacred-texts.com/isl/gif/078/078_027.gif]
[sacred-texts.com/isl/gif/078/078_028.gif]
[sacred-texts.com/isl/gif/078/078_029.gif]
[sacred-texts.com/isl/gif/078/078_030.gif]
[sacred-texts.com/isl/quran/07801.html]
[sacred-texts.com/isl/yaq/yaq078.html]
[sacred-texts.com/isl/pick/078.html]
[sacred-texts.com/isl/sbe09/078.html]
[sacred-texts.com/isl/qr/078.html]
[sacred-texts.com/isl/uq/079.html]
[sacred-texts.com/isl/quran/07902.html]
[sacred-texts.com/isl/gif/079/079_001.gif]
[sacred-texts.com/isl/gif/079/079_002.gif]
[sacred-texts.com/isl/gif/079/079_003.gif]
[sacred-texts.com/isl/gif/079/079_004.gif]
[sacred-texts.com/isl/gif/079/079_005.gif]
[sacred-texts.com/isl/gif/079/079_006.gif]
[sacred-texts.com/isl/gif/079/079_007.gif]
[sacred-texts.com/isl/gif/079/079_008.gif]
[sacred-texts.com/isl/gif/079/079_009.gif]
[sacred-texts.com/isl/gif/079/079_010.gif]
[sacred-texts.com/isl/gif/079/079_011.gif]
[sacred-texts.com/isl/gif/079/079_012.gif]
[sacred-texts.com/isl/gif/079/079_013.gif]
[sacred-texts.com/isl/gif/079/079_014.gif]
[sacred-texts.com/isl/gif/079/079_015.gif]
[sacred-texts.com/isl/gif/079/079_016.gif]
[sacred-texts.com/isl/gif/079/079_017.gif]
[sacred-texts.com/isl/gif/079/079_018.gif]
[sacred-texts.com/isl/gif/079/079_019.gif]
[sacred-texts.com/isl/gif/079/079_020.gif]
[sacred-texts.com/isl/gif/079/079_021.gif]
[sacred-texts.com/isl/gif/079/079_022.gif]
[sacred-texts.com/isl/gif/079/079_023.gif]
[sacred-texts.com/isl/gif/079/079_024.gif]
[sacred-texts.com/isl/gif/079/079_025.gif]
[sacred-texts.com/isl/gif/079/079_026.gif]
[sacred-texts.com/isl/quran/07901.html]
[sacred-texts.com/isl/yaq/yaq079.html]
[sacred-texts.com/isl/pick/079.html]
[sacred-texts.com/isl/sbe09/079.html]
[sacred-texts.com/isl/qr/079.html]
[sacred-texts.com/isl/uq/080.html]
[sacred-texts.com/isl/gif/080/080_001.gif]
[sacred-texts.com/isl/gif/080/080_002.gif]
[sacred-texts.com/isl/gif/080/080_003.gif]
[sacred-texts.com/isl/gif/080/080_004.gif]
[sacred-texts.com/isl/gif/080/080_005.gif]
[sacred-texts.com/isl/gif/080/080_006.gif]
[sacred-texts.com/isl/gif/080/080_007.gif]
[sacred-texts.com/isl/gif/080/080_008.gif]
[sacred-texts.com/isl/gif/080/080_009.gif]
[sacred-texts.com/isl/gif/080/080_010.gif]
[sacred-texts.com/isl/gif/080/080_011.gif]
[sacred-texts.com/isl/gif/080/080_012.gif]
[sacred-texts.com/isl/gif/080/080_013.gif]
[sacred-texts.com/isl/gif/080/080_014.gif]
[sacred-texts.com/isl/gif/080/080_015.gif]
[sacred-texts.com/isl/gif/080/080_016.gif]
[sacred-texts.com/isl/gif/080/080_017.gif]
[sacred-texts.com/isl/gif/080/080_018.gif]
[sacred-texts.com/isl/gif/080/080_019.gif]
[sacred-texts.com/isl/gif/080/080_020.gif]
[sacred-texts.com/isl/gif/080/080_021.gif]
[sacred-texts.com/isl/gif/080/080_022.gif]
[sacred-texts.com/isl/gif/080/080_023.gif]
[sacred-texts.com/isl/gif/080/080_024.gif]
[sacred-texts.com/isl/gif/080/080_025.gif]
[sacred-texts.com/isl/gif/080/080_026.gif]
[sacred-texts.com/isl/gif/080/080_027.gif]
[sacred-texts.com/isl/gif/080/080_028.gif]
[sacred-texts.com/isl/gif/080/080_029.gif]
[sacred-texts.com/isl/gif/080/080_030.gif]
[sacred-texts.com/isl/gif/080/080_031.gif]
[sacred-texts.com/isl/gif/080/080_032.gif]
[sacred-texts.com/isl/gif/080/080_033.gif]
[sacred-texts.com/isl/gif/080/080_034.gif]
[sacred-texts.com/isl/gif/080/080_035.gif]
[sacred-texts.com/isl/gif/080/080_036.gif]
[sacred-texts.com/isl/gif/080/080_037.gif]
[sacred-texts.com/isl/gif/080/080_038.gif]
[sacred-texts.com/isl/gif/080/080_039.gif]
[sacred-texts.com/isl/gif/080/080_040.gif]
[sacred-texts.com/isl/gif/080/080_041.gif]
[sacred-texts.com/isl/gif/080/080_042.gif]
[sacred-texts.com/isl/quran/08001.html]
[sacred-texts.com/isl/yaq/yaq080.html]
[sacred-texts.com/isl/pick/080.html]
[sacred-texts.com/isl/sbe09/080.html]
[sacred-texts.com/isl/qr/080.html]
[sacred-texts.com/isl/uq/081.html]
[sacred-texts.com/isl/gif/081/081_001.gif]
[sacred-texts.com/isl/gif/081/081_002.gif]
[sacred-texts.com/isl/gif/081/081_003.gif]
[sacred-texts.com/isl/gif/081/081_004.gif]
[sacred-texts.com/isl/gif/081/081_005.gif]
[sacred-texts.com/isl/gif/081/081_006.gif]
[sacred-texts.com/isl/gif/081/081_007.gif]
[sacred-texts.com/isl/gif/081/081_008.gif]
[sacred-texts.com/isl/gif/081/081_009.gif]
[sacred-texts.com/isl/gif/081/081_010.gif]
[sacred-texts.com/isl/gif/081/081_011.gif]
[sacred-texts.com/isl/gif/081/081_012.gif]
[sacred-texts.com/isl/gif/081/081_013.gif]
[sacred-texts.com/isl/gif/081/081_014.gif]
[sacred-texts.com/isl/gif/081/081_015.gif]
[sacred-texts.com/isl/gif/081/081_016.gif]
[sacred-texts.com/isl/gif/081/081_017.gif]
[sacred-texts.com/isl/gif/081/081_018.gif]
[sacred-texts.com/isl/gif/081/081_019.gif]
[sacred-texts.com/isl/gif/081/081_020.gif]
[sacred-texts.com/isl/gif/081/081_021.gif]
[sacred-texts.com/isl/gif/081/081_022.gif]
[sacred-texts.com/isl/gif/081/081_023.gif]
[sacred-texts.com/isl/gif/081/081_024.gif]
[sacred-texts.com/isl/gif/081/081_025.gif]
[sacred-texts.com/isl/gif/081/081_026.gif]
[sacred-texts.com/isl/gif/081/081_027.gif]
[sacred-texts.com/isl/gif/081/081_028.gif]
[sacred-texts.com/isl/gif/081/081_029.gif]
[sacred-texts.com/isl/quran/08101.html]
[sacred-texts.com/isl/yaq/yaq081.html]
[sacred-texts.com/isl/pick/081.html]
[sacred-texts.com/isl/sbe09/081.html]
[sacred-texts.com/isl/qr/081.html]
[sacred-texts.com/isl/uq/082.html]
[sacred-texts.com/isl/gif/082/082_001.gif]
[sacred-texts.com/isl/gif/082/082_002.gif]
[sacred-texts.com/isl/gif/082/082_003.gif]
[sacred-texts.com/isl/gif/082/082_004.gif]
[sacred-texts.com/isl/gif/082/082_005.gif]
[sacred-texts.com/isl/gif/082/082_006.gif]
[sacred-texts.com/isl/gif/082/082_007.gif]
[sacred-texts.com/isl/gif/082/082_008.gif]
[sacred-texts.com/isl/gif/082/082_009.gif]
[sacred-texts.com/isl/gif/082/082_010.gif]
[sacred-texts.com/isl/gif/082/082_011.gif]
[sacred-texts.com/isl/gif/082/082_012.gif]
[sacred-texts.com/isl/gif/082/082_013.gif]
[sacred-texts.com/isl/gif/082/082_014.gif]
[sacred-texts.com/isl/gif/082/082_015.gif]
[sacred-texts.com/isl/gif/082/082_016.gif]
[sacred-texts.com/isl/gif/082/082_017.gif]
[sacred-texts.com/isl/gif/082/082_018.gif]
[sacred-texts.com/isl/gif/082/082_019.gif]
[sacred-texts.com/isl/quran/08201.html]
[sacred-texts.com/isl/yaq/yaq082.html]
[sacred-texts.com/isl/pick/082.html]
[sacred-texts.com/isl/sbe09/082.html]
[sacred-texts.com/isl/qr/082.html]
[sacred-texts.com/isl/uq/083.html]
[sacred-texts.com/isl/gif/083/083_001.gif]
[sacred-texts.com/isl/gif/083/083_002.gif]
[sacred-texts.com/isl/gif/083/083_003.gif]
[sacred-texts.com/isl/gif/083/083_004.gif]
[sacred-texts.com/isl/gif/083/083_005.gif]
[sacred-texts.com/isl/gif/083/083_006.gif]
[sacred-texts.com/isl/gif/083/083_007.gif]
[sacred-texts.com/isl/gif/083/083_008.gif]
[sacred-texts.com/isl/gif/083/083_009.gif]
[sacred-texts.com/isl/gif/083/083_010.gif]
[sacred-texts.com/isl/gif/083/083_011.gif]
[sacred-texts.com/isl/gif/083/083_012.gif]
[sacred-texts.com/isl/gif/083/083_013.gif]
[sacred-texts.com/isl/gif/083/083_014.gif]
[sacred-texts.com/isl/gif/083/083_015.gif]
[sacred-texts.com/isl/gif/083/083_016.gif]
[sacred-texts.com/isl/gif/083/083_017.gif]
[sacred-texts.com/isl/gif/083/083_018.gif]
[sacred-texts.com/isl/gif/083/083_019.gif]
[sacred-texts.com/isl/gif/083/083_020.gif]
[sacred-texts.com/isl/gif/083/083_021.gif]
[sacred-texts.com/isl/gif/083/083_022.gif]
[sacred-texts.com/isl/gif/083/083_023.gif]
[sacred-texts.com/isl/gif/083/083_024.gif]
[sacred-texts.com/isl/gif/083/083_025.gif]
[sacred-texts.com/isl/gif/083/083_026.gif]
[sacred-texts.com/isl/gif/083/083_027.gif]
[sacred-texts.com/isl/gif/083/083_028.gif]
[sacred-texts.com/isl/gif/083/083_029.gif]
[sacred-texts.com/isl/gif/083/083_030.gif]
[sacred-texts.com/isl/gif/083/083_031.gif]
[sacred-texts.com/isl/gif/083/083_032.gif]
[sacred-texts.com/isl/gif/083/083_033.gif]
[sacred-texts.com/isl/gif/083/083_034.gif]
[sacred-texts.com/isl/gif/083/083_035.gif]
[sacred-texts.com/isl/gif/083/083_036.gif]
[sacred-texts.com/isl/quran/08301.html]
[sacred-texts.com/isl/yaq/yaq083.html]
[sacred-texts.com/isl/pick/083.html]
[sacred-texts.com/isl/sbe09/083.html]
[sacred-texts.com/isl/qr/083.html]
[sacred-texts.com/isl/uq/084.html]
[sacred-texts.com/isl/gif/084/084_001.gif]
[sacred-texts.com/isl/gif/084/084_002.gif]
[sacred-texts.com/isl/gif/084/084_003.gif]
[sacred-texts.com/isl/gif/084/084_004.gif]
[sacred-texts.com/isl/gif/084/084_005.gif]
[sacred-texts.com/isl/gif/084/084_006.gif]
[sacred-texts.com/isl/gif/084/084_007.gif]
[sacred-texts.com/isl/gif/084/084_008.gif]
[sacred-texts.com/isl/gif/084/084_009.gif]
[sacred-texts.com/isl/gif/084/084_010.gif]
[sacred-texts.com/isl/gif/084/084_011.gif]
[sacred-texts.com/isl/gif/084/084_012.gif]
[sacred-texts.com/isl/gif/084/084_013.gif]
[sacred-texts.com/isl/gif/084/084_014.gif]
[sacred-texts.com/isl/gif/084/084_015.gif]
[sacred-texts.com/isl/gif/084/084_016.gif]
[sacred-texts.com/isl/gif/084/084_017.gif]
[sacred-texts.com/isl/gif/084/084_018.gif]
[sacred-texts.com/isl/gif/084/084_019.gif]
[sacred-texts.com/isl/gif/084/084_020.gif]
[sacred-texts.com/isl/gif/084/084_021.gif]
[sacred-texts.com/isl/gif/084/084_022.gif]
[sacred-texts.com/isl/gif/084/084_023.gif]
[sacred-texts.com/isl/gif/084/084_024.gif]
[sacred-texts.com/isl/gif/084/084_025.gif]
[sacred-texts.com/isl/quran/08401.html]
[sacred-texts.com/isl/yaq/yaq084.html]
[sacred-texts.com/isl/pick/084.html]
[sacred-texts.com/isl/sbe09/084.html]
[sacred-texts.com/isl/qr/084.html]
[sacred-texts.com/isl/uq/085.html]
[sacred-texts.com/isl/gif/085/085_001.gif]
[sacred-texts.com/isl/gif/085/085_002.gif]
[sacred-texts.com/isl/gif/085/085_003.gif]
[sacred-texts.com/isl/gif/085/085_004.gif]
[sacred-texts.com/isl/gif/085/085_005.gif]
[sacred-texts.com/isl/gif/085/085_006.gif]
[sacred-texts.com/isl/gif/085/085_007.gif]
[sacred-texts.com/isl/gif/085/085_008.gif]
[sacred-texts.com/isl/gif/085/085_009.gif]
[sacred-texts.com/isl/gif/085/085_010.gif]
[sacred-texts.com/isl/gif/085/085_011.gif]
[sacred-texts.com/isl/gif/085/085_012.gif]
[sacred-texts.com/isl/gif/085/085_013.gif]
[sacred-texts.com/isl/gif/085/085_014.gif]
[sacred-texts.com/isl/gif/085/085_015.gif]
[sacred-texts.com/isl/gif/085/085_016.gif]
[sacred-texts.com/isl/gif/085/085_017.gif]
[sacred-texts.com/isl/gif/085/085_018.gif]
[sacred-texts.com/isl/gif/085/085_019.gif]
[sacred-texts.com/isl/gif/085/085_020.gif]
[sacred-texts.com/isl/gif/085/085_021.gif]
[sacred-texts.com/isl/gif/085/085_022.gif]
[sacred-texts.com/isl/quran/08501.html]
[sacred-texts.com/isl/yaq/yaq085.html]
[sacred-texts.com/isl/pick/085.html]
[sacred-texts.com/isl/sbe09/085.html]
[sacred-texts.com/isl/qr/085.html]
[sacred-texts.com/isl/uq/086.html]
[sacred-texts.com/isl/gif/086/086_001.gif]
[sacred-texts.com/isl/gif/086/086_002.gif]
[sacred-texts.com/isl/gif/086/086_003.gif]
[sacred-texts.com/isl/gif/086/086_004.gif]
[sacred-texts.com/isl/gif/086/086_005.gif]
[sacred-texts.com/isl/gif/086/086_006.gif]
[sacred-texts.com/isl/gif/086/086_007.gif]
[sacred-texts.com/isl/gif/086/086_008.gif]
[sacred-texts.com/isl/gif/086/086_009.gif]
[sacred-texts.com/isl/gif/086/086_010.gif]
[sacred-texts.com/isl/gif/086/086_011.gif]
[sacred-texts.com/isl/gif/086/086_012.gif]
[sacred-texts.com/isl/gif/086/086_013.gif]
[sacred-texts.com/isl/gif/086/086_014.gif]
[sacred-texts.com/isl/gif/086/086_015.gif]
[sacred-texts.com/isl/gif/086/086_016.gif]
[sacred-texts.com/isl/gif/086/086_017.gif]
[sacred-texts.com/isl/quran/08601.html]
[sacred-texts.com/isl/yaq/yaq086.html]
[sacred-texts.com/isl/pick/086.html]
[sacred-texts.com/isl/sbe09/086.html]
[sacred-texts.com/isl/qr/086.html]
[sacred-texts.com/isl/uq/087.html]
[sacred-texts.com/isl/gif/087/087_001.gif]
[sacred-texts.com/isl/gif/087/087_002.gif]
[sacred-texts.com/isl/gif/087/087_003.gif]
[sacred-texts.com/isl/gif/087/087_004.gif]
[sacred-texts.com/isl/gif/087/087_005.gif]
[sacred-texts.com/isl/gif/087/087_006.gif]
[sacred-texts.com/isl/gif/087/087_007.gif]
[sacred-texts.com/isl/gif/087/087_008.gif]
[sacred-texts.com/isl/gif/087/087_009.gif]
[sacred-texts.com/isl/gif/087/087_010.gif]
[sacred-texts.com/isl/gif/087/087_011.gif]
[sacred-texts.com/isl/gif/087/087_012.gif]
[sacred-texts.com/isl/gif/087/087_013.gif]
[sacred-texts.com/isl/gif/087/087_014.gif]
[sacred-texts.com/isl/gif/087/087_015.gif]
[sacred-texts.com/isl/gif/087/087_016.gif]
[sacred-texts.com/isl/gif/087/087_017.gif]
[sacred-texts.com/isl/gif/087/087_018.gif]
[sacred-texts.com/isl/gif/087/087_019.gif]
[sacred-texts.com/isl/quran/08701.html]
[sacred-texts.com/isl/yaq/yaq087.html]
[sacred-texts.com/isl/pick/087.html]
[sacred-texts.com/isl/sbe09/087.html]
[sacred-texts.com/isl/qr/087.html]
[sacred-texts.com/isl/uq/088.html]
[sacred-texts.com/isl/gif/088/088_001.gif]
[sacred-texts.com/isl/gif/088/088_002.gif]
[sacred-texts.com/isl/gif/088/088_003.gif]
[sacred-texts.com/isl/gif/088/088_004.gif]
[sacred-texts.com/isl/gif/088/088_005.gif]
[sacred-texts.com/isl/gif/088/088_006.gif]
[sacred-texts.com/isl/gif/088/088_007.gif]
[sacred-texts.com/isl/gif/088/088_008.gif]
[sacred-texts.com/isl/gif/088/088_009.gif]
[sacred-texts.com/isl/gif/088/088_010.gif]
[sacred-texts.com/isl/gif/088/088_011.gif]
[sacred-texts.com/isl/gif/088/088_012.gif]
[sacred-texts.com/isl/gif/088/088_013.gif]
[sacred-texts.com/isl/gif/088/088_014.gif]
[sacred-texts.com/isl/gif/088/088_015.gif]
[sacred-texts.com/isl/gif/088/088_016.gif]
[sacred-texts.com/isl/gif/088/088_017.gif]
[sacred-texts.com/isl/gif/088/088_018.gif]
[sacred-texts.com/isl/gif/088/088_019.gif]
[sacred-texts.com/isl/gif/088/088_020.gif]
[sacred-texts.com/isl/gif/088/088_021.gif]
[sacred-texts.com/isl/gif/088/088_022.gif]
[sacred-texts.com/isl/gif/088/088_023.gif]
[sacred-texts.com/isl/gif/088/088_024.gif]
[sacred-texts.com/isl/gif/088/088_025.gif]
[sacred-texts.com/isl/gif/088/088_026.gif]
[sacred-texts.com/isl/quran/08801.html]
[sacred-texts.com/isl/yaq/yaq088.html]
[sacred-texts.com/isl/pick/088.html]
[sacred-texts.com/isl/sbe09/088.html]
[sacred-texts.com/isl/qr/088.html]
[sacred-texts.com/isl/uq/089.html]
[sacred-texts.com/isl/gif/089/089_001.gif]
[sacred-texts.com/isl/gif/089/089_002.gif]
[sacred-texts.com/isl/gif/089/089_003.gif]
[sacred-texts.com/isl/gif/089/089_004.gif]
[sacred-texts.com/isl/gif/089/089_005.gif]
[sacred-texts.com/isl/gif/089/089_006.gif]
[sacred-texts.com/isl/gif/089/089_007.gif]
[sacred-texts.com/isl/gif/089/089_008.gif]
[sacred-texts.com/isl/gif/089/089_009.gif]
[sacred-texts.com/isl/gif/089/089_010.gif]
[sacred-texts.com/isl/gif/089/089_011.gif]
[sacred-texts.com/isl/gif/089/089_012.gif]
[sacred-texts.com/isl/gif/089/089_013.gif]
[sacred-texts.com/isl/gif/089/089_014.gif]
[sacred-texts.com/isl/gif/089/089_015.gif]
[sacred-texts.com/isl/gif/089/089_016.gif]
[sacred-texts.com/isl/gif/089/089_017.gif]
[sacred-texts.com/isl/gif/089/089_018.gif]
[sacred-texts.com/isl/gif/089/089_019.gif]
[sacred-texts.com/isl/gif/089/089_020.gif]
[sacred-texts.com/isl/gif/089/089_021.gif]
[sacred-texts.com/isl/gif/089/089_022.gif]
[sacred-texts.com/isl/gif/089/089_023.gif]
[sacred-texts.com/isl/gif/089/089_024.gif]
[sacred-texts.com/isl/gif/089/089_025.gif]
[sacred-texts.com/isl/gif/089/089_026.gif]
[sacred-texts.com/isl/gif/089/089_027.gif]
[sacred-texts.com/isl/gif/089/089_028.gif]
[sacred-texts.com/isl/gif/089/089_029.gif]
[sacred-texts.com/isl/gif/089/089_030.gif]
[sacred-texts.com/isl/quran/08901.html]
[sacred-texts.com/isl/yaq/yaq089.html]
[sacred-texts.com/isl/pick/089.html]
[sacred-texts.com/isl/sbe09/089.html]
[sacred-texts.com/isl/qr/089.html]
[sacred-texts.com/isl/uq/090.html]
[sacred-texts.com/isl/gif/090/090_001.gif]
[sacred-texts.com/isl/gif/090/090_002.gif]
[sacred-texts.com/isl/gif/090/090_003.gif]
[sacred-texts.com/isl/gif/090/090_004.gif]
[sacred-texts.com/isl/gif/090/090_005.gif]
[sacred-texts.com/isl/gif/090/090_006.gif]
[sacred-texts.com/isl/gif/090/090_007.gif]
[sacred-texts.com/isl/gif/090/090_008.gif]
[sacred-texts.com/isl/gif/090/090_009.gif]
[sacred-texts.com/isl/gif/090/090_010.gif]
[sacred-texts.com/isl/gif/090/090_011.gif]
[sacred-texts.com/isl/gif/090/090_012.gif]
[sacred-texts.com/isl/gif/090/090_013.gif]
[sacred-texts.com/isl/gif/090/090_014.gif]
[sacred-texts.com/isl/gif/090/090_015.gif]
[sacred-texts.com/isl/gif/090/090_016.gif]
[sacred-texts.com/isl/gif/090/090_017.gif]
[sacred-texts.com/isl/gif/090/090_018.gif]
[sacred-texts.com/isl/gif/090/090_019.gif]
[sacred-texts.com/isl/gif/090/090_020.gif]
[sacred-texts.com/isl/quran/09001.html]
[sacred-texts.com/isl/yaq/yaq090.html]
[sacred-texts.com/isl/pick/090.html]
[sacred-texts.com/isl/sbe09/090.html]
[sacred-texts.com/isl/qr/090.html]
[sacred-texts.com/isl/uq/091.html]
[sacred-texts.com/isl/gif/091/091_001.gif]
[sacred-texts.com/isl/gif/091/091_002.gif]
[sacred-texts.com/isl/gif/091/091_003.gif]
[sacred-texts.com/isl/gif/091/091_004.gif]
[sacred-texts.com/isl/gif/091/091_005.gif]
[sacred-texts.com/isl/gif/091/091_006.gif]
[sacred-texts.com/isl/gif/091/091_007.gif]
[sacred-texts.com/isl/gif/091/091_008.gif]
[sacred-texts.com/isl/gif/091/091_009.gif]
[sacred-texts.com/isl/gif/091/091_010.gif]
[sacred-texts.com/isl/gif/091/091_011.gif]
[sacred-texts.com/isl/gif/091/091_012.gif]
[sacred-texts.com/isl/gif/091/091_013.gif]
[sacred-texts.com/isl/gif/091/091_014.gif]
[sacred-texts.com/isl/gif/091/091_015.gif]
[sacred-texts.com/isl/quran/09101.html]
[sacred-texts.com/isl/yaq/yaq091.html]
[sacred-texts.com/isl/pick/091.html]
[sacred-texts.com/isl/sbe09/091.html]
[sacred-texts.com/isl/qr/091.html]
[sacred-texts.com/isl/uq/092.html]
[sacred-texts.com/isl/gif/092/092_001.gif]
[sacred-texts.com/isl/gif/092/092_002.gif]
[sacred-texts.com/isl/gif/092/092_003.gif]
[sacred-texts.com/isl/gif/092/092_004.gif]
[sacred-texts.com/isl/gif/092/092_005.gif]
[sacred-texts.com/isl/gif/092/092_006.gif]
[sacred-texts.com/isl/gif/092/092_007.gif]
[sacred-texts.com/isl/gif/092/092_008.gif]
[sacred-texts.com/isl/gif/092/092_009.gif]
[sacred-texts.com/isl/gif/092/092_010.gif]
[sacred-texts.com/isl/gif/092/092_011.gif]
[sacred-texts.com/isl/gif/092/092_012.gif]
[sacred-texts.com/isl/gif/092/092_013.gif]
[sacred-texts.com/isl/gif/092/092_014.gif]
[sacred-texts.com/isl/gif/092/092_015.gif]
[sacred-texts.com/isl/gif/092/092_016.gif]
[sacred-texts.com/isl/gif/092/092_017.gif]
[sacred-texts.com/isl/gif/092/092_018.gif]
[sacred-texts.com/isl/gif/092/092_019.gif]
[sacred-texts.com/isl/gif/092/092_020.gif]
[sacred-texts.com/isl/gif/092/092_021.gif]
[sacred-texts.com/isl/quran/09201.html]
[sacred-texts.com/isl/yaq/yaq092.html]
[sacred-texts.com/isl/pick/092.html]
[sacred-texts.com/isl/sbe09/092.html]
[sacred-texts.com/isl/qr/092.html]
[sacred-texts.com/isl/uq/093.html]
[sacred-texts.com/isl/gif/093/093_001.gif]
[sacred-texts.com/isl/gif/093/093_002.gif]
[sacred-texts.com/isl/gif/093/093_003.gif]
[sacred-texts.com/isl/gif/093/093_004.gif]
[sacred-texts.com/isl/gif/093/093_005.gif]
[sacred-texts.com/isl/gif/093/093_006.gif]
[sacred-texts.com/isl/gif/093/093_007.gif]
[sacred-texts.com/isl/gif/093/093_008.gif]
[sacred-texts.com/isl/gif/093/093_009.gif]
[sacred-texts.com/isl/gif/093/093_010.gif]
[sacred-texts.com/isl/gif/093/093_011.gif]
[sacred-texts.com/isl/quran/09301.html]
[sacred-texts.com/isl/yaq/yaq093.html]
[sacred-texts.com/isl/pick/093.html]
[sacred-texts.com/isl/sbe09/093.html]
[sacred-texts.com/isl/qr/093.html]
[sacred-texts.com/isl/uq/094.html]
[sacred-texts.com/isl/gif/094/094_001.gif]
[sacred-texts.com/isl/gif/094/094_002.gif]
[sacred-texts.com/isl/gif/094/094_003.gif]
[sacred-texts.com/isl/gif/094/094_004.gif]
[sacred-texts.com/isl/gif/094/094_005.gif]
[sacred-texts.com/isl/gif/094/094_006.gif]
[sacred-texts.com/isl/gif/094/094_007.gif]
[sacred-texts.com/isl/gif/094/094_008.gif]
[sacred-texts.com/isl/quran/09401.html]
[sacred-texts.com/isl/yaq/yaq094.html]
[sacred-texts.com/isl/pick/094.html]
[sacred-texts.com/isl/sbe09/094.html]
[sacred-texts.com/isl/qr/094.html]
[sacred-texts.com/isl/uq/095.html]
[sacred-texts.com/isl/gif/095/095_001.gif]
[sacred-texts.com/isl/gif/095/095_002.gif]
[sacred-texts.com/isl/gif/095/095_003.gif]
[sacred-texts.com/isl/gif/095/095_004.gif]
[sacred-texts.com/isl/gif/095/095_005.gif]
[sacred-texts.com/isl/gif/095/095_006.gif]
[sacred-texts.com/isl/gif/095/095_007.gif]
[sacred-texts.com/isl/gif/095/095_008.gif]
[sacred-texts.com/isl/quran/09501.html]
[sacred-texts.com/isl/yaq/yaq095.html]
[sacred-texts.com/isl/pick/095.html]
[sacred-texts.com/isl/sbe09/095.html]
[sacred-texts.com/isl/qr/095.html]
[sacred-texts.com/isl/uq/096.html]
[sacred-texts.com/isl/gif/096/096_001.gif]
[sacred-texts.com/isl/gif/096/096_002.gif]
[sacred-texts.com/isl/gif/096/096_003.gif]
[sacred-texts.com/isl/gif/096/096_004.gif]
[sacred-texts.com/isl/gif/096/096_005.gif]
[sacred-texts.com/isl/gif/096/096_006.gif]
[sacred-texts.com/isl/gif/096/096_007.gif]
[sacred-texts.com/isl/gif/096/096_008.gif]
[sacred-texts.com/isl/gif/096/096_009.gif]
[sacred-texts.com/isl/gif/096/096_010.gif]
[sacred-texts.com/isl/gif/096/096_011.gif]
[sacred-texts.com/isl/gif/096/096_012.gif]
[sacred-texts.com/isl/gif/096/096_013.gif]
[sacred-texts.com/isl/gif/096/096_014.gif]
[sacred-texts.com/isl/gif/096/096_015.gif]
[sacred-texts.com/isl/gif/096/096_016.gif]
[sacred-texts.com/isl/gif/096/096_017.gif]
[sacred-texts.com/isl/gif/096/096_018.gif]
[sacred-texts.com/isl/gif/096/096_019.gif]
[sacred-texts.com/isl/quran/09601.html]
[sacred-texts.com/isl/yaq/yaq096.html]
[sacred-texts.com/isl/pick/096.html]
[sacred-texts.com/isl/sbe09/096.html]
[sacred-texts.com/isl/qr/096.html]
[sacred-texts.com/isl/uq/097.html]
[sacred-texts.com/isl/gif/097/097_001.gif]
[sacred-texts.com/isl/gif/097/097_002.gif]
[sacred-texts.com/isl/gif/097/097_003.gif]
[sacred-texts.com/isl/gif/097/097_004.gif]
[sacred-texts.com/isl/gif/097/097_005.gif]
[sacred-texts.com/isl/quran/09701.html]
[sacred-texts.com/isl/yaq/yaq097.html]
[sacred-texts.com/isl/pick/097.html]
[sacred-texts.com/isl/sbe09/097.html]
[sacred-texts.com/isl/qr/097.html]
[sacred-texts.com/isl/uq/098.html]
[sacred-texts.com/isl/gif/098/098_001.gif]
[sacred-texts.com/isl/gif/098/098_002.gif]
[sacred-texts.com/isl/gif/098/098_003.gif]
[sacred-texts.com/isl/gif/098/098_004.gif]
[sacred-texts.com/isl/gif/098/098_005.gif]
[sacred-texts.com/isl/gif/098/098_006.gif]
[sacred-texts.com/isl/gif/098/098_007.gif]
[sacred-texts.com/isl/gif/098/098_008.gif]
[sacred-texts.com/isl/quran/09801.html]
[sacred-texts.com/isl/yaq/yaq098.html]
[sacred-texts.com/isl/pick/098.html]
[sacred-texts.com/isl/sbe09/098.html]
[sacred-texts.com/isl/qr/098.html]
[sacred-texts.com/isl/uq/099.html]
[sacred-texts.com/isl/gif/099/099_001.gif]
[sacred-texts.com/isl/gif/099/099_002.gif]
[sacred-texts.com/isl/gif/099/099_003.gif]
[sacred-texts.com/isl/gif/099/099_004.gif]
[sacred-texts.com/isl/gif/099/099_005.gif]
[sacred-texts.com/isl/gif/099/099_006.gif]
[sacred-texts.com/isl/gif/099/099_007.gif]
[sacred-texts.com/isl/gif/099/099_008.gif]
[sacred-texts.com/isl/quran/09901.html]
[sacred-texts.com/isl/yaq/yaq099.html]
[sacred-texts.com/isl/pick/099.html]
[sacred-texts.com/isl/sbe09/099.html]
[sacred-texts.com/isl/qr/099.html]
[sacred-texts.com/isl/uq/100.html]
[sacred-texts.com/isl/gif/100/100_001.gif]
[sacred-texts.com/isl/gif/100/100_002.gif]
[sacred-texts.com/isl/gif/100/100_003.gif]
[sacred-texts.com/isl/gif/100/100_004.gif]
[sacred-texts.com/isl/gif/100/100_005.gif]
[sacred-texts.com/isl/gif/100/100_006.gif]
[sacred-texts.com/isl/gif/100/100_007.gif]
[sacred-texts.com/isl/gif/100/100_008.gif]
[sacred-texts.com/isl/gif/100/100_009.gif]
[sacred-texts.com/isl/gif/100/100_010.gif]
[sacred-texts.com/isl/gif/100/100_011.gif]
[sacred-texts.com/isl/quran/10001.html]
[sacred-texts.com/isl/yaq/yaq100.html]
[sacred-texts.com/isl/pick/100.html]
[sacred-texts.com/isl/sbe09/100.html]
[sacred-texts.com/isl/qr/100.html]
[sacred-texts.com/isl/uq/101.html]
[sacred-texts.com/isl/gif/101/101_001.gif]
[sacred-texts.com/isl/gif/101/101_002.gif]
[sacred-texts.com/isl/gif/101/101_003.gif]
[sacred-texts.com/isl/gif/101/101_004.gif]
[sacred-texts.com/isl/gif/101/101_005.gif]
[sacred-texts.com/isl/gif/101/101_006.gif]
[sacred-texts.com/isl/gif/101/101_007.gif]
[sacred-texts.com/isl/gif/101/101_008.gif]
[sacred-texts.com/isl/gif/101/101_009.gif]
[sacred-texts.com/isl/gif/101/101_010.gif]
[sacred-texts.com/isl/gif/101/101_011.gif]
[sacred-texts.com/isl/quran/10101.html]
[sacred-texts.com/isl/yaq/yaq101.html]
[sacred-texts.com/isl/pick/101.html]
[sacred-texts.com/isl/sbe09/101.html]
[sacred-texts.com/isl/qr/101.html]
[sacred-texts.com/isl/uq/102.html]
[sacred-texts.com/isl/gif/102/102_001.gif]
[sacred-texts.com/isl/gif/102/102_002.gif]
[sacred-texts.com/isl/gif/102/102_003.gif]
[sacred-texts.com/isl/gif/102/102_004.gif]
[sacred-texts.com/isl/gif/102/102_005.gif]
[sacred-texts.com/isl/gif/102/102_006.gif]
[sacred-texts.com/isl/gif/102/102_007.gif]
[sacred-texts.com/isl/gif/102/102_008.gif]
[sacred-texts.com/isl/quran/10201.html]
[sacred-texts.com/isl/yaq/yaq102.html]
[sacred-texts.com/isl/pick/102.html]
[sacred-texts.com/isl/sbe09/102.html]
[sacred-texts.com/isl/qr/102.html]
[sacred-texts.com/isl/uq/103.html]
[sacred-texts.com/isl/gif/103/103_001.gif]
[sacred-texts.com/isl/gif/103/103_002.gif]
[sacred-texts.com/isl/gif/103/103_003.gif]
[sacred-texts.com/isl/quran/10301.html]
[sacred-texts.com/isl/yaq/yaq103.html]
[sacred-texts.com/isl/pick/103.html]
[sacred-texts.com/isl/sbe09/103.html]
[sacred-texts.com/isl/qr/103.html]
[sacred-texts.com/isl/uq/104.html]
[sacred-texts.com/isl/gif/104/104_001.gif]
[sacred-texts.com/isl/gif/104/104_002.gif]
[sacred-texts.com/isl/gif/104/104_003.gif]
[sacred-texts.com/isl/gif/104/104_004.gif]
[sacred-texts.com/isl/gif/104/104_005.gif]
[sacred-texts.com/isl/gif/104/104_006.gif]
[sacred-texts.com/isl/gif/104/104_007.gif]
[sacred-texts.com/isl/gif/104/104_008.gif]
[sacred-texts.com/isl/gif/104/104_009.gif]
[sacred-texts.com/isl/quran/10401.html]
[sacred-texts.com/isl/yaq/yaq104.html]
[sacred-texts.com/isl/pick/104.html]
[sacred-texts.com/isl/sbe09/104.html]
[sacred-texts.com/isl/qr/104.html]
[sacred-texts.com/isl/uq/105.html]
[sacred-texts.com/isl/gif/105/105_001.gif]
[sacred-texts.com/isl/gif/105/105_002.gif]
[sacred-texts.com/isl/gif/105/105_003.gif]
[sacred-texts.com/isl/gif/105/105_004.gif]
[sacred-texts.com/isl/gif/105/105_005.gif]
[sacred-texts.com/isl/quran/10501.html]
[sacred-texts.com/isl/yaq/yaq105.html]
[sacred-texts.com/isl/pick/105.html]
[sacred-texts.com/isl/sbe09/105.html]
[sacred-texts.com/isl/qr/105.html]
[sacred-texts.com/isl/uq/106.html]
[sacred-texts.com/isl/gif/106/106_001.gif]
[sacred-texts.com/isl/gif/106/106_002.gif]
[sacred-texts.com/isl/gif/106/106_003.gif]
[sacred-texts.com/isl/gif/106/106_004.gif]
[sacred-texts.com/isl/quran/10601.html]
[sacred-texts.com/isl/yaq/yaq106.html]
[sacred-texts.com/isl/pick/106.html]
[sacred-texts.com/isl/sbe09/106.html]
[sacred-texts.com/isl/qr/106.html]
[sacred-texts.com/isl/uq/107.html]
[sacred-texts.com/isl/gif/107/107_001.gif]
[sacred-texts.com/isl/gif/107/107_002.gif]
[sacred-texts.com/isl/gif/107/107_003.gif]
[sacred-texts.com/isl/gif/107/107_004.gif]
[sacred-texts.com/isl/gif/107/107_005.gif]
[sacred-texts.com/isl/gif/107/107_006.gif]
[sacred-texts.com/isl/gif/107/107_007.gif]
[sacred-texts.com/isl/quran/10701.html]
[sacred-texts.com/isl/yaq/yaq107.html]
[sacred-texts.com/isl/pick/107.html]
[sacred-texts.com/isl/sbe09/107.html]
[sacred-texts.com/isl/qr/107.html]
[sacred-texts.com/isl/uq/108.html]
[sacred-texts.com/isl/gif/108/108_001.gif]
[sacred-texts.com/isl/gif/108/108_002.gif]
[sacred-texts.com/isl/gif/108/108_003.gif]
[sacred-texts.com/isl/quran/10801.html]
[sacred-texts.com/isl/yaq/yaq108.html]
[sacred-texts.com/isl/pick/108.html]
[sacred-texts.com/isl/sbe09/108.html]
[sacred-texts.com/isl/qr/108.html]
[sacred-texts.com/isl/uq/109.html]
[sacred-texts.com/isl/gif/109/109_001.gif]
[sacred-texts.com/isl/gif/109/109_002.gif]
[sacred-texts.com/isl/gif/109/109_003.gif]
[sacred-texts.com/isl/gif/109/109_004.gif]
[sacred-texts.com/isl/gif/109/109_005.gif]
[sacred-texts.com/isl/gif/109/109_006.gif]
[sacred-texts.com/isl/quran/10901.html]
[sacred-texts.com/isl/yaq/yaq109.html]
[sacred-texts.com/isl/pick/109.html]
[sacred-texts.com/isl/sbe09/109.html]
[sacred-texts.com/isl/qr/109.html]
[sacred-texts.com/isl/uq/110.html]
[sacred-texts.com/isl/gif/110/110_001.gif]
[sacred-texts.com/isl/gif/110/110_002.gif]
[sacred-texts.com/isl/gif/110/110_003.gif]
[sacred-texts.com/isl/quran/11001.html]
[sacred-texts.com/isl/yaq/yaq110.html]
[sacred-texts.com/isl/pick/110.html]
[sacred-texts.com/isl/sbe09/110.html]
[sacred-texts.com/isl/qr/110.html]
[sacred-texts.com/isl/uq/111.html]
[sacred-texts.com/isl/gif/111/111_001.gif]
[sacred-texts.com/isl/gif/111/111_002.gif]
[sacred-texts.com/isl/gif/111/111_003.gif]
[sacred-texts.com/isl/gif/111/111_004.gif]
[sacred-texts.com/isl/gif/111/111_005.gif]
[sacred-texts.com/isl/quran/11101.html]
[sacred-texts.com/isl/yaq/yaq111.html]
[sacred-texts.com/isl/pick/111.html]
[sacred-texts.com/isl/sbe09/111.html]
[sacred-texts.com/isl/qr/111.html]
[sacred-texts.com/isl/uq/112.html]
[sacred-texts.com/isl/gif/112/112_001.gif]
[sacred-texts.com/isl/gif/112/112_002.gif]
[sacred-texts.com/isl/gif/112/112_003.gif]
[sacred-texts.com/isl/gif/112/112_004.gif]
[sacred-texts.com/isl/quran/11201.html]
[sacred-texts.com/isl/yaq/yaq112.html]
[sacred-texts.com/isl/pick/112.html]
[sacred-texts.com/isl/sbe09/112.html]
[sacred-texts.com/isl/qr/112.html]
[sacred-texts.com/isl/uq/113.html]
[sacred-texts.com/isl/gif/113/113_001.gif]
[sacred-texts.com/isl/gif/113/113_002.gif]
[sacred-texts.com/isl/gif/113/113_003.gif]
[sacred-texts.com/isl/gif/113/113_004.gif]
[sacred-texts.com/isl/gif/113/113_005.gif]
[sacred-texts.com/isl/quran/11301.html]
[sacred-texts.com/isl/yaq/yaq113.html]
[sacred-texts.com/isl/pick/113.html]
[sacred-texts.com/isl/sbe09/113.html]
[sacred-texts.com/isl/qr/113.html]
[sacred-texts.com/isl/uq/114.html]
[sacred-texts.com/isl/gif/114/114_001.gif]
[sacred-texts.com/isl/gif/114/114_002.gif]
[sacred-texts.com/isl/gif/114/114_003.gif]
[sacred-texts.com/isl/gif/114/114_004.gif]
[sacred-texts.com/isl/gif/114/114_005.gif]
[sacred-texts.com/isl/gif/114/114_006.gif]
[sacred-texts.com/isl/quran/11401.html]
[sacred-texts.com/isl/yaq/yaq114.html]
[sacred-texts.com/isl/pick/114.html]
[sacred-texts.com/isl/sbe09/114.html]
[sacred-texts.com/isl/qr/114.html]
[sacred-texts.com/isl/hus/hus00.html]
[sacred-texts.com/isl/uq/xlit.html]
[sacred-texts.com/isl/quran/001.html]
[sacred-texts.com/isl/quran/00203.html]
[sacred-texts.com/isl/quran/00204.html]
[sacred-texts.com/isl/quran/00205.html]
[sacred-texts.com/isl/quran/00206.html]
[sacred-texts.com/isl/quran/00207.html]
[sacred-texts.com/isl/quran/00208.html]
[sacred-texts.com/isl/quran/00209.html]
[sacred-texts.com/isl/quran/00210.html]
[sacred-texts.com/isl/quran/00211.html]
[sacred-texts.com/isl/quran/00212.html]
[sacred-texts.com/isl/quran/00213.html]
[sacred-texts.com/isl/quran/00214.html]
[sacred-texts.com/isl/quran/00215.html]
[sacred-texts.com/isl/quran/00216.html]
[sacred-texts.com/isl/quran/00217.html]
[sacred-texts.com/isl/quran/00218.html]
[sacred-texts.com/isl/quran/00219.html]
[sacred-texts.com/isl/quran/00220.html]
[sacred-texts.com/isl/quran/00221.html]
[sacred-texts.com/isl/quran/00222.html]
[sacred-texts.com/isl/quran/00223.html]
[sacred-texts.com/isl/quran/00224.html]
[sacred-texts.com/isl/quran/00225.html]
[sacred-texts.com/isl/quran/00226.html]
[sacred-texts.com/isl/quran/00227.html]
[sacred-texts.com/isl/quran/00228.html]
[sacred-texts.com/isl/quran/00229.html]
[sacred-texts.com/isl/quran/00230.html]
[sacred-texts.com/isl/quran/00231.html]
[sacred-texts.com/isl/quran/00232.html]
[sacred-texts.com/isl/quran/00233.html]
[sacred-texts.com/isl/quran/00234.html]
[sacred-texts.com/isl/quran/00235.html]
[sacred-texts.com/isl/quran/00236.html]
[sacred-texts.com/isl/quran/00237.html]
[sacred-texts.com/isl/quran/00238.html]
[sacred-texts.com/isl/quran/002.html]
[sacred-texts.com/isl/quran/00239.html]
[sacred-texts.com/isl/quran/00303.html]
[sacred-texts.com/isl/quran/00304.html]
[sacred-texts.com/isl/quran/00305.html]
[sacred-texts.com/isl/quran/00306.html]
[sacred-texts.com/isl/quran/00307.html]
[sacred-texts.com/isl/quran/00308.html]
[sacred-texts.com/isl/quran/00309.html]
[sacred-texts.com/isl/quran/00310.html]
[sacred-texts.com/isl/quran/00311.html]
[sacred-texts.com/isl/quran/00312.html]
[sacred-texts.com/isl/quran/00313.html]
[sacred-texts.com/isl/quran/00314.html]
[sacred-texts.com/isl/quran/00315.html]
[sacred-texts.com/isl/quran/00316.html]
[sacred-texts.com/isl/quran/00317.html]
[sacred-texts.com/isl/quran/00318.html]
[sacred-texts.com/isl/quran/003.html]
[sacred-texts.com/isl/quran/00319.html]
[sacred-texts.com/isl/quran/00403.html]
[sacred-texts.com/isl/quran/00404.html]
[sacred-texts.com/isl/quran/00405.html]
[sacred-texts.com/isl/quran/00406.html]
[sacred-texts.com/isl/quran/00407.html]
[sacred-texts.com/isl/quran/00408.html]
[sacred-texts.com/isl/quran/00409.html]
[sacred-texts.com/isl/quran/00410.html]
[sacred-texts.com/isl/quran/00411.html]
[sacred-texts.com/isl/quran/00412.html]
[sacred-texts.com/isl/quran/00413.html]
[sacred-texts.com/isl/quran/00414.html]
[sacred-texts.com/isl/quran/00415.html]
[sacred-texts.com/isl/quran/00416.html]
[sacred-texts.com/isl/quran/00417.html]
[sacred-texts.com/isl/quran/00418.html]
[sacred-texts.com/isl/quran/00419.html]
[sacred-texts.com/isl/quran/00420.html]
[sacred-texts.com/isl/quran/00421.html]
[sacred-texts.com/isl/quran/00422.html]
[sacred-texts.com/isl/quran/004.html]
[sacred-texts.com/isl/quran/00423.html]
[sacred-texts.com/isl/quran/00503.html]
[sacred-texts.com/isl/quran/00504.html]
[sacred-texts.com/isl/quran/00505.html]
[sacred-texts.com/isl/quran/00506.html]
[sacred-texts.com/isl/quran/00507.html]
[sacred-texts.com/isl/quran/00508.html]
[sacred-texts.com/isl/quran/00509.html]
[sacred-texts.com/isl/quran/00510.html]
[sacred-texts.com/isl/quran/00511.html]
[sacred-texts.com/isl/quran/00512.html]
[sacred-texts.com/isl/quran/00513.html]
[sacred-texts.com/isl/quran/00514.html]
[sacred-texts.com/isl/quran/005.html]
[sacred-texts.com/isl/quran/00515.html]
[sacred-texts.com/isl/quran/00603.html]
[sacred-texts.com/isl/quran/00604.html]
[sacred-texts.com/isl/quran/00605.html]
[sacred-texts.com/isl/quran/00606.html]
[sacred-texts.com/isl/quran/00607.html]
[sacred-texts.com/isl/quran/00608.html]
[sacred-texts.com/isl/quran/00609.html]
[sacred-texts.com/isl/quran/00610.html]
[sacred-texts.com/isl/quran/00611.html]
[sacred-texts.com/isl/quran/00612.html]
[sacred-texts.com/isl/quran/00613.html]
[sacred-texts.com/isl/quran/00614.html]
[sacred-texts.com/isl/quran/00615.html]
[sacred-texts.com/isl/quran/00616.html]
[sacred-texts.com/isl/quran/00617.html]
[sacred-texts.com/isl/quran/00618.html]
[sacred-texts.com/isl/quran/006.html]
[sacred-texts.com/isl/quran/00619.html]
[sacred-texts.com/isl/quran/00703.html]
[sacred-texts.com/isl/quran/00704.html]
[sacred-texts.com/isl/quran/00705.html]
[sacred-texts.com/isl/quran/00706.html]
[sacred-texts.com/isl/quran/00707.html]
[sacred-texts.com/isl/quran/00708.html]
[sacred-texts.com/isl/quran/00709.html]
[sacred-texts.com/isl/quran/00710.html]
[sacred-texts.com/isl/quran/00711.html]
[sacred-texts.com/isl/quran/00712.html]
[sacred-texts.com/isl/quran/00713.html]
[sacred-texts.com/isl/quran/00714.html]
[sacred-texts.com/isl/quran/00715.html]
[sacred-texts.com/isl/quran/00716.html]
[sacred-texts.com/isl/quran/00717.html]
[sacred-texts.com/isl/quran/00718.html]
[sacred-texts.com/isl/quran/00719.html]
[sacred-texts.com/isl/quran/00720.html]
[sacred-texts.com/isl/quran/00721.html]
[sacred-texts.com/isl/quran/00722.html]
[sacred-texts.com/isl/quran/007.html]
[sacred-texts.com/isl/quran/00723.html]
[sacred-texts.com/isl/quran/00803.html]
[sacred-texts.com/isl/quran/00804.html]
[sacred-texts.com/isl/quran/00805.html]
[sacred-texts.com/isl/quran/00806.html]
[sacred-texts.com/isl/quran/00807.html]
[sacred-texts.com/isl/quran/00808.html]
[sacred-texts.com/isl/quran/008.html]
[sacred-texts.com/isl/quran/00809.html]
[sacred-texts.com/isl/quran/00903.html]
[sacred-texts.com/isl/quran/00904.html]
[sacred-texts.com/isl/quran/00905.html]
[sacred-texts.com/isl/quran/00906.html]
[sacred-texts.com/isl/quran/00907.html]
[sacred-texts.com/isl/quran/00908.html]
[sacred-texts.com/isl/quran/00909.html]
[sacred-texts.com/isl/quran/00910.html]
[sacred-texts.com/isl/quran/00911.html]
[sacred-texts.com/isl/quran/00912.html]
[sacred-texts.com/isl/quran/00913.html]
[sacred-texts.com/isl/quran/00914.html]
[sacred-texts.com/isl/quran/009.html]
[sacred-texts.com/isl/quran/00915.html]
[sacred-texts.com/isl/quran/01003.html]
[sacred-texts.com/isl/quran/01004.html]
[sacred-texts.com/isl/quran/01005.html]
[sacred-texts.com/isl/quran/01006.html]
[sacred-texts.com/isl/quran/01007.html]
[sacred-texts.com/isl/quran/01008.html]
[sacred-texts.com/isl/quran/01009.html]
[sacred-texts.com/isl/quran/010.html]
[sacred-texts.com/isl/quran/01010.html]
[sacred-texts.com/isl/quran/01103.html]
[sacred-texts.com/isl/quran/01104.html]
[sacred-texts.com/isl/quran/01105.html]
[sacred-texts.com/isl/quran/01106.html]
[sacred-texts.com/isl/quran/01107.html]
[sacred-texts.com/isl/quran/01108.html]
[sacred-texts.com/isl/quran/011.html]
[sacred-texts.com/isl/quran/01109.html]
[sacred-texts.com/isl/quran/01203.html]
[sacred-texts.com/isl/quran/01204.html]
[sacred-texts.com/isl/quran/01205.html]
[sacred-texts.com/isl/quran/01206.html]
[sacred-texts.com/isl/quran/01207.html]
[sacred-texts.com/isl/quran/01208.html]
[sacred-texts.com/isl/quran/01209.html]
[sacred-texts.com/isl/quran/01210.html]
[sacred-texts.com/isl/quran/012.html]
[sacred-texts.com/isl/quran/01211.html]
[sacred-texts.com/isl/quran/01303.html]
[sacred-texts.com/isl/quran/01304.html]
[sacred-texts.com/isl/quran/013.html]
[sacred-texts.com/isl/quran/01305.html]
[sacred-texts.com/isl/quran/01403.html]
[sacred-texts.com/isl/quran/01404.html]
[sacred-texts.com/isl/quran/01405.html]
[sacred-texts.com/isl/quran/014.html]
[sacred-texts.com/isl/quran/01406.html]
[sacred-texts.com/isl/quran/01503.html]
[sacred-texts.com/isl/quran/01504.html]
[sacred-texts.com/isl/quran/015.html]
[sacred-texts.com/isl/quran/01505.html]
[sacred-texts.com/isl/quran/01603.html]
[sacred-texts.com/isl/quran/01604.html]
[sacred-texts.com/isl/quran/01605.html]
[sacred-texts.com/isl/quran/01606.html]
[sacred-texts.com/isl/quran/01607.html]
[sacred-texts.com/isl/quran/01608.html]
[sacred-texts.com/isl/quran/01609.html]
[sacred-texts.com/isl/quran/01610.html]
[sacred-texts.com/isl/quran/01611.html]
[sacred-texts.com/isl/quran/01612.html]
[sacred-texts.com/isl/quran/01613.html]
[sacred-texts.com/isl/quran/01614.html]
[sacred-texts.com/isl/quran/016.html]
[sacred-texts.com/isl/quran/01615.html]
[sacred-texts.com/isl/quran/01703.html]
[sacred-texts.com/isl/quran/01704.html]
[sacred-texts.com/isl/quran/01705.html]
[sacred-texts.com/isl/quran/01706.html]
[sacred-texts.com/isl/quran/01707.html]
[sacred-texts.com/isl/quran/01708.html]
[sacred-texts.com/isl/quran/01709.html]
[sacred-texts.com/isl/quran/01710.html]
[sacred-texts.com/isl/quran/017.html]
[sacred-texts.com/isl/quran/01711.html]
[sacred-texts.com/isl/quran/01803.html]
[sacred-texts.com/isl/quran/01804.html]
[sacred-texts.com/isl/quran/01805.html]
[sacred-texts.com/isl/quran/01806.html]
[sacred-texts.com/isl/quran/01807.html]
[sacred-texts.com/isl/quran/01808.html]
[sacred-texts.com/isl/quran/01809.html]
[sacred-texts.com/isl/quran/01810.html]
[sacred-texts.com/isl/quran/018.html]
[sacred-texts.com/isl/quran/01811.html]
[sacred-texts.com/isl/quran/01903.html]
[sacred-texts.com/isl/quran/01904.html]
[sacred-texts.com/isl/quran/019.html]
[sacred-texts.com/isl/quran/01905.html]
[sacred-texts.com/isl/quran/02003.html]
[sacred-texts.com/isl/quran/02004.html]
[sacred-texts.com/isl/quran/02005.html]
[sacred-texts.com/isl/quran/02006.html]
[sacred-texts.com/isl/quran/020.html]
[sacred-texts.com/isl/quran/02007.html]
[sacred-texts.com/isl/quran/02103.html]
[sacred-texts.com/isl/quran/02104.html]
[sacred-texts.com/isl/quran/021.html]
[sacred-texts.com/isl/quran/02105.html]
[sacred-texts.com/isl/quran/02203.html]
[sacred-texts.com/isl/quran/02204.html]
[sacred-texts.com/isl/quran/02205.html]
[sacred-texts.com/isl/quran/02206.html]
[sacred-texts.com/isl/quran/02207.html]
[sacred-texts.com/isl/quran/02208.html]
[sacred-texts.com/isl/quran/022.html]
[sacred-texts.com/isl/quran/02209.html]
[sacred-texts.com/isl/quran/02303.html]
[sacred-texts.com/isl/quran/02304.html]
[sacred-texts.com/isl/quran/023.html]
[sacred-texts.com/isl/quran/02305.html]
[sacred-texts.com/isl/quran/02403.html]
[sacred-texts.com/isl/quran/02404.html]
[sacred-texts.com/isl/quran/02405.html]
[sacred-texts.com/isl/quran/02406.html]
[sacred-texts.com/isl/quran/02407.html]
[sacred-texts.com/isl/quran/024.html]
[sacred-texts.com/isl/quran/02408.html]
[sacred-texts.com/isl/quran/02503.html]
[sacred-texts.com/isl/quran/02504.html]
[sacred-texts.com/isl/quran/025.html]
[sacred-texts.com/isl/quran/02505.html]
[sacred-texts.com/isl/quran/02603.html]
[sacred-texts.com/isl/quran/02604.html]
[sacred-texts.com/isl/quran/02605.html]
[sacred-texts.com/isl/quran/02606.html]
[sacred-texts.com/isl/quran/02607.html]
[sacred-texts.com/isl/quran/02608.html]
[sacred-texts.com/isl/quran/02609.html]
[sacred-texts.com/isl/quran/026.html]
[sacred-texts.com/isl/quran/02610.html]
[sacred-texts.com/isl/quran/02703.html]
[sacred-texts.com/isl/quran/02704.html]
[sacred-texts.com/isl/quran/02705.html]
[sacred-texts.com/isl/quran/027.html]
[sacred-texts.com/isl/quran/02706.html]
[sacred-texts.com/isl/quran/02803.html]
[sacred-texts.com/isl/quran/02804.html]
[sacred-texts.com/isl/quran/02805.html]
[sacred-texts.com/isl/quran/02806.html]
[sacred-texts.com/isl/quran/02807.html]
[sacred-texts.com/isl/quran/028.html]
[sacred-texts.com/isl/quran/02808.html]
[sacred-texts.com/isl/quran/02903.html]
[sacred-texts.com/isl/quran/02904.html]
[sacred-texts.com/isl/quran/02905.html]
[sacred-texts.com/isl/quran/029.html]
[sacred-texts.com/isl/quran/02906.html]
[sacred-texts.com/isl/quran/03003.html]
[sacred-texts.com/isl/quran/03004.html]
[sacred-texts.com/isl/quran/030.html]
[sacred-texts.com/isl/quran/03005.html]
[sacred-texts.com/isl/quran/031.html]
[sacred-texts.com/isl/quran/032.html]
[sacred-texts.com/isl/quran/03103.html]
[sacred-texts.com/isl/quran/03303.html]
[sacred-texts.com/isl/quran/03304.html]
[sacred-texts.com/isl/quran/03305.html]
[sacred-texts.com/isl/quran/03306.html]
[sacred-texts.com/isl/quran/03307.html]
[sacred-texts.com/isl/quran/033.html]
[sacred-texts.com/isl/quran/03308.html]
[sacred-texts.com/isl/quran/03403.html]
[sacred-texts.com/isl/quran/03404.html]
[sacred-texts.com/isl/quran/034.html]
[sacred-texts.com/isl/quran/03405.html]
[sacred-texts.com/isl/quran/03503.html]
[sacred-texts.com/isl/quran/035.html]
[sacred-texts.com/isl/quran/03504.html]
[sacred-texts.com/isl/quran/03603.html]
[sacred-texts.com/isl/quran/036.html]
[sacred-texts.com/isl/quran/03604.html]
[sacred-texts.com/isl/quran/03703.html]
[sacred-texts.com/isl/quran/037.html]
[sacred-texts.com/isl/quran/03704.html]
[sacred-texts.com/isl/quran/03803.html]
[sacred-texts.com/isl/quran/038.html]
[sacred-texts.com/isl/quran/03804.html]
[sacred-texts.com/isl/quran/03903.html]
[sacred-texts.com/isl/quran/03904.html]
[sacred-texts.com/isl/quran/03905.html]
[sacred-texts.com/isl/quran/03906.html]
[sacred-texts.com/isl/quran/039.html]
[sacred-texts.com/isl/quran/03907.html]
[sacred-texts.com/isl/quran/04003.html]
[sacred-texts.com/isl/quran/04004.html]
[sacred-texts.com/isl/quran/04005.html]
[sacred-texts.com/isl/quran/04006.html]
[sacred-texts.com/isl/quran/04007.html]
[sacred-texts.com/isl/quran/040.html]
[sacred-texts.com/isl/quran/04008.html]
[sacred-texts.com/isl/quran/04103.html]
[sacred-texts.com/isl/quran/04104.html]
[sacred-texts.com/isl/quran/041.html]
[sacred-texts.com/isl/quran/04105.html]
[sacred-texts.com/isl/quran/04203.html]
[sacred-texts.com/isl/quran/042.html]
[sacred-texts.com/isl/quran/04204.html]
[sacred-texts.com/isl/quran/04303.html]
[sacred-texts.com/isl/quran/04304.html]
[sacred-texts.com/isl/quran/04305.html]
[sacred-texts.com/isl/quran/043.html]
[sacred-texts.com/isl/quran/044.html]
[sacred-texts.com/isl/quran/04306.html]
[sacred-texts.com/isl/quran/045.html]
[sacred-texts.com/isl/quran/04503.html]
[sacred-texts.com/isl/quran/046.html]
[sacred-texts.com/isl/quran/04603.html]
[sacred-texts.com/isl/quran/047.html]
[sacred-texts.com/isl/quran/04703.html]
[sacred-texts.com/isl/quran/048.html]
[sacred-texts.com/isl/quran/049.html]
[sacred-texts.com/isl/quran/050.html]
[sacred-texts.com/isl/quran/051.html]
[sacred-texts.com/isl/quran/052.html]
[sacred-texts.com/isl/quran/053.html]
[sacred-texts.com/isl/quran/054.html]
[sacred-texts.com/isl/quran/055.html]
[sacred-texts.com/isl/quran/056.html]
[sacred-texts.com/isl/quran/04803.html]
[sacred-texts.com/isl/quran/057.html]
[sacred-texts.com/isl/quran/058.html]
[sacred-texts.com/isl/quran/059.html]
[sacred-texts.com/isl/quran/060.html]
[sacred-texts.com/isl/quran/061.html]
[sacred-texts.com/isl/quran/062.html]
[sacred-texts.com/isl/quran/063.html]
[sacred-texts.com/isl/quran/064.html]
[sacred-texts.com/isl/quran/065.html]
[sacred-texts.com/isl/quran/066.html]
[sacred-texts.com/isl/quran/067.html]
[sacred-texts.com/isl/quran/068.html]
[sacred-texts.com/isl/quran/069.html]
[sacred-texts.com/isl/quran/070.html]
[sacred-texts.com/isl/quran/071.html]
[sacred-texts.com/isl/quran/072.html]
[sacred-texts.com/isl/quran/073.html]
[sacred-texts.com/isl/quran/074.html]
[sacred-texts.com/isl/quran/075.html]
[sacred-texts.com/isl/quran/076.html]
[sacred-texts.com/isl/quran/077.html]
[sacred-texts.com/isl/quran/078.html]
[sacred-texts.com/isl/quran/079.html]
[sacred-texts.com/isl/quran/080.html]
[sacred-texts.com/isl/quran/081.html]
[sacred-texts.com/isl/quran/082.html]
[sacred-texts.com/isl/quran/083.html]
[sacred-texts.com/isl/quran/084.html]
[sacred-texts.com/isl/quran/085.html]
[sacred-texts.com/isl/quran/086.html]
[sacred-texts.com/isl/quran/087.html]
[sacred-texts.com/isl/quran/088.html]
[sacred-texts.com/isl/quran/089.html]
[sacred-texts.com/isl/quran/090.html]
[sacred-texts.com/isl/quran/091.html]
[sacred-texts.com/isl/quran/092.html]
[sacred-texts.com/isl/quran/093.html]
[sacred-texts.com/isl/quran/094.html]
[sacred-texts.com/isl/quran/095.html]
[sacred-texts.com/isl/quran/096.html]
[sacred-texts.com/isl/quran/097.html]
[sacred-texts.com/isl/quran/098.html]
[sacred-texts.com/isl/quran/099.html]
[sacred-texts.com/isl/quran/100.html]
[sacred-texts.com/isl/quran/101.html]
[sacred-texts.com/isl/quran/102.html]
[sacred-texts.com/isl/quran/103.html]
[sacred-texts.com/isl/quran/104.html]
[sacred-texts.com/isl/quran/105.html]
[sacred-texts.com/isl/quran/106.html]
[sacred-texts.com/isl/quran/107.html]
[sacred-texts.com/isl/quran/108.html]
[sacred-texts.com/isl/quran/109.html]
[sacred-texts.com/isl/quran/110.html]
[sacred-texts.com/isl/quran/111.html]
[sacred-texts.com/isl/quran/112.html]
[sacred-texts.com/isl/quran/113.html]
[sacred-texts.com/isl/quran/114.html]
[sacred-texts.com/isl/quran/errata.html]
[sacred-texts.com/isl/sbe06/sbe0600.html]
[sacred-texts.com/isl/sbe06/sbe0601.html]
[sacred-texts.com/isl/sbe06/sbe0602.html]
[sacred-texts.com/isl/sbe06/sbe0603.html]
[sacred-texts.com/isl/sbe09/sbe0900.html]
[sacred-texts.com/isl/sbe09/sbe09idx.html]
[sacred-texts.com/isl/sbe09/errata.html]
[sacred-texts.com/isl/qr/qrtp.html]
[sacred-texts.com/isl/qr/qrintro.html]
[sacred-texts.com/isl/qr/qrded.html]
[sacred-texts.com/isl/qr/qrpref.html]
[sacred-texts.com/isl/qr/qridx.html]
[sacred-texts.com/isl/quran/05703.html]
[sacred-texts.com/isl/pro/abr00.html]
[sacred-texts.com/isl/yaq/yaq000.html]
[sacred-texts.com/isl/yaq/pageidx.html]
[sacred-texts.com/isl/yaq/errata.html]
[sacred-texts.com/isl/hadith/jihad.html]
[sacred-texts.com/isl/hadith/had00.html]
[sacred-texts.com/isl/hadith/had01.html]
[sacred-texts.com/isl/hadith/had02.html]
[sacred-texts.com/isl/hadith/had03.html]
[sacred-texts.com/isl/hadith/had04.html]
[sacred-texts.com/isl/hadith/had05.html]
[sacred-texts.com/isl/hadith/had06.html]
[sacred-texts.com/isl/hadith/had07.html]
[sacred-texts.com/isl/hadith/had08.html]
[sacred-texts.com/isl/hadith/had09.html]
[sacred-texts.com/isl/hadith/had10.html]
[sacred-texts.com/isl/hadith/had11.html]
[sacred-texts.com/isl/hadith/had12.html]
[sacred-texts.com/isl/hadith/had13.html]
[sacred-texts.com/isl/hadith/had14.html]
[sacred-texts.com/isl/hadith/had15.html]
[sacred-texts.com/isl/hadith/had16.html]
[sacred-texts.com/isl/hadith/had17.html]
[sacred-texts.com/isl/hadith/had18.html]
[sacred-texts.com/isl/hadith/had19.html]
[sacred-texts.com/isl/hadith/had20.html]
[sacred-texts.com/isl/hadith/had21.html]
[sacred-texts.com/isl/hadith/had22.html]
[sacred-texts.com/isl/hadith/had23.html]
[sacred-texts.com/isl/hadith/had24.html]
[sacred-texts.com/isl/hadith/had25.html]
[sacred-texts.com/isl/hadith/had26.html]
[sacred-texts.com/isl/hadith/had27.html]
[sacred-texts.com/isl/hadith/had28.html]
[sacred-texts.com/isl/hadith/had29.html]
[sacred-texts.com/isl/hadith/had30.html]
[sacred-texts.com/isl/hadith/had31.html]
[sacred-texts.com/isl/hadith/had32.html]
[sacred-texts.com/isl/hadith/had33.html]
[sacred-texts.com/isl/hadith/had34.html]
[sacred-texts.com/isl/hafiz.html]
[sacred-texts.com/isl/bukhari/bh1/bh1_01.html]
[sacred-texts.com/isl/bukhari/bh1/bh1_02.html]
[sacred-texts.com/isl/bukhari/bh1/bh1_03.html]
[sacred-texts.com/isl/bukhari/bh1/bh1_04.html]
[sacred-texts.com/isl/bukhari/bh1/bh1_05.html]
[sacred-texts.com/isl/bukhari/bh1/bh1_06.html]
[sacred-texts.com/isl/bukhari/bh1/bh1_07.html]
[sacred-texts.com/isl/bukhari/bh1/bh1_08.html]
[sacred-texts.com/isl/bukhari/bh1/bh1_09.html]
[sacred-texts.com/isl/bukhari/bh1/bh1_10.html]
[sacred-texts.com/isl/bukhari/bh1/bh1_11.html]
[sacred-texts.com/isl/bukhari/bh1/bh1_12.html]
[sacred-texts.com/isl/bukhari/bh1/bh1_13.html]
[sacred-texts.com/isl/bukhari/bh1/bh1_14.html]
[sacred-texts.com/isl/bukhari/bh1/bh1_15.html]
[sacred-texts.com/isl/bukhari/bh1/bh1_16.html]
[sacred-texts.com/isl/bukhari/bh1/bh1_17.html]
[sacred-texts.com/isl/bukhari/bh1/bh1_18.html]
[sacred-texts.com/isl/bukhari/bh1/bh1_19.html]
[sacred-texts.com/isl/bukhari/bh1/bh1_20.html]
[sacred-texts.com/isl/bukhari/bh1/bh1_21.html]
[sacred-texts.com/isl/bukhari/bh1/bh1_22.html]
[sacred-texts.com/isl/bukhari/bh1/bh1_23.html]
[sacred-texts.com/isl/bukhari/bh1/bh1_24.html]
[sacred-texts.com/isl/bukhari/bh1/bh1_25.html]
[sacred-texts.com/isl/bukhari/bh1/bh1_26.html]
[sacred-texts.com/isl/bukhari/bh1/bh1_27.html]
[sacred-texts.com/isl/bukhari/bh1/bh1_28.html]
[sacred-texts.com/isl/bukhari/bh1/bh1_29.html]
[sacred-texts.com/isl/bukhari/bh1/bh1_30.html]
[sacred-texts.com/isl/bukhari/bh1/bh1_31.html]
[sacred-texts.com/isl/bukhari/bh1/bh1_32.html]
[sacred-texts.com/isl/bukhari/bh1/bh1_33.html]
[sacred-texts.com/isl/bukhari/bh1/bh1_34.html]
[sacred-texts.com/isl/bukhari/bh1/bh1_35.html]
[sacred-texts.com/isl/bukhari/bh1/bh1_36.html]
[sacred-texts.com/isl/bukhari/bh1/bh1_37.html]
[sacred-texts.com/isl/bukhari/bh1/bh1_38.html]
[sacred-texts.com/isl/bukhari/bh1/bh1_39.html]
[sacred-texts.com/isl/bukhari/bh1/bh1_40.html]
[sacred-texts.com/isl/bukhari/bh1/bh1_41.html]
[sacred-texts.com/isl/bukhari/bh1/bh1_42.html]
[sacred-texts.com/isl/bukhari/bh1/bh1_43.html]
[sacred-texts.com/isl/bukhari/bh1/bh1_44.html]
[sacred-texts.com/isl/bukhari/bh1/bh1_45.html]
[sacred-texts.com/isl/bukhari/bh1/bh1_46.html]
[sacred-texts.com/isl/bukhari/bh1/bh1_47.html]
[sacred-texts.com/isl/bukhari/bh1/bh1_48.html]
[sacred-texts.com/isl/bukhari/bh1/bh1_49.html]
[sacred-texts.com/isl/bukhari/bh1/bh1_50.html]
[sacred-texts.com/isl/bukhari/bh1/bh1_51.html]
[sacred-texts.com/isl/bukhari/bh1/bh1_52.html]
[sacred-texts.com/isl/bukhari/bh1/bh1_53.html]
[sacred-texts.com/isl/bukhari/bh1/bh1_54.html]
[sacred-texts.com/isl/bukhari/bh1/bh1_55.html]
[sacred-texts.com/isl/bukhari/bh1/bh1_56.html]
[sacred-texts.com/isl/bukhari/bh1/bh1_57.html]
[sacred-texts.com/isl/bukhari/bh1/bh1_58.html]
[sacred-texts.com/isl/bukhari/bh1/bh1_59.html]
[sacred-texts.com/isl/bukhari/bh1/bh1_60.html]
[sacred-texts.com/isl/bukhari/bh1/bh1_61.html]
[sacred-texts.com/isl/bukhari/bh1/bh1_62.html]
[sacred-texts.com/isl/bukhari/bh1/bh1_63.html]
[sacred-texts.com/isl/bukhari/bh1/bh1_64.html]
[sacred-texts.com/isl/bukhari/bh1/bh1_65.html]
[sacred-texts.com/isl/bukhari/bh1/bh1_66.html]
[sacred-texts.com/isl/bukhari/bh1/bh1_67.html]
[sacred-texts.com/isl/bukhari/bh1/bh1_68.html]
[sacred-texts.com/isl/bukhari/bh1/bh1_69.html]
[sacred-texts.com/isl/bukhari/bh1/bh1_70.html]
[sacred-texts.com/isl/bukhari/bh1/bh1_71.html]
[sacred-texts.com/isl/bukhari/bh1/bh1_72.html]
[sacred-texts.com/isl/bukhari/bh1/bh1_73.html]
[sacred-texts.com/isl/bukhari/bh1/bh1_74.html]
[sacred-texts.com/isl/bukhari/bh1/bh1_75.html]
[sacred-texts.com/isl/bukhari/bh1/bh1_76.html]
[sacred-texts.com/isl/bukhari/bh1/bh1_77.html]
[sacred-texts.com/isl/bukhari/bh1/bh1_78.html]
[sacred-texts.com/isl/bukhari/bh1/bh1_79.html]
[sacred-texts.com/isl/bukhari/bh1/bh1_80.html]
[sacred-texts.com/isl/bukhari/bh1/bh1_81.html]
[sacred-texts.com/isl/bukhari/bh1/bh1_82.html]
[sacred-texts.com/isl/bukhari/bh1/bh1_83.html]
[sacred-texts.com/isl/bukhari/bh1/bh1_84.html]
[sacred-texts.com/isl/bukhari/bh1/bh1_85.html]
[sacred-texts.com/isl/bukhari/bh1/bh1_86.html]
[sacred-texts.com/isl/bukhari/bh1/bh1_87.html]
[sacred-texts.com/isl/bukhari/bh1/bh1_88.html]
[sacred-texts.com/isl/bukhari/bh1/bh1_89.html]
[sacred-texts.com/isl/bukhari/bh1/bh1_90.html]
[sacred-texts.com/isl/bukhari/bh1/bh1_91.html]
[sacred-texts.com/isl/bukhari/bh1/bh1_92.html]
[sacred-texts.com/isl/bukhari/bh1/bh1_93.html]
[sacred-texts.com/isl/bukhari/bh1/bh1_94.html]
[sacred-texts.com/isl/bukhari/bh1/bh1_95.html]
[sacred-texts.com/isl/bukhari/bh1/bh1_96.html]
[sacred-texts.com/isl/bukhari/bh1/bh1_97.html]
[sacred-texts.com/isl/bukhari/bh1/bh1_98.html]
[sacred-texts.com/isl/bukhari/bh1/bh1_99.html]
[sacred-texts.com/isl/bukhari/bh1/bh1_100.html]
[sacred-texts.com/isl/bukhari/bh1/bh1_101.html]
[sacred-texts.com/isl/bukhari/bh1/bh1_102.html]
[sacred-texts.com/isl/bukhari/bh1/bh1_103.html]
[sacred-texts.com/isl/bukhari/bh1/bh1_104.html]
[sacred-texts.com/isl/bukhari/bh1/bh1_105.html]
[sacred-texts.com/isl/bukhari/bh1/bh1_106.html]
[sacred-texts.com/isl/bukhari/bh1/bh1_107.html]
[sacred-texts.com/isl/bukhari/bh1/bh1_108.html]
[sacred-texts.com/isl/bukhari/bh1/bh1_109.html]
[sacred-texts.com/isl/bukhari/bh1/bh1_110.html]
[sacred-texts.com/isl/bukhari/bh1/bh1_111.html]
[sacred-texts.com/isl/bukhari/bh1/bh1_112.html]
[sacred-texts.com/isl/bukhari/bh1/bh1_113.html]
[sacred-texts.com/isl/bukhari/bh1/bh1_114.html]
[sacred-texts.com/isl/bukhari/bh1/bh1_115.html]
[sacred-texts.com/isl/bukhari/bh1/bh1_116.html]
[sacred-texts.com/isl/bukhari/bh1/bh1_117.html]
[sacred-texts.com/isl/bukhari/bh1/bh1_118.html]
[sacred-texts.com/isl/bukhari/bh1/bh1_119.html]
[sacred-texts.com/isl/bukhari/bh1/bh1_120.html]
[sacred-texts.com/isl/bukhari/bh1/bh1_121.html]
[sacred-texts.com/isl/bukhari/bh1/bh1_122.html]
[sacred-texts.com/isl/bukhari/bh1/bh1_123.html]
[sacred-texts.com/isl/bukhari/bh1/bh1_124.html]
[sacred-texts.com/isl/bukhari/bh1/bh1_125.html]
[sacred-texts.com/isl/bukhari/bh1/bh1_126.html]
[sacred-texts.com/isl/bukhari/bh1/bh1_127.html]
[sacred-texts.com/isl/bukhari/bh1/bh1_128.html]
[sacred-texts.com/isl/bukhari/bh1/bh1_129.html]
[sacred-texts.com/isl/bukhari/bh1/bh1_130.html]
[sacred-texts.com/isl/bukhari/bh1/bh1_131.html]
[sacred-texts.com/isl/bukhari/bh1/bh1_132.html]
[sacred-texts.com/isl/bukhari/bh1/bh1_133.html]
[sacred-texts.com/isl/bukhari/bh1/bh1_134.html]
[sacred-texts.com/isl/bukhari/bh1/bh1_135.html]
[sacred-texts.com/isl/bukhari/bh1/bh1_136.html]
[sacred-texts.com/isl/bukhari/bh1/bh1_137.html]
[sacred-texts.com/isl/bukhari/bh1/bh1_138.html]
[sacred-texts.com/isl/bukhari/bh1/bh1_139.html]
[sacred-texts.com/isl/bukhari/bh1/bh1_140.html]
[sacred-texts.com/isl/bukhari/bh1/bh1_141.html]
[sacred-texts.com/isl/bukhari/bh1/bh1_142.html]
[sacred-texts.com/isl/bukhari/bh1/bh1_143.html]
[sacred-texts.com/isl/bukhari/bh1/bh1_144.html]
[sacred-texts.com/isl/bukhari/bh1/bh1_145.html]
[sacred-texts.com/isl/bukhari/bh1/bh1_146.html]
[sacred-texts.com/isl/bukhari/bh1/bh1_147.html]
[sacred-texts.com/isl/bukhari/bh1/bh1_148.html]
[sacred-texts.com/isl/bukhari/bh1/bh1_149.html]
[sacred-texts.com/isl/bukhari/bh1/bh1_150.html]
[sacred-texts.com/isl/bukhari/bh1/bh1_151.html]
[sacred-texts.com/isl/bukhari/bh1/bh1_152.html]
[sacred-texts.com/isl/bukhari/bh1/bh1_153.html]
[sacred-texts.com/isl/bukhari/bh1/bh1_154.html]
[sacred-texts.com/isl/bukhari/bh1/bh1_155.html]
[sacred-texts.com/isl/bukhari/bh1/bh1_156.html]
[sacred-texts.com/isl/bukhari/bh1/bh1_157.html]
[sacred-texts.com/isl/bukhari/bh1/bh1_158.html]
[sacred-texts.com/isl/bukhari/bh1/bh1_159.html]
[sacred-texts.com/isl/bukhari/bh1/bh1_160.html]
[sacred-texts.com/isl/bukhari/bh1/bh1_161.html]
[sacred-texts.com/isl/bukhari/bh1/bh1_162.html]
[sacred-texts.com/isl/bukhari/bh1/bh1_163.html]
[sacred-texts.com/isl/bukhari/bh1/bh1_164.html]
[sacred-texts.com/isl/bukhari/bh1/bh1_165.html]
[sacred-texts.com/isl/bukhari/bh1/bh1_166.html]
[sacred-texts.com/isl/bukhari/bh1/bh1_167.html]
[sacred-texts.com/isl/bukhari/bh1/bh1_168.html]
[sacred-texts.com/isl/bukhari/bh1/bh1_169.html]
[sacred-texts.com/isl/bukhari/bh1/bh1_170.html]
[sacred-texts.com/isl/bukhari/bh1/bh1_171.html]
[sacred-texts.com/isl/bukhari/bh1/bh1_172.html]
[sacred-texts.com/isl/bukhari/bh1/bh1_173.html]
[sacred-texts.com/isl/bukhari/bh1/bh1_174.html]
[sacred-texts.com/isl/bukhari/bh1/bh1_175.html]
[sacred-texts.com/isl/bukhari/bh1/bh1_176.html]
[sacred-texts.com/isl/bukhari/bh1/bh1_177.html]
[sacred-texts.com/isl/bukhari/bh1/bh1_178.html]
[sacred-texts.com/isl/bukhari/bh1/bh1_179.html]
[sacred-texts.com/isl/bukhari/bh1/bh1_180.html]
[sacred-texts.com/isl/bukhari/bh1/bh1_181.html]
[sacred-texts.com/isl/bukhari/bh1/bh1_182.html]
[sacred-texts.com/isl/bukhari/bh1/bh1_183.html]
[sacred-texts.com/isl/bukhari/bh1/bh1_184.html]
[sacred-texts.com/isl/bukhari/bh1/bh1_185.html]
[sacred-texts.com/isl/bukhari/bh1/bh1_186.html]
[sacred-texts.com/isl/bukhari/bh1/bh1_187.html]
[sacred-texts.com/isl/bukhari/bh1/bh1_188.html]
[sacred-texts.com/isl/bukhari/bh1/bh1_189.html]
[sacred-texts.com/isl/bukhari/bh1/bh1_190.html]
[sacred-texts.com/isl/bukhari/bh1/bh1_191.html]
[sacred-texts.com/isl/bukhari/bh1/bh1_192.html]
[sacred-texts.com/isl/bukhari/bh1/bh1_193.html]
[sacred-texts.com/isl/bukhari/bh1/bh1_194.html]
[sacred-texts.com/isl/bukhari/bh1/bh1_195.html]
[sacred-texts.com/isl/bukhari/bh1/bh1_196.html]
[sacred-texts.com/isl/bukhari/bh1/bh1_197.html]
[sacred-texts.com/isl/bukhari/bh1/bh1_198.html]
[sacred-texts.com/isl/bukhari/bh1/bh1_199.html]
[sacred-texts.com/isl/bukhari/bh1/bh1_200.html]
[sacred-texts.com/isl/bukhari/bh1/bh1_201.html]
[sacred-texts.com/isl/bukhari/bh1/bh1_202.html]
[sacred-texts.com/isl/bukhari/bh1/bh1_203.html]
[sacred-texts.com/isl/bukhari/bh1/bh1_204.html]
[sacred-texts.com/isl/bukhari/bh1/bh1_205.html]
[sacred-texts.com/isl/bukhari/bh1/bh1_206.html]
[sacred-texts.com/isl/bukhari/bh1/bh1_207.html]
[sacred-texts.com/isl/bukhari/bh1/bh1_208.html]
[sacred-texts.com/isl/bukhari/bh1/bh1_209.html]
[sacred-texts.com/isl/bukhari/bh1/bh1_210.html]
[sacred-texts.com/isl/bukhari/bh1/bh1_211.html]
[sacred-texts.com/isl/bukhari/bh1/bh1_212.html]
[sacred-texts.com/isl/bukhari/bh1/bh1_213.html]
[sacred-texts.com/isl/bukhari/bh1/bh1_214.html]
[sacred-texts.com/isl/bukhari/bh1/bh1_215.html]
[sacred-texts.com/isl/bukhari/bh1/bh1_216.html]
[sacred-texts.com/isl/bukhari/bh1/bh1_217.html]
[sacred-texts.com/isl/bukhari/bh1/bh1_218.html]
[sacred-texts.com/isl/bukhari/bh1/bh1_219.html]
[sacred-texts.com/isl/bukhari/bh1/bh1_220.html]
[sacred-texts.com/isl/bukhari/bh1/bh1_221.html]
[sacred-texts.com/isl/bukhari/bh1/bh1_222.html]
[sacred-texts.com/isl/bukhari/bh1/bh1_223.html]
[sacred-texts.com/isl/bukhari/bh1/bh1_224.html]
[sacred-texts.com/isl/bukhari/bh1/bh1_225.html]
[sacred-texts.com/isl/bukhari/bh1/bh1_226.html]
[sacred-texts.com/isl/bukhari/bh1/bh1_227.html]
[sacred-texts.com/isl/bukhari/bh1/bh1_228.html]
[sacred-texts.com/isl/bukhari/bh1/bh1_229.html]
[sacred-texts.com/isl/bukhari/bh1/bh1_230.html]
[sacred-texts.com/isl/bukhari/bh1/bh1_231.html]
[sacred-texts.com/isl/bukhari/bh1/bh1_232.html]
[sacred-texts.com/isl/bukhari/bh1/bh1_233.html]
[sacred-texts.com/isl/bukhari/bh1/bh1_234.html]
[sacred-texts.com/isl/bukhari/bh1/bh1_235.html]
[sacred-texts.com/isl/bukhari/bh1/bh1_236.html]
[sacred-texts.com/isl/bukhari/bh1/bh1_237.html]
[sacred-texts.com/isl/bukhari/bh1/bh1_238.html]
[sacred-texts.com/isl/bukhari/bh1/bh1_239.html]
[sacred-texts.com/isl/bukhari/bh1/bh1_240.html]
[sacred-texts.com/isl/bukhari/bh1/bh1_241.html]
[sacred-texts.com/isl/bukhari/bh1/bh1_242.html]
[sacred-texts.com/isl/bukhari/bh1/bh1_243.html]
[sacred-texts.com/isl/bukhari/bh1/bh1_244.html]
[sacred-texts.com/isl/bukhari/bh1/bh1_245.html]
[sacred-texts.com/isl/bukhari/bh1/bh1_246.html]
[sacred-texts.com/isl/bukhari/bh1/bh1_247.html]
[sacred-texts.com/isl/bukhari/bh1/bh1_248.html]
[sacred-texts.com/isl/bukhari/bh1/bh1_249.html]
[sacred-texts.com/isl/bukhari/bh1/bh1_250.html]
[sacred-texts.com/isl/bukhari/bh1/bh1_251.html]
[sacred-texts.com/isl/bukhari/bh1/bh1_252.html]
[sacred-texts.com/isl/bukhari/bh1/bh1_253.html]
[sacred-texts.com/isl/bukhari/bh1/bh1_254.html]
[sacred-texts.com/isl/bukhari/bh1/bh1_255.html]
[sacred-texts.com/isl/bukhari/bh1/bh1_256.html]
[sacred-texts.com/isl/bukhari/bh1/bh1_257.html]
[sacred-texts.com/isl/bukhari/bh1/bh1_258.html]
[sacred-texts.com/isl/bukhari/bh1/bh1_259.html]
[sacred-texts.com/isl/bukhari/bh1/bh1_260.html]
[sacred-texts.com/isl/bukhari/bh1/bh1_261.html]
[sacred-texts.com/isl/bukhari/bh1/bh1_262.html]
[sacred-texts.com/isl/bukhari/bh1/bh1_263.html]
[sacred-texts.com/isl/bukhari/bh1/bh1_264.html]
[sacred-texts.com/isl/bukhari/bh1/bh1_265.html]
[sacred-texts.com/isl/bukhari/bh1/bh1_266.html]
[sacred-texts.com/isl/bukhari/bh1/bh1_267.html]
[sacred-texts.com/isl/bukhari/bh1/bh1_268.html]
[sacred-texts.com/isl/bukhari/bh1/bh1_269.html]
[sacred-texts.com/isl/bukhari/bh1/bh1_270.html]
[sacred-texts.com/isl/bukhari/bh1/bh1_271.html]
[sacred-texts.com/isl/bukhari/bh1/bh1_272.html]
[sacred-texts.com/isl/bukhari/bh1/bh1_273.html]
[sacred-texts.com/isl/bukhari/bh1/bh1_274.html]
[sacred-texts.com/isl/bukhari/bh1/bh1_275.html]
[sacred-texts.com/isl/bukhari/bh1/bh1_276.html]
[sacred-texts.com/isl/bukhari/bh1/bh1_277.html]
[sacred-texts.com/isl/bukhari/bh1/bh1_278.html]
[sacred-texts.com/isl/bukhari/bh1/bh1_279.html]
[sacred-texts.com/isl/bukhari/bh1/bh1_280.html]
[sacred-texts.com/isl/bukhari/bh1/bh1_281.html]
[sacred-texts.com/isl/bukhari/bh1/bh1_282.html]
[sacred-texts.com/isl/bukhari/bh1/bh1_283.html]
[sacred-texts.com/isl/bukhari/bh1/bh1_284.html]
[sacred-texts.com/isl/bukhari/bh1/bh1_285.html]
[sacred-texts.com/isl/bukhari/bh1/bh1_286.html]
[sacred-texts.com/isl/bukhari/bh1/bh1_287.html]
[sacred-texts.com/isl/bukhari/bh1/bh1_288.html]
[sacred-texts.com/isl/bukhari/bh1/bh1_289.html]
[sacred-texts.com/isl/bukhari/bh1/bh1_290.html]
[sacred-texts.com/isl/bukhari/bh1/bh1_291.html]
[sacred-texts.com/isl/bukhari/bh1/bh1_292.html]
[sacred-texts.com/isl/bukhari/bh1/bh1_293.html]
[sacred-texts.com/isl/bukhari/bh1/bh1_294.html]
[sacred-texts.com/isl/bukhari/bh1/bh1_295.html]
[sacred-texts.com/isl/bukhari/bh1/bh1_296.html]
[sacred-texts.com/isl/bukhari/bh1/bh1_297.html]
[sacred-texts.com/isl/bukhari/bh1/bh1_298.html]
[sacred-texts.com/isl/bukhari/bh1/bh1_299.html]
[sacred-texts.com/isl/bukhari/bh1/bh1_300.html]
[sacred-texts.com/isl/bukhari/bh1/bh1_301.html]
[sacred-texts.com/isl/bukhari/bh1/bh1_302.html]
[sacred-texts.com/isl/bukhari/bh1/bh1_303.html]
[sacred-texts.com/isl/bukhari/bh1/bh1_304.html]
[sacred-texts.com/isl/bukhari/bh1/bh1_305.html]
[sacred-texts.com/isl/bukhari/bh1/bh1_306.html]
[sacred-texts.com/isl/bukhari/bh1/bh1_307.html]
[sacred-texts.com/isl/bukhari/bh1/bh1_308.html]
[sacred-texts.com/isl/bukhari/bh1/bh1_309.html]
[sacred-texts.com/isl/bukhari/bh1/bh1_310.html]
[sacred-texts.com/isl/bukhari/bh1/bh1_311.html]
[sacred-texts.com/isl/bukhari/bh1/bh1_312.html]
[sacred-texts.com/isl/bukhari/bh1/bh1_313.html]
[sacred-texts.com/isl/bukhari/bh1/bh1_314.html]
[sacred-texts.com/isl/bukhari/bh1/bh1_315.html]
[sacred-texts.com/isl/bukhari/bh1/bh1_316.html]
[sacred-texts.com/isl/bukhari/bh1/bh1_317.html]
[sacred-texts.com/isl/bukhari/bh1/bh1_318.html]
[sacred-texts.com/isl/bukhari/bh1/bh1_319.html]
[sacred-texts.com/isl/bukhari/bh1/bh1_320.html]
[sacred-texts.com/isl/bukhari/bh1/bh1_321.html]
[sacred-texts.com/isl/bukhari/bh1/bh1_322.html]
[sacred-texts.com/isl/bukhari/bh1/bh1_323.html]
[sacred-texts.com/isl/bukhari/bh1/bh1_324.html]
[sacred-texts.com/isl/bukhari/bh1/bh1_325.html]
[sacred-texts.com/isl/bukhari/bh1/bh1_326.html]
[sacred-texts.com/isl/bukhari/bh1/bh1_327.html]
[sacred-texts.com/isl/bukhari/bh1/bh1_328.html]
[sacred-texts.com/isl/bukhari/bh1/bh1_329.html]
[sacred-texts.com/isl/bukhari/bh1/bh1_330.html]
[sacred-texts.com/isl/bukhari/bh1/bh1_331.html]
[sacred-texts.com/isl/bukhari/bh1/bh1_332.html]
[sacred-texts.com/isl/bukhari/bh1/bh1_333.html]
[sacred-texts.com/isl/bukhari/bh1/bh1_334.html]
[sacred-texts.com/isl/bukhari/bh1/bh1_335.html]
[sacred-texts.com/isl/bukhari/bh1/bh1_336.html]
[sacred-texts.com/isl/bukhari/bh1/bh1_337.html]
[sacred-texts.com/isl/bukhari/bh1/bh1_338.html]
[sacred-texts.com/isl/bukhari/bh1/bh1_339.html]
[sacred-texts.com/isl/bukhari/bh1/bh1_340.html]
[sacred-texts.com/isl/bukhari/bh1/bh1_341.html]
[sacred-texts.com/isl/bukhari/bh1/bh1_342.html]
[sacred-texts.com/isl/bukhari/bh1/bh1_343.html]
[sacred-texts.com/isl/bukhari/bh1/bh1_344.html]
[sacred-texts.com/isl/bukhari/bh1/bh1_345.html]
[sacred-texts.com/isl/bukhari/bh1/bh1_346.html]
[sacred-texts.com/isl/bukhari/bh1/bh1_347.html]
[sacred-texts.com/isl/bukhari/bh1/bh1_348.html]
[sacred-texts.com/isl/bukhari/bh1/bh1_349.html]
[sacred-texts.com/isl/bukhari/bh1/bh1_350.html]
[sacred-texts.com/isl/bukhari/bh1/bh1_351.html]
[sacred-texts.com/isl/bukhari/bh1/bh1_352.html]
[sacred-texts.com/isl/bukhari/bh1/bh1_353.html]
[sacred-texts.com/isl/bukhari/bh1/bh1_354.html]
[sacred-texts.com/isl/bukhari/bh1/bh1_355.html]
[sacred-texts.com/isl/bukhari/bh1/bh1_356.html]
[sacred-texts.com/isl/bukhari/bh1/bh1_357.html]
[sacred-texts.com/isl/bukhari/bh1/bh1_358.html]
[sacred-texts.com/isl/bukhari/bh1/bh1_359.html]
[sacred-texts.com/isl/bukhari/bh1/bh1_360.html]
[sacred-texts.com/isl/bukhari/bh1/bh1_361.html]
[sacred-texts.com/isl/bukhari/bh1/bh1_362.html]
[sacred-texts.com/isl/bukhari/bh1/bh1_363.html]
[sacred-texts.com/isl/bukhari/bh1/bh1_364.html]
[sacred-texts.com/isl/bukhari/bh1/bh1_365.html]
[sacred-texts.com/isl/bukhari/bh1/bh1_366.html]
[sacred-texts.com/isl/bukhari/bh1/bh1_367.html]
[sacred-texts.com/isl/bukhari/bh1/bh1_368.html]
[sacred-texts.com/isl/bukhari/bh1/bh1_369.html]
[sacred-texts.com/isl/bukhari/bh1/bh1_370.html]
[sacred-texts.com/isl/bukhari/bh1/bh1_371.html]
[sacred-texts.com/isl/bukhari/bh1/bh1_372.html]
[sacred-texts.com/isl/bukhari/bh1/bh1_373.html]
[sacred-texts.com/isl/bukhari/bh1/bh1_374.html]
[sacred-texts.com/isl/bukhari/bh1/bh1_375.html]
[sacred-texts.com/isl/bukhari/bh1/bh1_376.html]
[sacred-texts.com/isl/bukhari/bh1/bh1_377.html]
[sacred-texts.com/isl/bukhari/bh1/bh1_378.html]
[sacred-texts.com/isl/bukhari/bh1/bh1_379.html]
[sacred-texts.com/isl/bukhari/bh1/bh1_380.html]
[sacred-texts.com/isl/bukhari/bh1/bh1_381.html]
[sacred-texts.com/isl/bukhari/bh1/bh1_382.html]
[sacred-texts.com/isl/bukhari/bh1/bh1_383.html]
[sacred-texts.com/isl/bukhari/bh1/bh1_384.html]
[sacred-texts.com/isl/bukhari/bh1/bh1_385.html]
[sacred-texts.com/isl/bukhari/bh1/bh1_386.html]
[sacred-texts.com/isl/bukhari/bh1/bh1_387.html]
[sacred-texts.com/isl/bukhari/bh1/bh1_388.html]
[sacred-texts.com/isl/bukhari/bh1/bh1_389.html]
[sacred-texts.com/isl/bukhari/bh1/bh1_390.html]
[sacred-texts.com/isl/bukhari/bh1/bh1_391.html]
[sacred-texts.com/isl/bukhari/bh1/bh1_392.html]
[sacred-texts.com/isl/bukhari/bh1/bh1_393.html]
[sacred-texts.com/isl/bukhari/bh1/bh1_394.html]
[sacred-texts.com/isl/bukhari/bh1/bh1_395.html]
[sacred-texts.com/isl/bukhari/bh1/bh1_396.html]
[sacred-texts.com/isl/bukhari/bh1/bh1_397.html]
[sacred-texts.com/isl/bukhari/bh1/bh1_398.html]
[sacred-texts.com/isl/bukhari/bh1/bh1_399.html]
[sacred-texts.com/isl/bukhari/bh1/bh1_400.html]
[sacred-texts.com/isl/bukhari/bh1/bh1_401.html]
[sacred-texts.com/isl/bukhari/bh1/bh1_402.html]
[sacred-texts.com/isl/bukhari/bh1/bh1_403.html]
[sacred-texts.com/isl/bukhari/bh1/bh1_404.html]
[sacred-texts.com/isl/bukhari/bh1/bh1_405.html]
[sacred-texts.com/isl/bukhari/bh1/bh1_406.html]
[sacred-texts.com/isl/bukhari/bh1/bh1_407.html]
[sacred-texts.com/isl/bukhari/bh1/bh1_408.html]
[sacred-texts.com/isl/bukhari/bh1/bh1_409.html]
[sacred-texts.com/isl/bukhari/bh1/bh1_410.html]
[sacred-texts.com/isl/bukhari/bh1/bh1_411.html]
[sacred-texts.com/isl/bukhari/bh1/bh1_412.html]
[sacred-texts.com/isl/bukhari/bh1/bh1_413.html]
[sacred-texts.com/isl/bukhari/bh1/bh1_414.html]
[sacred-texts.com/isl/bukhari/bh1/bh1_415.html]
[sacred-texts.com/isl/bukhari/bh1/bh1_416.html]
[sacred-texts.com/isl/bukhari/bh1/bh1_417.html]
[sacred-texts.com/isl/bukhari/bh1/bh1_418.html]
[sacred-texts.com/isl/bukhari/bh1/bh1_419.html]
[sacred-texts.com/isl/bukhari/bh1/bh1_420.html]
[sacred-texts.com/isl/bukhari/bh1/bh1_421.html]
[sacred-texts.com/isl/bukhari/bh1/bh1_422.html]
[sacred-texts.com/isl/bukhari/bh1/bh1_423.html]
[sacred-texts.com/isl/bukhari/bh1/bh1_424.html]
[sacred-texts.com/isl/bukhari/bh1/bh1_425.html]
[sacred-texts.com/isl/bukhari/bh1/bh1_426.html]
[sacred-texts.com/isl/bukhari/bh1/bh1_427.html]
[sacred-texts.com/isl/bukhari/bh1/bh1_428.html]
[sacred-texts.com/isl/bukhari/bh1/bh1_429.html]
[sacred-texts.com/isl/bukhari/bh1/bh1_430.html]
[sacred-texts.com/isl/bukhari/bh1/bh1_431.html]
[sacred-texts.com/isl/bukhari/bh1/bh1_432.html]
[sacred-texts.com/isl/bukhari/bh1/bh1_433.html]
[sacred-texts.com/isl/bukhari/bh1/bh1_434.html]
[sacred-texts.com/isl/bukhari/bh1/bh1_435.html]
[sacred-texts.com/isl/bukhari/bh1/bh1_436.html]
[sacred-texts.com/isl/bukhari/bh1/bh1_437.html]
[sacred-texts.com/isl/bukhari/bh1/bh1_438.html]
[sacred-texts.com/isl/bukhari/bh1/bh1_439.html]
[sacred-texts.com/isl/bukhari/bh1/bh1_440.html]
[sacred-texts.com/isl/bukhari/bh1/bh1_441.html]
[sacred-texts.com/isl/bukhari/bh1/bh1_442.html]
[sacred-texts.com/isl/bukhari/bh1/bh1_443.html]
[sacred-texts.com/isl/bukhari/bh1/bh1_444.html]
[sacred-texts.com/isl/bukhari/bh1/bh1_445.html]
[sacred-texts.com/isl/bukhari/bh1/bh1_446.html]
[sacred-texts.com/isl/bukhari/bh1/bh1_447.html]
[sacred-texts.com/isl/bukhari/bh1/bh1_448.html]
[sacred-texts.com/isl/bukhari/bh1/bh1_449.html]
[sacred-texts.com/isl/bukhari/bh1/bh1_450.html]
[sacred-texts.com/isl/bukhari/bh1/bh1_451.html]
[sacred-texts.com/isl/bukhari/bh1/bh1_452.html]
[sacred-texts.com/isl/bukhari/bh1/bh1_453.html]
[sacred-texts.com/isl/bukhari/bh1/bh1_454.html]
[sacred-texts.com/isl/bukhari/bh1/bh1_455.html]
[sacred-texts.com/isl/bukhari/bh1/bh1_456.html]
[sacred-texts.com/isl/bukhari/bh1/bh1_457.html]
[sacred-texts.com/isl/bukhari/bh1/bh1_458.html]
[sacred-texts.com/isl/bukhari/bh1/bh1_459.html]
[sacred-texts.com/isl/bukhari/bh1/bh1_460.html]
[sacred-texts.com/isl/bukhari/bh1/bh1_461.html]
[sacred-texts.com/isl/bukhari/bh1/bh1_462.html]
[sacred-texts.com/isl/bukhari/bh1/bh1_463.html]
[sacred-texts.com/isl/bukhari/bh1/bh1_464.html]
[sacred-texts.com/isl/bukhari/bh1/bh1_465.html]
[sacred-texts.com/isl/bukhari/bh1/bh1_466.html]
[sacred-texts.com/isl/bukhari/bh1/bh1_467.html]
[sacred-texts.com/isl/bukhari/bh1/bh1_468.html]
[sacred-texts.com/isl/bukhari/bh1/bh1_469.html]
[sacred-texts.com/isl/bukhari/bh1/bh1_470.html]
[sacred-texts.com/isl/bukhari/bh1/bh1_471.html]
[sacred-texts.com/isl/bukhari/bh1/bh1_472.html]
[sacred-texts.com/isl/bukhari/bh1/bh1_473.html]
[sacred-texts.com/isl/bukhari/bh1/bh1_474.html]
[sacred-texts.com/isl/bukhari/bh1/bh1_475.html]
[sacred-texts.com/isl/bukhari/bh1/bh1_476.html]
[sacred-texts.com/isl/bukhari/bh1/bh1_477.html]
[sacred-texts.com/isl/bukhari/bh1/bh1_478.html]
[sacred-texts.com/isl/bukhari/bh1/bh1_479.html]
[sacred-texts.com/isl/bukhari/bh1/bh1_480.html]
[sacred-texts.com/isl/bukhari/bh1/bh1_481.html]
[sacred-texts.com/isl/bukhari/bh1/bh1_482.html]
[sacred-texts.com/isl/bukhari/bh1/bh1_483.html]
[sacred-texts.com/isl/bukhari/bh1/bh1_484.html]
[sacred-texts.com/isl/bukhari/bh1/bh1_485.html]
[sacred-texts.com/isl/bukhari/bh1/bh1_486.html]
[sacred-texts.com/isl/bukhari/bh1/bh1_487.html]
[sacred-texts.com/isl/bukhari/bh1/bh1_488.html]
[sacred-texts.com/isl/bukhari/bh1/bh1_489.html]
[sacred-texts.com/isl/bukhari/bh1/bh1_490.html]
[sacred-texts.com/isl/bukhari/bh1/bh1_491.html]
[sacred-texts.com/isl/bukhari/bh1/bh1_492.html]
[sacred-texts.com/isl/bukhari/bh1/bh1_493.html]
[sacred-texts.com/isl/bukhari/bh1/bh1_494.html]
[sacred-texts.com/isl/bukhari/bh1/bh1_495.html]
[sacred-texts.com/isl/bukhari/bh1/bh1_496.html]
[sacred-texts.com/isl/bukhari/bh1/bh1_497.html]
[sacred-texts.com/isl/bukhari/bh1/bh1_498.html]
[sacred-texts.com/isl/bukhari/bh1/bh1_499.html]
[sacred-texts.com/isl/bukhari/bh1/bh1_500.html]
[sacred-texts.com/isl/bukhari/bh1/bh1_501.html]
[sacred-texts.com/isl/bukhari/bh1/bh1_502.html]
[sacred-texts.com/isl/bukhari/bh1/bh1_503.html]
[sacred-texts.com/isl/bukhari/bh1/bh1_504.html]
[sacred-texts.com/isl/bukhari/bh1/bh1_505.html]
[sacred-texts.com/isl/bukhari/bh1/bh1_506.html]
[sacred-texts.com/isl/bukhari/bh1/bh1_507.html]
[sacred-texts.com/isl/bukhari/bh1/bh1_508.html]
[sacred-texts.com/isl/bukhari/bh1/bh1_509.html]
[sacred-texts.com/isl/bukhari/bh1/bh1_510.html]
[sacred-texts.com/isl/bukhari/bh1/bh1_511.html]
[sacred-texts.com/isl/bukhari/bh1/bh1_512.html]
[sacred-texts.com/isl/bukhari/bh1/bh1_513.html]
[sacred-texts.com/isl/bukhari/bh1/bh1_514.html]
[sacred-texts.com/isl/bukhari/bh1/bh1_515.html]
[sacred-texts.com/isl/bukhari/bh1/bh1_516.html]
[sacred-texts.com/isl/bukhari/bh1/bh1_517.html]
[sacred-texts.com/isl/bukhari/bh1/bh1_518.html]
[sacred-texts.com/isl/bukhari/bh1/bh1_519.html]
[sacred-texts.com/isl/bukhari/bh1/bh1_520.html]
[sacred-texts.com/isl/bukhari/bh1/bh1_521.html]
[sacred-texts.com/isl/bukhari/bh1/bh1_522.html]
[sacred-texts.com/isl/bukhari/bh1/bh1_523.html]
[sacred-texts.com/isl/bukhari/bh1/bh1_524.html]
[sacred-texts.com/isl/bukhari/bh1/bh1_525.html]
[sacred-texts.com/isl/bukhari/bh1/bh1_526.html]
[sacred-texts.com/isl/bukhari/bh1/bh1_527.html]
[sacred-texts.com/isl/bukhari/bh1/bh1_528.html]
[sacred-texts.com/isl/bukhari/bh1/bh1_529.html]
[sacred-texts.com/isl/bukhari/bh1/bh1_530.html]
[sacred-texts.com/isl/bukhari/bh1/bh1_531.html]
[sacred-texts.com/isl/bukhari/bh1/bh1_532.html]
[sacred-texts.com/isl/bukhari/bh1/bh1_533.html]
[sacred-texts.com/isl/bukhari/bh1/bh1_534.html]
[sacred-texts.com/isl/bukhari/bh1/bh1_535.html]
[sacred-texts.com/isl/bukhari/bh1/bh1_536.html]
[sacred-texts.com/isl/bukhari/bh1/bh1_537.html]
[sacred-texts.com/isl/bukhari/bh1/bh1_538.html]
[sacred-texts.com/isl/bukhari/bh1/bh1_539.html]
[sacred-texts.com/isl/bukhari/bh1/bh1_540.html]
[sacred-texts.com/isl/bukhari/bh1/bh1_541.html]
[sacred-texts.com/isl/bukhari/bh1/bh1_542.html]
[sacred-texts.com/isl/bukhari/bh1/bh1_543.html]
[sacred-texts.com/isl/bukhari/bh1/bh1_544.html]
[sacred-texts.com/isl/bukhari/bh1/bh1_545.html]
[sacred-texts.com/isl/bukhari/bh1/bh1_546.html]
[sacred-texts.com/isl/bukhari/bh1/bh1_547.html]
[sacred-texts.com/isl/bukhari/bh1/bh1_548.html]
[sacred-texts.com/isl/bukhari/bh1/bh1_549.html]
[sacred-texts.com/isl/bukhari/bh1/bh1_550.html]
[sacred-texts.com/isl/bukhari/bh1/bh1_551.html]
[sacred-texts.com/isl/bukhari/bh1/bh1_552.html]
[sacred-texts.com/isl/bukhari/bh1/bh1_553.html]
[sacred-texts.com/isl/bukhari/bh1/bh1_554.html]
[sacred-texts.com/isl/bukhari/bh1/bh1_555.html]
[sacred-texts.com/isl/bukhari/bh1/bh1_556.html]
[sacred-texts.com/isl/bukhari/bh1/bh1_557.html]
[sacred-texts.com/isl/bukhari/bh1/bh1_558.html]
[sacred-texts.com/isl/bukhari/bh1/bh1_559.html]
[sacred-texts.com/isl/bukhari/bh1/bh1_560.html]
[sacred-texts.com/isl/bukhari/bh1/bh1_561.html]
[sacred-texts.com/isl/bukhari/bh1/bh1_562.html]
[sacred-texts.com/isl/bukhari/bh1/bh1_563.html]
[sacred-texts.com/isl/bukhari/bh1/bh1_564.html]
[sacred-texts.com/isl/bukhari/bh1/bh1_565.html]
[sacred-texts.com/isl/bukhari/bh1/bh1_566.html]
[sacred-texts.com/isl/bukhari/bh1/bh1_567.html]
[sacred-texts.com/isl/bukhari/bh1/bh1_568.html]
[sacred-texts.com/isl/bukhari/bh1/bh1_569.html]
[sacred-texts.com/isl/bukhari/bh1/bh1_570.html]
[sacred-texts.com/isl/bukhari/bh1/bh1_571.html]
[sacred-texts.com/isl/bukhari/bh1/bh1_572.html]
[sacred-texts.com/isl/bukhari/bh1/bh1_573.html]
[sacred-texts.com/isl/bukhari/bh1/bh1_574.html]
[sacred-texts.com/isl/bukhari/bh1/bh1_575.html]
[sacred-texts.com/isl/bukhari/bh1/bh1_576.html]
[sacred-texts.com/isl/bukhari/bh1/bh1_577.html]
[sacred-texts.com/isl/bukhari/bh1/bh1_578.html]
[sacred-texts.com/isl/bukhari/bh1/bh1_579.html]
[sacred-texts.com/isl/bukhari/bh1/bh1_580.html]
[sacred-texts.com/isl/bukhari/bh1/bh1_581.html]
[sacred-texts.com/isl/bukhari/bh1/bh1_582.html]
[sacred-texts.com/isl/bukhari/bh1/bh1_583.html]
[sacred-texts.com/isl/bukhari/bh1/bh1_584.html]
[sacred-texts.com/isl/bukhari/bh1/bh1_585.html]
[sacred-texts.com/isl/bukhari/bh1/bh1_586.html]
[sacred-texts.com/isl/bukhari/bh1/bh1_587.html]
[sacred-texts.com/isl/bukhari/bh1/bh1_588.html]
[sacred-texts.com/isl/bukhari/bh1/bh1_589.html]
[sacred-texts.com/isl/bukhari/bh1/bh1_590.html]
[sacred-texts.com/isl/bukhari/bh1/bh1_591.html]
[sacred-texts.com/isl/bukhari/bh1/bh1_592.html]
[sacred-texts.com/isl/bukhari/bh1/bh1_593.html]
[sacred-texts.com/isl/bukhari/bh1/bh1_594.html]
[sacred-texts.com/isl/bukhari/bh1/bh1_595.html]
[sacred-texts.com/isl/bukhari/bh1/bh1_596.html]
[sacred-texts.com/isl/bukhari/bh1/bh1_597.html]
[sacred-texts.com/isl/bukhari/bh1/bh1_598.html]
[sacred-texts.com/isl/bukhari/bh1/bh1_599.html]
[sacred-texts.com/isl/bukhari/bh1/bh1_600.html]
[sacred-texts.com/isl/bukhari/bh1/bh1_601.html]
[sacred-texts.com/isl/bukhari/bh1/bh1_602.html]
[sacred-texts.com/isl/bukhari/bh1/bh1_603.html]
[sacred-texts.com/isl/bukhari/bh1/bh1_604.html]
[sacred-texts.com/isl/bukhari/bh1/bh1_605.html]
[sacred-texts.com/isl/bukhari/bh1/bh1_606.html]
[sacred-texts.com/isl/bukhari/bh1/bh1_607.html]
[sacred-texts.com/isl/bukhari/bh1/bh1_608.html]
[sacred-texts.com/isl/bukhari/bh1/bh1_609.html]
[sacred-texts.com/isl/bukhari/bh1/bh1_610.html]
[sacred-texts.com/isl/bukhari/bh1/bh1_611.html]
[sacred-texts.com/isl/bukhari/bh1/bh1_612.html]
[sacred-texts.com/isl/bukhari/bh1/bh1_613.html]
[sacred-texts.com/isl/bukhari/bh1/bh1_614.html]
[sacred-texts.com/isl/bukhari/bh1/bh1_615.html]
[sacred-texts.com/isl/bukhari/bh1/bh1_616.html]
[sacred-texts.com/isl/bukhari/bh1/bh1_617.html]
[sacred-texts.com/isl/bukhari/bh1/bh1_618.html]
[sacred-texts.com/isl/bukhari/bh1/bh1_619.html]
[sacred-texts.com/isl/bukhari/bh1/bh1_620.html]
[sacred-texts.com/isl/bukhari/bh1/bh1_621.html]
[sacred-texts.com/isl/bukhari/bh1/bh1_622.html]
[sacred-texts.com/isl/bukhari/bh1/bh1_623.html]
[sacred-texts.com/isl/bukhari/bh1/bh1_624.html]
[sacred-texts.com/isl/bukhari/bh1/bh1_625.html]
[sacred-texts.com/isl/bukhari/bh1/bh1_626.html]
[sacred-texts.com/isl/bukhari/bh1/bh1_627.html]
[sacred-texts.com/isl/bukhari/bh1/bh1_628.html]
[sacred-texts.com/isl/bukhari/bh1/bh1_629.html]
[sacred-texts.com/isl/bukhari/bh1/bh1_630.html]
[sacred-texts.com/isl/bukhari/bh1/bh1_631.html]
[sacred-texts.com/isl/bukhari/bh1/bh1_632.html]
[sacred-texts.com/isl/bukhari/bh1/bh1_633.html]
[sacred-texts.com/isl/bukhari/bh1/bh1_634.html]
[sacred-texts.com/isl/bukhari/bh1/bh1_635.html]
[sacred-texts.com/isl/bukhari/bh1/bh1_636.html]
[sacred-texts.com/isl/bukhari/bh1/bh1_637.html]
[sacred-texts.com/isl/bukhari/bh1/bh1_638.html]
[sacred-texts.com/isl/bukhari/bh1/bh1_639.html]
[sacred-texts.com/isl/bukhari/bh1/bh1_640.html]
[sacred-texts.com/isl/bukhari/bh1/bh1_641.html]
[sacred-texts.com/isl/bukhari/bh1/bh1_642.html]
[sacred-texts.com/isl/bukhari/bh1/bh1_643.html]
[sacred-texts.com/isl/bukhari/bh1/bh1_644.html]
[sacred-texts.com/isl/bukhari/bh1/bh1_645.html]
[sacred-texts.com/isl/bukhari/bh1/bh1_646.html]
[sacred-texts.com/isl/bukhari/bh1/bh1_647.html]
[sacred-texts.com/isl/bukhari/bh1/bh1_648.html]
[sacred-texts.com/isl/bukhari/bh1/bh1_649.html]
[sacred-texts.com/isl/bukhari/bh1/bh1_650.html]
[sacred-texts.com/isl/bukhari/bh1/bh1_651.html]
[sacred-texts.com/isl/bukhari/bh1/bh1_652.html]
[sacred-texts.com/isl/bukhari/bh1/bh1_653.html]
[sacred-texts.com/isl/bukhari/bh1/bh1_654.html]
[sacred-texts.com/isl/bukhari/bh1/bh1_655.html]
[sacred-texts.com/isl/bukhari/bh1/bh1_656.html]
[sacred-texts.com/isl/bukhari/bh1/bh1_657.html]
[sacred-texts.com/isl/bukhari/bh1/bh1_658.html]
[sacred-texts.com/isl/bukhari/bh1/bh1_659.html]
[sacred-texts.com/isl/bukhari/bh1/bh1_660.html]
[sacred-texts.com/isl/bukhari/bh1/bh1_661.html]
[sacred-texts.com/isl/bukhari/bh1/bh1_662.html]
[sacred-texts.com/isl/bukhari/bh1/bh1_663.html]
[sacred-texts.com/isl/bukhari/bh1/bh1_664.html]
[sacred-texts.com/isl/bukhari/bh1/bh1_665.html]
[sacred-texts.com/isl/bukhari/bh1/bh1_666.html]
[sacred-texts.com/isl/bukhari/bh1/bh1_667.html]
[sacred-texts.com/isl/bukhari/bh1/bh1_668.html]
[sacred-texts.com/isl/bukhari/bh1/bh1_669.html]
[sacred-texts.com/isl/bukhari/bh1/bh1_670.html]
[sacred-texts.com/isl/bukhari/bh1/bh1_671.html]
[sacred-texts.com/isl/bukhari/bh1/bh1_672.html]
[sacred-texts.com/isl/bukhari/bh1/bh1_673.html]
[sacred-texts.com/isl/bukhari/bh1/bh1_674.html]
[sacred-texts.com/isl/bukhari/bh1/bh1_675.html]
[sacred-texts.com/isl/bukhari/bh1/bh1_676.html]
[sacred-texts.com/isl/bukhari/bh1/bh1_677.html]
[sacred-texts.com/isl/bukhari/bh1/bh1_678.html]
[sacred-texts.com/isl/bukhari/bh1/bh1_679.html]
[sacred-texts.com/isl/bukhari/bh1/bh1_680.html]
[sacred-texts.com/isl/bukhari/bh1/bh1_681.html]
[sacred-texts.com/isl/bukhari/bh1/bh1_682.html]
[sacred-texts.com/isl/bukhari/bh1/bh1_683.html]
[sacred-texts.com/isl/bukhari/bh1/bh1_684.html]
[sacred-texts.com/isl/bukhari/bh1/bh1_685.html]
[sacred-texts.com/isl/bukhari/bh1/bh1_686.html]
[sacred-texts.com/isl/bukhari/bh1/bh1_687.html]
[sacred-texts.com/isl/bukhari/bh1/bh1_688.html]
[sacred-texts.com/isl/bukhari/bh1/bh1_689.html]
[sacred-texts.com/isl/bukhari/bh1/bh1_690.html]
[sacred-texts.com/isl/bukhari/bh1/bh1_691.html]
[sacred-texts.com/isl/bukhari/bh1/bh1_692.html]
[sacred-texts.com/isl/bukhari/bh1/bh1_693.html]
[sacred-texts.com/isl/bukhari/bh1/bh1_694.html]
[sacred-texts.com/isl/bukhari/bh1/bh1_695.html]
[sacred-texts.com/isl/bukhari/bh1/bh1_696.html]
[sacred-texts.com/isl/bukhari/bh1/bh1_697.html]
[sacred-texts.com/isl/bukhari/bh1/bh1_698.html]
[sacred-texts.com/isl/bukhari/bh1/bh1_699.html]
[sacred-texts.com/isl/bukhari/bh1/bh1_700.html]
[sacred-texts.com/isl/bukhari/bh1/bh1_701.html]
[sacred-texts.com/isl/bukhari/bh1/bh1_702.html]
[sacred-texts.com/isl/bukhari/bh1/bh1_703.html]
[sacred-texts.com/isl/bukhari/bh1/bh1_704.html]
[sacred-texts.com/isl/bukhari/bh1/bh1_705.html]
[sacred-texts.com/isl/bukhari/bh1/bh1_706.html]
[sacred-texts.com/isl/bukhari/bh1/bh1_707.html]
[sacred-texts.com/isl/bukhari/bh1/bh1_708.html]
[sacred-texts.com/isl/bukhari/bh1/bh1_709.html]
[sacred-texts.com/isl/bukhari/bh1/bh1_710.html]
[sacred-texts.com/isl/bukhari/bh1/bh1_711.html]
[sacred-texts.com/isl/bukhari/bh1/bh1_712.html]
[sacred-texts.com/isl/bukhari/bh1/bh1_713.html]
[sacred-texts.com/isl/bukhari/bh1/bh1_714.html]
[sacred-texts.com/isl/bukhari/bh1/bh1_715.html]
[sacred-texts.com/isl/bukhari/bh1/bh1_716.html]
[sacred-texts.com/isl/bukhari/bh1/bh1_717.html]
[sacred-texts.com/isl/bukhari/bh1/bh1_718.html]
[sacred-texts.com/isl/bukhari/bh1/bh1_719.html]
[sacred-texts.com/isl/bukhari/bh1/bh1_720.html]
[sacred-texts.com/isl/bukhari/bh1/bh1_721.html]
[sacred-texts.com/isl/bukhari/bh1/bh1_722.html]
[sacred-texts.com/isl/bukhari/bh1/bh1_723.html]
[sacred-texts.com/isl/bukhari/bh1/bh1_724.html]
[sacred-texts.com/isl/bukhari/bh1/bh1_725.html]
[sacred-texts.com/isl/bukhari/bh1/bh1_726.html]
[sacred-texts.com/isl/bukhari/bh1/bh1_727.html]
[sacred-texts.com/isl/bukhari/bh1/bh1_728.html]
[sacred-texts.com/isl/bukhari/bh1/bh1_729.html]
[sacred-texts.com/isl/bukhari/bh1/bh1_730.html]
[sacred-texts.com/isl/bukhari/bh1/bh1_731.html]
[sacred-texts.com/isl/bukhari/bh1/bh1_732.html]
[sacred-texts.com/isl/bukhari/bh1/bh1_733.html]
[sacred-texts.com/isl/bukhari/bh1/bh1_734.html]
[sacred-texts.com/isl/bukhari/bh1/bh1_735.html]
[sacred-texts.com/isl/bukhari/bh1/bh1_736.html]
[sacred-texts.com/isl/bukhari/bh1/bh1_737.html]
[sacred-texts.com/isl/bukhari/bh1/bh1_738.html]
[sacred-texts.com/isl/bukhari/bh1/bh1_739.html]
[sacred-texts.com/isl/bukhari/bh1/bh1_740.html]
[sacred-texts.com/isl/bukhari/bh1/bh1_741.html]
[sacred-texts.com/isl/bukhari/bh1/bh1_742.html]
[sacred-texts.com/isl/bukhari/bh1/bh1_743.html]
[sacred-texts.com/isl/bukhari/bh1/bh1_744.html]
[sacred-texts.com/isl/bukhari/bh1/bh1_745.html]
[sacred-texts.com/isl/bukhari/bh1/bh1_746.html]
[sacred-texts.com/isl/bukhari/bh1/bh1_747.html]
[sacred-texts.com/isl/bukhari/bh1/bh1_748.html]
[sacred-texts.com/isl/bukhari/bh1/bh1_749.html]
[sacred-texts.com/isl/bukhari/bh1/bh1_750.html]
[sacred-texts.com/isl/bukhari/bh1/bh1_751.html]
[sacred-texts.com/isl/bukhari/bh1/bh1_752.html]
[sacred-texts.com/isl/bukhari/bh1/bh1_753.html]
[sacred-texts.com/isl/bukhari/bh1/bh1_754.html]
[sacred-texts.com/isl/bukhari/bh1/bh1_755.html]
[sacred-texts.com/isl/bukhari/bh1/bh1_756.html]
[sacred-texts.com/isl/bukhari/bh1/bh1_757.html]
[sacred-texts.com/isl/bukhari/bh1/bh1_758.html]
[sacred-texts.com/isl/bukhari/bh1/bh1_759.html]
[sacred-texts.com/isl/bukhari/bh1/bh1_760.html]
[sacred-texts.com/isl/bukhari/bh1/bh1_761.html]
[sacred-texts.com/isl/bukhari/bh1/bh1_762.html]
[sacred-texts.com/isl/bukhari/bh1/bh1_763.html]
[sacred-texts.com/isl/bukhari/bh1/bh1_764.html]
[sacred-texts.com/isl/bukhari/bh1/bh1_765.html]
[sacred-texts.com/isl/bukhari/bh1/bh1_766.html]
[sacred-texts.com/isl/bukhari/bh1/bh1_767.html]
[sacred-texts.com/isl/bukhari/bh1/bh1_768.html]
[sacred-texts.com/isl/bukhari/bh1/bh1_769.html]
[sacred-texts.com/isl/bukhari/bh1/bh1_770.html]
[sacred-texts.com/isl/bukhari/bh1/bh1_771.html]
[sacred-texts.com/isl/bukhari/bh1/bh1_772.html]
[sacred-texts.com/isl/bukhari/bh1/bh1_773.html]
[sacred-texts.com/isl/bukhari/bh1/bh1_774.html]
[sacred-texts.com/isl/bukhari/bh1/bh1_775.html]
[sacred-texts.com/isl/bukhari/bh1/bh1_776.html]
[sacred-texts.com/isl/bukhari/bh1/bh1_777.html]
[sacred-texts.com/isl/bukhari/bh1/bh1_778.html]
[sacred-texts.com/isl/bukhari/bh1/bh1_779.html]
[sacred-texts.com/isl/bukhari/bh1/bh1_780.html]
[sacred-texts.com/isl/bukhari/bh1/bh1_781.html]
[sacred-texts.com/isl/bukhari/bh1/bh1_782.html]
[sacred-texts.com/isl/bukhari/bh1/bh1_783.html]
[sacred-texts.com/isl/bukhari/bh1/bh1_784.html]
[sacred-texts.com/isl/bukhari/bh1/bh1_785.html]
[sacred-texts.com/isl/bukhari/bh1/bh1_786.html]
[sacred-texts.com/isl/bukhari/bh1/bh1_787.html]
[sacred-texts.com/isl/bukhari/bh1/bh1_788.html]
[sacred-texts.com/isl/bukhari/bh1/bh1_789.html]
[sacred-texts.com/isl/bukhari/bh1/bh1_790.html]
[sacred-texts.com/isl/bukhari/bh1/bh1_791.html]
[sacred-texts.com/isl/bukhari/bh1/bh1_792.html]
[sacred-texts.com/isl/bukhari/bh1/bh1_793.html]
[sacred-texts.com/isl/bukhari/bh1/bh1_794.html]
[sacred-texts.com/isl/bukhari/bh1/bh1_795.html]
[sacred-texts.com/isl/bukhari/bh1/bh1_796.html]
[sacred-texts.com/isl/bukhari/bh1/bh1_797.html]
[sacred-texts.com/isl/bukhari/bh1/bh1_798.html]
[sacred-texts.com/isl/bukhari/bh1/bh1_799.html]
[sacred-texts.com/isl/bukhari/bh1/bh1_800.html]
[sacred-texts.com/isl/bukhari/bh1/bh1_801.html]
[sacred-texts.com/isl/bukhari/bh1/bh1_802.html]
[sacred-texts.com/isl/bukhari/bh1/bh1_803.html]
[sacred-texts.com/isl/bukhari/bh1/bh1_804.html]
[sacred-texts.com/isl/bukhari/bh1/bh1_805.html]
[sacred-texts.com/isl/bukhari/bh1/bh1_806.html]
[sacred-texts.com/isl/bukhari/bh1/bh1_807.html]
[sacred-texts.com/isl/bukhari/bh1/bh1_808.html]
[sacred-texts.com/isl/bukhari/bh1/bh1_809.html]
[sacred-texts.com/isl/bukhari/bh1/bh1_810.html]
[sacred-texts.com/isl/bukhari/bh1/bh1_811.html]
[sacred-texts.com/isl/bukhari/bh1/bh1_812.html]
[sacred-texts.com/isl/bukhari/bh1/bh1_813.html]
[sacred-texts.com/isl/bukhari/bh1/bh1_814.html]
[sacred-texts.com/isl/bukhari/bh1/bh1_815.html]
[sacred-texts.com/isl/bukhari/bh1/bh1_816.html]
[sacred-texts.com/isl/bukhari/bh1/bh1_817.html]
[sacred-texts.com/isl/bukhari/bh1/bh1_818.html]
[sacred-texts.com/isl/bukhari/bh1/bh1_819.html]
[sacred-texts.com/isl/bukhari/bh1/bh1_820.html]
[sacred-texts.com/isl/bukhari/bh1/bh1_821.html]
[sacred-texts.com/isl/bukhari/bh1/bh1_822.html]
[sacred-texts.com/isl/bukhari/bh1/bh1_823.html]
[sacred-texts.com/isl/bukhari/bh1/bh1_824.html]
[sacred-texts.com/isl/bukhari/bh1/bh1_825.html]
[sacred-texts.com/isl/bukhari/bh1/bh1_826.html]
[sacred-texts.com/isl/bukhari/bh1/bh1_827.html]
[sacred-texts.com/isl/bukhari/bh1/bh1_828.html]
[sacred-texts.com/isl/bukhari/bh1/bh1_829.html]
[sacred-texts.com/isl/bukhari/bh1/bh1_830.html]
[sacred-texts.com/isl/bukhari/bh1/bh1_831.html]
[sacred-texts.com/isl/bukhari/bh1/bh1_832.html]
[sacred-texts.com/isl/bukhari/bh1/bh1_833.html]
[sacred-texts.com/isl/bukhari/bh1/bh1_834.html]
[sacred-texts.com/isl/bukhari/bh1/index.html]
[sacred-texts.com/isl/bukhari/bh2/bh2_00.html]
[sacred-texts.com/isl/bukhari/bh2/bh2_01.html]
[sacred-texts.com/isl/bukhari/bh2/bh2_02.html]
[sacred-texts.com/isl/bukhari/bh2/bh2_03.html]
[sacred-texts.com/isl/bukhari/bh2/bh2_04.html]
[sacred-texts.com/isl/bukhari/bh2/bh2_05.html]
[sacred-texts.com/isl/bukhari/bh2/bh2_06.html]
[sacred-texts.com/isl/bukhari/bh2/bh2_07.html]
[sacred-texts.com/isl/bukhari/bh2/bh2_08.html]
[sacred-texts.com/isl/bukhari/bh2/bh2_09.html]
[sacred-texts.com/isl/bukhari/bh2/bh2_10.html]
[sacred-texts.com/isl/bukhari/bh2/bh2_11.html]
[sacred-texts.com/isl/bukhari/bh2/bh2_12.html]
[sacred-texts.com/isl/bukhari/bh2/bh2_13.html]
[sacred-texts.com/isl/bukhari/bh2/bh2_14.html]
[sacred-texts.com/isl/bukhari/bh2/bh2_15.html]
[sacred-texts.com/isl/bukhari/bh2/bh2_16.html]
[sacred-texts.com/isl/bukhari/bh2/bh2_17.html]
[sacred-texts.com/isl/bukhari/bh2/bh2_18.html]
[sacred-texts.com/isl/bukhari/bh2/bh2_19.html]
[sacred-texts.com/isl/bukhari/bh2/bh2_20.html]
[sacred-texts.com/isl/bukhari/bh2/bh2_21.html]
[sacred-texts.com/isl/bukhari/bh2/bh2_22.html]
[sacred-texts.com/isl/bukhari/bh2/bh2_23.html]
[sacred-texts.com/isl/bukhari/bh2/bh2_24.html]
[sacred-texts.com/isl/bukhari/bh2/bh2_25.html]
[sacred-texts.com/isl/bukhari/bh2/bh2_26.html]
[sacred-texts.com/isl/bukhari/bh2/bh2_27.html]
[sacred-texts.com/isl/bukhari/bh2/bh2_28.html]
[sacred-texts.com/isl/bukhari/bh2/bh2_29.html]
[sacred-texts.com/isl/bukhari/bh2/bh2_30.html]
[sacred-texts.com/isl/bukhari/bh2/bh2_31.html]
[sacred-texts.com/isl/bukhari/bh2/bh2_32.html]
[sacred-texts.com/isl/bukhari/bh2/bh2_33.html]
[sacred-texts.com/isl/bukhari/bh2/bh2_34.html]
[sacred-texts.com/isl/bukhari/bh2/bh2_35.html]
[sacred-texts.com/isl/bukhari/bh2/bh2_36.html]
[sacred-texts.com/isl/bukhari/bh2/bh2_37.html]
[sacred-texts.com/isl/bukhari/bh2/bh2_38.html]
[sacred-texts.com/isl/bukhari/bh2/bh2_39.html]
[sacred-texts.com/isl/bukhari/bh2/bh2_40.html]
[sacred-texts.com/isl/bukhari/bh2/bh2_41.html]
[sacred-texts.com/isl/bukhari/bh2/bh2_42.html]
[sacred-texts.com/isl/bukhari/bh2/bh2_43.html]
[sacred-texts.com/isl/bukhari/bh2/bh2_44.html]
[sacred-texts.com/isl/bukhari/bh2/bh2_45.html]
[sacred-texts.com/isl/bukhari/bh2/bh2_46.html]
[sacred-texts.com/isl/bukhari/bh2/bh2_47.html]
[sacred-texts.com/isl/bukhari/bh2/bh2_48.html]
[sacred-texts.com/isl/bukhari/bh2/bh2_49.html]
[sacred-texts.com/isl/bukhari/bh2/bh2_50.html]
[sacred-texts.com/isl/bukhari/bh2/bh2_51.html]
[sacred-texts.com/isl/bukhari/bh2/bh2_52.html]
[sacred-texts.com/isl/bukhari/bh2/bh2_53.html]
[sacred-texts.com/isl/bukhari/bh2/bh2_54.html]
[sacred-texts.com/isl/bukhari/bh2/bh2_55.html]
[sacred-texts.com/isl/bukhari/bh2/bh2_56.html]
[sacred-texts.com/isl/bukhari/bh2/bh2_57.html]
[sacred-texts.com/isl/bukhari/bh2/bh2_58.html]
[sacred-texts.com/isl/bukhari/bh2/bh2_59.html]
[sacred-texts.com/isl/bukhari/bh2/bh2_60.html]
[sacred-texts.com/isl/bukhari/bh2/bh2_61.html]
[sacred-texts.com/isl/bukhari/bh2/bh2_62.html]
[sacred-texts.com/isl/bukhari/bh2/bh2_63.html]
[sacred-texts.com/isl/bukhari/bh2/bh2_64.html]
[sacred-texts.com/isl/bukhari/bh2/bh2_65.html]
[sacred-texts.com/isl/bukhari/bh2/bh2_66.html]
[sacred-texts.com/isl/bukhari/bh2/bh2_67.html]
[sacred-texts.com/isl/bukhari/bh2/bh2_68.html]
[sacred-texts.com/isl/bukhari/bh2/bh2_69.html]
[sacred-texts.com/isl/bukhari/bh2/bh2_70.html]
[sacred-texts.com/isl/bukhari/bh2/bh2_71.html]
[sacred-texts.com/isl/bukhari/bh2/bh2_72.html]
[sacred-texts.com/isl/bukhari/bh2/bh2_73.html]
[sacred-texts.com/isl/bukhari/bh2/bh2_74.html]
[sacred-texts.com/isl/bukhari/bh2/bh2_75.html]
[sacred-texts.com/isl/bukhari/bh2/bh2_76.html]
[sacred-texts.com/isl/bukhari/bh2/bh2_77.html]
[sacred-texts.com/isl/bukhari/bh2/bh2_78.html]
[sacred-texts.com/isl/bukhari/bh2/bh2_79.html]
[sacred-texts.com/isl/bukhari/bh2/bh2_80.html]
[sacred-texts.com/isl/bukhari/bh2/bh2_81.html]
[sacred-texts.com/isl/bukhari/bh2/bh2_82.html]
[sacred-texts.com/isl/bukhari/bh2/bh2_83.html]
[sacred-texts.com/isl/bukhari/bh2/bh2_84.html]
[sacred-texts.com/isl/bukhari/bh2/bh2_85.html]
[sacred-texts.com/isl/bukhari/bh2/bh2_86.html]
[sacred-texts.com/isl/bukhari/bh2/bh2_87.html]
[sacred-texts.com/isl/bukhari/bh2/bh2_88.html]
[sacred-texts.com/isl/bukhari/bh2/bh2_89.html]
[sacred-texts.com/isl/bukhari/bh2/bh2_90.html]
[sacred-texts.com/isl/bukhari/bh2/bh2_91.html]
[sacred-texts.com/isl/bukhari/bh2/bh2_92.html]
[sacred-texts.com/isl/bukhari/bh2/bh2_93.html]
[sacred-texts.com/isl/bukhari/bh2/bh2_94.html]
[sacred-texts.com/isl/bukhari/bh2/bh2_95.html]
[sacred-texts.com/isl/bukhari/bh2/bh2_96.html]
[sacred-texts.com/isl/bukhari/bh2/bh2_97.html]
[sacred-texts.com/isl/bukhari/bh2/bh2_98.html]
[sacred-texts.com/isl/bukhari/bh2/bh2_99.html]
[sacred-texts.com/isl/bukhari/bh2/bh2_100.html]
[sacred-texts.com/isl/bukhari/bh2/bh2_101.html]
[sacred-texts.com/isl/bukhari/bh2/bh2_102.html]
[sacred-texts.com/isl/bukhari/bh2/bh2_103.html]
[sacred-texts.com/isl/bukhari/bh2/bh2_104.html]
[sacred-texts.com/isl/bukhari/bh2/bh2_105.html]
[sacred-texts.com/isl/bukhari/bh2/bh2_106.html]
[sacred-texts.com/isl/bukhari/bh2/bh2_107.html]
[sacred-texts.com/isl/bukhari/bh2/bh2_108.html]
[sacred-texts.com/isl/bukhari/bh2/bh2_109.html]
[sacred-texts.com/isl/bukhari/bh2/bh2_110.html]
[sacred-texts.com/isl/bukhari/bh2/bh2_111.html]
[sacred-texts.com/isl/bukhari/bh2/bh2_112.html]
[sacred-texts.com/isl/bukhari/bh2/bh2_113.html]
[sacred-texts.com/isl/bukhari/bh2/bh2_114.html]
[sacred-texts.com/isl/bukhari/bh2/bh2_115.html]
[sacred-texts.com/isl/bukhari/bh2/bh2_116.html]
[sacred-texts.com/isl/bukhari/bh2/bh2_117.html]
[sacred-texts.com/isl/bukhari/bh2/bh2_118.html]
[sacred-texts.com/isl/bukhari/bh2/bh2_119.html]
[sacred-texts.com/isl/bukhari/bh2/bh2_120.html]
[sacred-texts.com/isl/bukhari/bh2/bh2_121.html]
[sacred-texts.com/isl/bukhari/bh2/bh2_122.html]
[sacred-texts.com/isl/bukhari/bh2/bh2_123.html]
[sacred-texts.com/isl/bukhari/bh2/bh2_124.html]
[sacred-texts.com/isl/bukhari/bh2/bh2_125.html]
[sacred-texts.com/isl/bukhari/bh2/bh2_126.html]
[sacred-texts.com/isl/bukhari/bh2/bh2_127.html]
[sacred-texts.com/isl/bukhari/bh2/bh2_128.html]
[sacred-texts.com/isl/bukhari/bh2/bh2_129.html]
[sacred-texts.com/isl/bukhari/bh2/bh2_130.html]
[sacred-texts.com/isl/bukhari/bh2/bh2_131.html]
[sacred-texts.com/isl/bukhari/bh2/bh2_132.html]
[sacred-texts.com/isl/bukhari/bh2/bh2_133.html]
[sacred-texts.com/isl/bukhari/bh2/bh2_134.html]
[sacred-texts.com/isl/bukhari/bh2/bh2_135.html]
[sacred-texts.com/isl/bukhari/bh2/bh2_136.html]
[sacred-texts.com/isl/bukhari/bh2/bh2_137.html]
[sacred-texts.com/isl/bukhari/bh2/bh2_138.html]
[sacred-texts.com/isl/bukhari/bh2/bh2_139.html]
[sacred-texts.com/isl/bukhari/bh2/bh2_140.html]
[sacred-texts.com/isl/bukhari/bh2/bh2_141.html]
[sacred-texts.com/isl/bukhari/bh2/bh2_142.html]
[sacred-texts.com/isl/bukhari/bh2/bh2_143.html]
[sacred-texts.com/isl/bukhari/bh2/bh2_144.html]
[sacred-texts.com/isl/bukhari/bh2/bh2_145.html]
[sacred-texts.com/isl/bukhari/bh2/bh2_146.html]
[sacred-texts.com/isl/bukhari/bh2/bh2_147.html]
[sacred-texts.com/isl/bukhari/bh2/bh2_148.html]
[sacred-texts.com/isl/bukhari/bh2/bh2_149.html]
[sacred-texts.com/isl/bukhari/bh2/bh2_150.html]
[sacred-texts.com/isl/bukhari/bh2/bh2_151.html]
[sacred-texts.com/isl/bukhari/bh2/bh2_152.html]
[sacred-texts.com/isl/bukhari/bh2/bh2_153.html]
[sacred-texts.com/isl/bukhari/bh2/bh2_154.html]
[sacred-texts.com/isl/bukhari/bh2/bh2_155.html]
[sacred-texts.com/isl/bukhari/bh2/bh2_156.html]
[sacred-texts.com/isl/bukhari/bh2/bh2_157.html]
[sacred-texts.com/isl/bukhari/bh2/bh2_158.html]
[sacred-texts.com/isl/bukhari/bh2/bh2_159.html]
[sacred-texts.com/isl/bukhari/bh2/bh2_160.html]
[sacred-texts.com/isl/bukhari/bh2/bh2_161.html]
[sacred-texts.com/isl/bukhari/bh2/bh2_162.html]
[sacred-texts.com/isl/bukhari/bh2/bh2_163.html]
[sacred-texts.com/isl/bukhari/bh2/bh2_164.html]
[sacred-texts.com/isl/bukhari/bh2/bh2_165.html]
[sacred-texts.com/isl/bukhari/bh2/bh2_166.html]
[sacred-texts.com/isl/bukhari/bh2/bh2_167.html]
[sacred-texts.com/isl/bukhari/bh2/bh2_168.html]
[sacred-texts.com/isl/bukhari/bh2/bh2_169.html]
[sacred-texts.com/isl/bukhari/bh2/bh2_170.html]
[sacred-texts.com/isl/bukhari/bh2/bh2_171.html]
[sacred-texts.com/isl/bukhari/bh2/bh2_172.html]
[sacred-texts.com/isl/bukhari/bh2/bh2_173.html]
[sacred-texts.com/isl/bukhari/bh2/bh2_174.html]
[sacred-texts.com/isl/bukhari/bh2/bh2_175.html]
[sacred-texts.com/isl/bukhari/bh2/bh2_176.html]
[sacred-texts.com/isl/bukhari/bh2/bh2_177.html]
[sacred-texts.com/isl/bukhari/bh2/bh2_178.html]
[sacred-texts.com/isl/bukhari/bh2/bh2_179.html]
[sacred-texts.com/isl/bukhari/bh2/bh2_180.html]
[sacred-texts.com/isl/bukhari/bh2/bh2_181.html]
[sacred-texts.com/isl/bukhari/bh2/bh2_182.html]
[sacred-texts.com/isl/bukhari/bh2/bh2_183.html]
[sacred-texts.com/isl/bukhari/bh2/bh2_184.html]
[sacred-texts.com/isl/bukhari/bh2/bh2_185.html]
[sacred-texts.com/isl/bukhari/bh2/bh2_186.html]
[sacred-texts.com/isl/bukhari/bh2/bh2_187.html]
[sacred-texts.com/isl/bukhari/bh2/bh2_188.html]
[sacred-texts.com/isl/bukhari/bh2/bh2_189.html]
[sacred-texts.com/isl/bukhari/bh2/bh2_190.html]
[sacred-texts.com/isl/bukhari/bh2/bh2_191.html]
[sacred-texts.com/isl/bukhari/bh2/bh2_192.html]
[sacred-texts.com/isl/bukhari/bh2/bh2_193.html]
[sacred-texts.com/isl/bukhari/bh2/bh2_194.html]
[sacred-texts.com/isl/bukhari/bh2/bh2_195.html]
[sacred-texts.com/isl/bukhari/bh2/bh2_196.html]
[sacred-texts.com/isl/bukhari/bh2/bh2_197.html]
[sacred-texts.com/isl/bukhari/bh2/bh2_198.html]
[sacred-texts.com/isl/bukhari/bh2/bh2_199.html]
[sacred-texts.com/isl/bukhari/bh2/bh2_200.html]
[sacred-texts.com/isl/bukhari/bh2/bh2_201.html]
[sacred-texts.com/isl/bukhari/bh2/bh2_202.html]
[sacred-texts.com/isl/bukhari/bh2/bh2_203.html]
[sacred-texts.com/isl/bukhari/bh2/bh2_204.html]
[sacred-texts.com/isl/bukhari/bh2/bh2_205.html]
[sacred-texts.com/isl/bukhari/bh2/bh2_206.html]
[sacred-texts.com/isl/bukhari/bh2/bh2_207.html]
[sacred-texts.com/isl/bukhari/bh2/bh2_208.html]
[sacred-texts.com/isl/bukhari/bh2/bh2_209.html]
[sacred-texts.com/isl/bukhari/bh2/bh2_210.html]
[sacred-texts.com/isl/bukhari/bh2/bh2_211.html]
[sacred-texts.com/isl/bukhari/bh2/bh2_212.html]
[sacred-texts.com/isl/bukhari/bh2/bh2_213.html]
[sacred-texts.com/isl/bukhari/bh2/bh2_214.html]
[sacred-texts.com/isl/bukhari/bh2/bh2_215.html]
[sacred-texts.com/isl/bukhari/bh2/bh2_216.html]
[sacred-texts.com/isl/bukhari/bh2/bh2_217.html]
[sacred-texts.com/isl/bukhari/bh2/bh2_218.html]
[sacred-texts.com/isl/bukhari/bh2/bh2_219.html]
[sacred-texts.com/isl/bukhari/bh2/bh2_220.html]
[sacred-texts.com/isl/bukhari/bh2/bh2_221.html]
[sacred-texts.com/isl/bukhari/bh2/bh2_222.html]
[sacred-texts.com/isl/bukhari/bh2/bh2_223.html]
[sacred-texts.com/isl/bukhari/bh2/bh2_224.html]
[sacred-texts.com/isl/bukhari/bh2/bh2_225.html]
[sacred-texts.com/isl/bukhari/bh2/bh2_226.html]
[sacred-texts.com/isl/bukhari/bh2/bh2_227.html]
[sacred-texts.com/isl/bukhari/bh2/bh2_228.html]
[sacred-texts.com/isl/bukhari/bh2/bh2_229.html]
[sacred-texts.com/isl/bukhari/bh2/bh2_230.html]
[sacred-texts.com/isl/bukhari/bh2/bh2_231.html]
[sacred-texts.com/isl/bukhari/bh2/bh2_232.html]
[sacred-texts.com/isl/bukhari/bh2/bh2_233.html]
[sacred-texts.com/isl/bukhari/bh2/bh2_234.html]
[sacred-texts.com/isl/bukhari/bh2/bh2_235.html]
[sacred-texts.com/isl/bukhari/bh2/bh2_236.html]
[sacred-texts.com/isl/bukhari/bh2/bh2_237.html]
[sacred-texts.com/isl/bukhari/bh2/bh2_238.html]
[sacred-texts.com/isl/bukhari/bh2/bh2_239.html]
[sacred-texts.com/isl/bukhari/bh2/bh2_240.html]
[sacred-texts.com/isl/bukhari/bh2/bh2_241.html]
[sacred-texts.com/isl/bukhari/bh2/bh2_242.html]
[sacred-texts.com/isl/bukhari/bh2/bh2_243.html]
[sacred-texts.com/isl/bukhari/bh2/bh2_244.html]
[sacred-texts.com/isl/bukhari/bh2/bh2_245.html]
[sacred-texts.com/isl/bukhari/bh2/bh2_246.html]
[sacred-texts.com/isl/bukhari/bh2/bh2_247.html]
[sacred-texts.com/isl/bukhari/bh2/bh2_248.html]
[sacred-texts.com/isl/bukhari/bh2/bh2_249.html]
[sacred-texts.com/isl/bukhari/bh2/bh2_250.html]
[sacred-texts.com/isl/bukhari/bh2/bh2_251.html]
[sacred-texts.com/isl/bukhari/bh2/bh2_252.html]
[sacred-texts.com/isl/bukhari/bh2/bh2_253.html]
[sacred-texts.com/isl/bukhari/bh2/bh2_254.html]
[sacred-texts.com/isl/bukhari/bh2/bh2_255.html]
[sacred-texts.com/isl/bukhari/bh2/bh2_256.html]
[sacred-texts.com/isl/bukhari/bh2/bh2_257.html]
[sacred-texts.com/isl/bukhari/bh2/bh2_258.html]
[sacred-texts.com/isl/bukhari/bh2/bh2_259.html]
[sacred-texts.com/isl/bukhari/bh2/bh2_260.html]
[sacred-texts.com/isl/bukhari/bh2/bh2_261.html]
[sacred-texts.com/isl/bukhari/bh2/bh2_262.html]
[sacred-texts.com/isl/bukhari/bh2/bh2_263.html]
[sacred-texts.com/isl/bukhari/bh2/bh2_264.html]
[sacred-texts.com/isl/bukhari/bh2/bh2_265.html]
[sacred-texts.com/isl/bukhari/bh2/bh2_266.html]
[sacred-texts.com/isl/bukhari/bh2/bh2_267.html]
[sacred-texts.com/isl/bukhari/bh2/bh2_268.html]
[sacred-texts.com/isl/bukhari/bh2/bh2_269.html]
[sacred-texts.com/isl/bukhari/bh2/bh2_270.html]
[sacred-texts.com/isl/bukhari/bh2/bh2_271.html]
[sacred-texts.com/isl/bukhari/bh2/bh2_272.html]
[sacred-texts.com/isl/bukhari/bh2/bh2_273.html]
[sacred-texts.com/isl/bukhari/bh2/bh2_274.html]
[sacred-texts.com/isl/bukhari/bh2/bh2_275.html]
[sacred-texts.com/isl/bukhari/bh2/bh2_276.html]
[sacred-texts.com/isl/bukhari/bh2/bh2_277.html]
[sacred-texts.com/isl/bukhari/bh2/bh2_278.html]
[sacred-texts.com/isl/bukhari/bh2/bh2_279.html]
[sacred-texts.com/isl/bukhari/bh2/bh2_280.html]
[sacred-texts.com/isl/bukhari/bh2/bh2_281.html]
[sacred-texts.com/isl/bukhari/bh2/bh2_282.html]
[sacred-texts.com/isl/bukhari/bh2/bh2_283.html]
[sacred-texts.com/isl/bukhari/bh2/bh2_284.html]
[sacred-texts.com/isl/bukhari/bh2/bh2_285.html]
[sacred-texts.com/isl/bukhari/bh2/bh2_286.html]
[sacred-texts.com/isl/bukhari/bh2/bh2_287.html]
[sacred-texts.com/isl/bukhari/bh2/bh2_288.html]
[sacred-texts.com/isl/bukhari/bh2/bh2_289.html]
[sacred-texts.com/isl/bukhari/bh2/bh2_290.html]
[sacred-texts.com/isl/bukhari/bh2/bh2_291.html]
[sacred-texts.com/isl/bukhari/bh2/bh2_292.html]
[sacred-texts.com/isl/bukhari/bh2/bh2_293.html]
[sacred-texts.com/isl/bukhari/bh2/bh2_294.html]
[sacred-texts.com/isl/bukhari/bh2/bh2_295.html]
[sacred-texts.com/isl/bukhari/bh2/bh2_296.html]
[sacred-texts.com/isl/bukhari/bh2/bh2_297.html]
[sacred-texts.com/isl/bukhari/bh2/bh2_298.html]
[sacred-texts.com/isl/bukhari/bh2/bh2_299.html]
[sacred-texts.com/isl/bukhari/bh2/bh2_300.html]
[sacred-texts.com/isl/bukhari/bh2/bh2_301.html]
[sacred-texts.com/isl/bukhari/bh2/bh2_302.html]
[sacred-texts.com/isl/bukhari/bh2/bh2_303.html]
[sacred-texts.com/isl/bukhari/bh2/bh2_304.html]
[sacred-texts.com/isl/bukhari/bh2/bh2_305.html]
[sacred-texts.com/isl/bukhari/bh2/bh2_306.html]
[sacred-texts.com/isl/bukhari/bh2/bh2_307.html]
[sacred-texts.com/isl/bukhari/bh2/bh2_308.html]
[sacred-texts.com/isl/bukhari/bh2/bh2_309.html]
[sacred-texts.com/isl/bukhari/bh2/bh2_310.html]
[sacred-texts.com/isl/bukhari/bh2/bh2_311.html]
[sacred-texts.com/isl/bukhari/bh2/bh2_312.html]
[sacred-texts.com/isl/bukhari/bh2/bh2_313.html]
[sacred-texts.com/isl/bukhari/bh2/bh2_314.html]
[sacred-texts.com/isl/bukhari/bh2/bh2_315.html]
[sacred-texts.com/isl/bukhari/bh2/bh2_316.html]
[sacred-texts.com/isl/bukhari/bh2/bh2_317.html]
[sacred-texts.com/isl/bukhari/bh2/bh2_318.html]
[sacred-texts.com/isl/bukhari/bh2/bh2_319.html]
[sacred-texts.com/isl/bukhari/bh2/bh2_320.html]
[sacred-texts.com/isl/bukhari/bh2/bh2_321.html]
[sacred-texts.com/isl/bukhari/bh2/bh2_322.html]
[sacred-texts.com/isl/bukhari/bh2/bh2_323.html]
[sacred-texts.com/isl/bukhari/bh2/bh2_324.html]
[sacred-texts.com/isl/bukhari/bh2/bh2_325.html]
[sacred-texts.com/isl/bukhari/bh2/bh2_326.html]
[sacred-texts.com/isl/bukhari/bh2/bh2_327.html]
[sacred-texts.com/isl/bukhari/bh2/bh2_328.html]
[sacred-texts.com/isl/bukhari/bh2/bh2_329.html]
[sacred-texts.com/isl/bukhari/bh2/bh2_330.html]
[sacred-texts.com/isl/bukhari/bh2/bh2_331.html]
[sacred-texts.com/isl/bukhari/bh2/bh2_332.html]
[sacred-texts.com/isl/bukhari/bh2/bh2_333.html]
[sacred-texts.com/isl/bukhari/bh2/bh2_334.html]
[sacred-texts.com/isl/bukhari/bh2/bh2_335.html]
[sacred-texts.com/isl/bukhari/bh2/bh2_336.html]
[sacred-texts.com/isl/bukhari/bh2/bh2_337.html]
[sacred-texts.com/isl/bukhari/bh2/bh2_338.html]
[sacred-texts.com/isl/bukhari/bh2/bh2_339.html]
[sacred-texts.com/isl/bukhari/bh2/bh2_340.html]
[sacred-texts.com/isl/bukhari/bh2/bh2_341.html]
[sacred-texts.com/isl/bukhari/bh2/bh2_342.html]
[sacred-texts.com/isl/bukhari/bh2/bh2_343.html]
[sacred-texts.com/isl/bukhari/bh2/bh2_344.html]
[sacred-texts.com/isl/bukhari/bh2/bh2_345.html]
[sacred-texts.com/isl/bukhari/bh2/bh2_346.html]
[sacred-texts.com/isl/bukhari/bh2/bh2_347.html]
[sacred-texts.com/isl/bukhari/bh2/bh2_348.html]
[sacred-texts.com/isl/bukhari/bh2/bh2_349.html]
[sacred-texts.com/isl/bukhari/bh2/bh2_350.html]
[sacred-texts.com/isl/bukhari/bh2/bh2_351.html]
[sacred-texts.com/isl/bukhari/bh2/bh2_352.html]
[sacred-texts.com/isl/bukhari/bh2/bh2_353.html]
[sacred-texts.com/isl/bukhari/bh2/bh2_354.html]
[sacred-texts.com/isl/bukhari/bh2/bh2_355.html]
[sacred-texts.com/isl/bukhari/bh2/bh2_356.html]
[sacred-texts.com/isl/bukhari/bh2/bh2_357.html]
[sacred-texts.com/isl/bukhari/bh2/bh2_358.html]
[sacred-texts.com/isl/bukhari/bh2/bh2_359.html]
[sacred-texts.com/isl/bukhari/bh2/bh2_360.html]
[sacred-texts.com/isl/bukhari/bh2/bh2_361.html]
[sacred-texts.com/isl/bukhari/bh2/bh2_362.html]
[sacred-texts.com/isl/bukhari/bh2/bh2_363.html]
[sacred-texts.com/isl/bukhari/bh2/bh2_364.html]
[sacred-texts.com/isl/bukhari/bh2/bh2_365.html]
[sacred-texts.com/isl/bukhari/bh2/bh2_366.html]
[sacred-texts.com/isl/bukhari/bh2/bh2_367.html]
[sacred-texts.com/isl/bukhari/bh2/bh2_368.html]
[sacred-texts.com/isl/bukhari/bh2/bh2_369.html]
[sacred-texts.com/isl/bukhari/bh2/bh2_370.html]
[sacred-texts.com/isl/bukhari/bh2/bh2_371.html]
[sacred-texts.com/isl/bukhari/bh2/bh2_372.html]
[sacred-texts.com/isl/bukhari/bh2/bh2_373.html]
[sacred-texts.com/isl/bukhari/bh2/bh2_374.html]
[sacred-texts.com/isl/bukhari/bh2/bh2_375.html]
[sacred-texts.com/isl/bukhari/bh2/bh2_376.html]
[sacred-texts.com/isl/bukhari/bh2/bh2_377.html]
[sacred-texts.com/isl/bukhari/bh2/bh2_378.html]
[sacred-texts.com/isl/bukhari/bh2/bh2_379.html]
[sacred-texts.com/isl/bukhari/bh2/bh2_380.html]
[sacred-texts.com/isl/bukhari/bh2/bh2_381.html]
[sacred-texts.com/isl/bukhari/bh2/bh2_382.html]
[sacred-texts.com/isl/bukhari/bh2/bh2_383.html]
[sacred-texts.com/isl/bukhari/bh2/bh2_384.html]
[sacred-texts.com/isl/bukhari/bh2/bh2_385.html]
[sacred-texts.com/isl/bukhari/bh2/bh2_386.html]
[sacred-texts.com/isl/bukhari/bh2/bh2_387.html]
[sacred-texts.com/isl/bukhari/bh2/bh2_388.html]
[sacred-texts.com/isl/bukhari/bh2/bh2_389.html]
[sacred-texts.com/isl/bukhari/bh2/bh2_390.html]
[sacred-texts.com/isl/bukhari/bh2/bh2_391.html]
[sacred-texts.com/isl/bukhari/bh2/bh2_392.html]
[sacred-texts.com/isl/bukhari/bh2/bh2_393.html]
[sacred-texts.com/isl/bukhari/bh2/bh2_394.html]
[sacred-texts.com/isl/bukhari/bh2/bh2_395.html]
[sacred-texts.com/isl/bukhari/bh2/bh2_396.html]
[sacred-texts.com/isl/bukhari/bh2/bh2_397.html]
[sacred-texts.com/isl/bukhari/bh2/bh2_398.html]
[sacred-texts.com/isl/bukhari/bh2/bh2_399.html]
[sacred-texts.com/isl/bukhari/bh2/bh2_400.html]
[sacred-texts.com/isl/bukhari/bh2/bh2_401.html]
[sacred-texts.com/isl/bukhari/bh2/bh2_402.html]
[sacred-texts.com/isl/bukhari/bh2/bh2_403.html]
[sacred-texts.com/isl/bukhari/bh2/bh2_404.html]
[sacred-texts.com/isl/bukhari/bh2/bh2_405.html]
[sacred-texts.com/isl/bukhari/bh2/bh2_406.html]
[sacred-texts.com/isl/bukhari/bh2/bh2_407.html]
[sacred-texts.com/isl/bukhari/bh2/bh2_408.html]
[sacred-texts.com/isl/bukhari/bh2/bh2_409.html]
[sacred-texts.com/isl/bukhari/bh2/bh2_410.html]
[sacred-texts.com/isl/bukhari/bh2/bh2_411.html]
[sacred-texts.com/isl/bukhari/bh2/bh2_412.html]
[sacred-texts.com/isl/bukhari/bh2/bh2_413.html]
[sacred-texts.com/isl/bukhari/bh2/bh2_414.html]
[sacred-texts.com/isl/bukhari/bh2/bh2_415.html]
[sacred-texts.com/isl/bukhari/bh2/bh2_416.html]
[sacred-texts.com/isl/bukhari/bh2/bh2_417.html]
[sacred-texts.com/isl/bukhari/bh2/bh2_418.html]
[sacred-texts.com/isl/bukhari/bh2/bh2_419.html]
[sacred-texts.com/isl/bukhari/bh2/bh2_420.html]
[sacred-texts.com/isl/bukhari/bh2/bh2_421.html]
[sacred-texts.com/isl/bukhari/bh2/bh2_422.html]
[sacred-texts.com/isl/bukhari/bh2/bh2_423.html]
[sacred-texts.com/isl/bukhari/bh2/bh2_424.html]
[sacred-texts.com/isl/bukhari/bh2/bh2_425.html]
[sacred-texts.com/isl/bukhari/bh2/bh2_426.html]
[sacred-texts.com/isl/bukhari/bh2/bh2_427.html]
[sacred-texts.com/isl/bukhari/bh2/bh2_428.html]
[sacred-texts.com/isl/bukhari/bh2/bh2_429.html]
[sacred-texts.com/isl/bukhari/bh2/bh2_430.html]
[sacred-texts.com/isl/bukhari/bh2/bh2_431.html]
[sacred-texts.com/isl/bukhari/bh2/bh2_432.html]
[sacred-texts.com/isl/bukhari/bh2/bh2_433.html]
[sacred-texts.com/isl/bukhari/bh2/bh2_434.html]
[sacred-texts.com/isl/bukhari/bh2/bh2_435.html]
[sacred-texts.com/isl/bukhari/bh2/bh2_436.html]
[sacred-texts.com/isl/bukhari/bh2/bh2_437.html]
[sacred-texts.com/isl/bukhari/bh2/bh2_438.html]
[sacred-texts.com/isl/bukhari/bh2/bh2_439.html]
[sacred-texts.com/isl/bukhari/bh2/bh2_440.html]
[sacred-texts.com/isl/bukhari/bh2/bh2_441.html]
[sacred-texts.com/isl/bukhari/bh2/bh2_442.html]
[sacred-texts.com/isl/bukhari/bh2/bh2_443.html]
[sacred-texts.com/isl/bukhari/bh2/bh2_444.html]
[sacred-texts.com/isl/bukhari/bh2/bh2_445.html]
[sacred-texts.com/isl/bukhari/bh2/bh2_446.html]
[sacred-texts.com/isl/bukhari/bh2/bh2_447.html]
[sacred-texts.com/isl/bukhari/bh2/bh2_448.html]
[sacred-texts.com/isl/bukhari/bh2/bh2_449.html]
[sacred-texts.com/isl/bukhari/bh2/bh2_450.html]
[sacred-texts.com/isl/bukhari/bh2/bh2_451.html]
[sacred-texts.com/isl/bukhari/bh2/bh2_452.html]
[sacred-texts.com/isl/bukhari/bh2/bh2_453.html]
[sacred-texts.com/isl/bukhari/bh2/bh2_454.html]
[sacred-texts.com/isl/bukhari/bh2/bh2_455.html]
[sacred-texts.com/isl/bukhari/bh2/bh2_456.html]
[sacred-texts.com/isl/bukhari/bh2/bh2_457.html]
[sacred-texts.com/isl/bukhari/bh2/bh2_458.html]
[sacred-texts.com/isl/bukhari/bh2/bh2_459.html]
[sacred-texts.com/isl/bukhari/bh2/bh2_460.html]
[sacred-texts.com/isl/bukhari/bh2/bh2_461.html]
[sacred-texts.com/isl/bukhari/bh2/bh2_462.html]
[sacred-texts.com/isl/bukhari/bh2/bh2_463.html]
[sacred-texts.com/isl/bukhari/bh2/bh2_464.html]
[sacred-texts.com/isl/bukhari/bh2/bh2_465.html]
[sacred-texts.com/isl/bukhari/bh2/bh2_466.html]
[sacred-texts.com/isl/bukhari/bh2/bh2_467.html]
[sacred-texts.com/isl/bukhari/bh2/bh2_468.html]
[sacred-texts.com/isl/bukhari/bh2/bh2_469.html]
[sacred-texts.com/isl/bukhari/bh2/bh2_470.html]
[sacred-texts.com/isl/bukhari/bh2/bh2_471.html]
[sacred-texts.com/isl/bukhari/bh2/bh2_472.html]
[sacred-texts.com/isl/bukhari/bh2/bh2_473.html]
[sacred-texts.com/isl/bukhari/bh2/bh2_474.html]
[sacred-texts.com/isl/bukhari/bh2/bh2_475.html]
[sacred-texts.com/isl/bukhari/bh2/bh2_476.html]
[sacred-texts.com/isl/bukhari/bh2/bh2_477.html]
[sacred-texts.com/isl/bukhari/bh2/bh2_478.html]
[sacred-texts.com/isl/bukhari/bh2/bh2_479.html]
[sacred-texts.com/isl/bukhari/bh2/bh2_480.html]
[sacred-texts.com/isl/bukhari/bh2/bh2_481.html]
[sacred-texts.com/isl/bukhari/bh2/bh2_482.html]
[sacred-texts.com/isl/bukhari/bh2/bh2_483.html]
[sacred-texts.com/isl/bukhari/bh2/bh2_484.html]
[sacred-texts.com/isl/bukhari/bh2/bh2_485.html]
[sacred-texts.com/isl/bukhari/bh2/bh2_486.html]
[sacred-texts.com/isl/bukhari/bh2/bh2_487.html]
[sacred-texts.com/isl/bukhari/bh2/bh2_488.html]
[sacred-texts.com/isl/bukhari/bh2/bh2_489.html]
[sacred-texts.com/isl/bukhari/bh2/bh2_490.html]
[sacred-texts.com/isl/bukhari/bh2/bh2_491.html]
[sacred-texts.com/isl/bukhari/bh2/bh2_492.html]
[sacred-texts.com/isl/bukhari/bh2/bh2_493.html]
[sacred-texts.com/isl/bukhari/bh2/bh2_494.html]
[sacred-texts.com/isl/bukhari/bh2/bh2_495.html]
[sacred-texts.com/isl/bukhari/bh2/bh2_496.html]
[sacred-texts.com/isl/bukhari/bh2/bh2_497.html]
[sacred-texts.com/isl/bukhari/bh2/bh2_498.html]
[sacred-texts.com/isl/bukhari/bh2/bh2_499.html]
[sacred-texts.com/isl/bukhari/bh2/bh2_500.html]
[sacred-texts.com/isl/bukhari/bh2/bh2_501.html]
[sacred-texts.com/isl/bukhari/bh2/bh2_502.html]
[sacred-texts.com/isl/bukhari/bh2/bh2_503.html]
[sacred-texts.com/isl/bukhari/bh2/bh2_504.html]
[sacred-texts.com/isl/bukhari/bh2/bh2_505.html]
[sacred-texts.com/isl/bukhari/bh2/bh2_506.html]
[sacred-texts.com/isl/bukhari/bh2/bh2_507.html]
[sacred-texts.com/isl/bukhari/bh2/bh2_508.html]
[sacred-texts.com/isl/bukhari/bh2/bh2_509.html]
[sacred-texts.com/isl/bukhari/bh2/bh2_510.html]
[sacred-texts.com/isl/bukhari/bh2/bh2_511.html]
[sacred-texts.com/isl/bukhari/bh2/bh2_512.html]
[sacred-texts.com/isl/bukhari/bh2/bh2_513.html]
[sacred-texts.com/isl/bukhari/bh2/bh2_514.html]
[sacred-texts.com/isl/bukhari/bh2/bh2_515.html]
[sacred-texts.com/isl/bukhari/bh2/bh2_516.html]
[sacred-texts.com/isl/bukhari/bh2/bh2_517.html]
[sacred-texts.com/isl/bukhari/bh2/bh2_518.html]
[sacred-texts.com/isl/bukhari/bh2/bh2_519.html]
[sacred-texts.com/isl/bukhari/bh2/bh2_520.html]
[sacred-texts.com/isl/bukhari/bh2/bh2_521.html]
[sacred-texts.com/isl/bukhari/bh2/bh2_522.html]
[sacred-texts.com/isl/bukhari/bh2/bh2_523.html]
[sacred-texts.com/isl/bukhari/bh2/bh2_524.html]
[sacred-texts.com/isl/bukhari/bh2/bh2_525.html]
[sacred-texts.com/isl/bukhari/bh2/bh2_526.html]
[sacred-texts.com/isl/bukhari/bh2/bh2_527.html]
[sacred-texts.com/isl/bukhari/bh2/bh2_528.html]
[sacred-texts.com/isl/bukhari/bh2/bh2_529.html]
[sacred-texts.com/isl/bukhari/bh2/bh2_530.html]
[sacred-texts.com/isl/bukhari/bh2/bh2_531.html]
[sacred-texts.com/isl/bukhari/bh2/bh2_532.html]
[sacred-texts.com/isl/bukhari/bh2/bh2_533.html]
[sacred-texts.com/isl/bukhari/bh2/bh2_534.html]
[sacred-texts.com/isl/bukhari/bh2/bh2_535.html]
[sacred-texts.com/isl/bukhari/bh2/bh2_536.html]
[sacred-texts.com/isl/bukhari/bh2/bh2_537.html]
[sacred-texts.com/isl/bukhari/bh2/bh2_538.html]
[sacred-texts.com/isl/bukhari/bh2/bh2_539.html]
[sacred-texts.com/isl/bukhari/bh2/bh2_540.html]
[sacred-texts.com/isl/bukhari/bh2/bh2_541.html]
[sacred-texts.com/isl/bukhari/bh2/bh2_542.html]
[sacred-texts.com/isl/bukhari/bh2/bh2_543.html]
[sacred-texts.com/isl/bukhari/bh2/bh2_544.html]
[sacred-texts.com/isl/bukhari/bh2/bh2_545.html]
[sacred-texts.com/isl/bukhari/bh2/bh2_546.html]
[sacred-texts.com/isl/bukhari/bh2/bh2_547.html]
[sacred-texts.com/isl/bukhari/bh2/bh2_548.html]
[sacred-texts.com/isl/bukhari/bh2/bh2_549.html]
[sacred-texts.com/isl/bukhari/bh2/bh2_550.html]
[sacred-texts.com/isl/bukhari/bh2/bh2_551.html]
[sacred-texts.com/isl/bukhari/bh2/bh2_552.html]
[sacred-texts.com/isl/bukhari/bh2/bh2_553.html]
[sacred-texts.com/isl/bukhari/bh2/bh2_554.html]
[sacred-texts.com/isl/bukhari/bh2/bh2_555.html]
[sacred-texts.com/isl/bukhari/bh2/bh2_556.html]
[sacred-texts.com/isl/bukhari/bh2/bh2_557.html]
[sacred-texts.com/isl/bukhari/bh2/bh2_558.html]
[sacred-texts.com/isl/bukhari/bh2/bh2_559.html]
[sacred-texts.com/isl/bukhari/bh2/bh2_560.html]
[sacred-texts.com/isl/bukhari/bh2/bh2_561.html]
[sacred-texts.com/isl/bukhari/bh2/bh2_562.html]
[sacred-texts.com/isl/bukhari/bh2/bh2_563.html]
[sacred-texts.com/isl/bukhari/bh2/bh2_564.html]
[sacred-texts.com/isl/bukhari/bh2/bh2_565.html]
[sacred-texts.com/isl/bukhari/bh2/bh2_566.html]
[sacred-texts.com/isl/bukhari/bh2/bh2_567.html]
[sacred-texts.com/isl/bukhari/bh2/bh2_568.html]
[sacred-texts.com/isl/bukhari/bh2/bh2_569.html]
[sacred-texts.com/isl/bukhari/bh2/bh2_570.html]
[sacred-texts.com/isl/bukhari/bh2/bh2_571.html]
[sacred-texts.com/isl/bukhari/bh2/bh2_572.html]
[sacred-texts.com/isl/bukhari/bh2/bh2_573.html]
[sacred-texts.com/isl/bukhari/bh2/bh2_574.html]
[sacred-texts.com/isl/bukhari/bh2/bh2_575.html]
[sacred-texts.com/isl/bukhari/bh2/bh2_576.html]
[sacred-texts.com/isl/bukhari/bh2/bh2_577.html]
[sacred-texts.com/isl/bukhari/bh2/bh2_578.html]
[sacred-texts.com/isl/bukhari/bh2/bh2_579.html]
[sacred-texts.com/isl/bukhari/bh2/bh2_580.html]
[sacred-texts.com/isl/bukhari/bh2/bh2_581.html]
[sacred-texts.com/isl/bukhari/bh2/bh2_582.html]
[sacred-texts.com/isl/bukhari/bh2/bh2_583.html]
[sacred-texts.com/isl/bukhari/bh2/bh2_584.html]
[sacred-texts.com/isl/bukhari/bh2/bh2_585.html]
[sacred-texts.com/isl/bukhari/bh2/bh2_586.html]
[sacred-texts.com/isl/bukhari/bh2/bh2_587.html]
[sacred-texts.com/isl/bukhari/bh2/bh2_588.html]
[sacred-texts.com/isl/bukhari/bh2/bh2_589.html]
[sacred-texts.com/isl/bukhari/bh2/bh2_590.html]
[sacred-texts.com/isl/bukhari/bh2/bh2_591.html]
[sacred-texts.com/isl/bukhari/bh2/bh2_592.html]
[sacred-texts.com/isl/bukhari/bh2/bh2_593.html]
[sacred-texts.com/isl/bukhari/bh2/bh2_594.html]
[sacred-texts.com/isl/bukhari/bh2/bh2_595.html]
[sacred-texts.com/isl/bukhari/bh2/bh2_596.html]
[sacred-texts.com/isl/bukhari/bh2/bh2_597.html]
[sacred-texts.com/isl/bukhari/bh2/bh2_598.html]
[sacred-texts.com/isl/bukhari/bh2/bh2_599.html]
[sacred-texts.com/isl/bukhari/bh2/bh2_600.html]
[sacred-texts.com/isl/bukhari/bh2/bh2_601.html]
[sacred-texts.com/isl/bukhari/bh2/bh2_602.html]
[sacred-texts.com/isl/bukhari/bh2/bh2_603.html]
[sacred-texts.com/isl/bukhari/bh2/bh2_604.html]
[sacred-texts.com/isl/bukhari/bh2/bh2_605.html]
[sacred-texts.com/isl/bukhari/bh2/bh2_606.html]
[sacred-texts.com/isl/bukhari/bh2/bh2_607.html]
[sacred-texts.com/isl/bukhari/bh2/bh2_608.html]
[sacred-texts.com/isl/bukhari/bh2/bh2_609.html]
[sacred-texts.com/isl/bukhari/bh2/bh2_610.html]
[sacred-texts.com/isl/bukhari/bh2/bh2_611.html]
[sacred-texts.com/isl/bukhari/bh2/bh2_612.html]
[sacred-texts.com/isl/bukhari/bh2/bh2_613.html]
[sacred-texts.com/isl/bukhari/bh2/bh2_614.html]
[sacred-texts.com/isl/bukhari/bh2/bh2_615.html]
[sacred-texts.com/isl/bukhari/bh2/bh2_616.html]
[sacred-texts.com/isl/bukhari/bh2/bh2_617.html]
[sacred-texts.com/isl/bukhari/bh2/bh2_618.html]
[sacred-texts.com/isl/bukhari/bh2/bh2_619.html]
[sacred-texts.com/isl/bukhari/bh2/bh2_620.html]
[sacred-texts.com/isl/bukhari/bh2/bh2_621.html]
[sacred-texts.com/isl/bukhari/bh2/bh2_622.html]
[sacred-texts.com/isl/bukhari/bh2/bh2_623.html]
[sacred-texts.com/isl/bukhari/bh2/bh2_624.html]
[sacred-texts.com/isl/bukhari/bh2/bh2_625.html]
[sacred-texts.com/isl/bukhari/bh2/bh2_626.html]
[sacred-texts.com/isl/bukhari/bh2/bh2_627.html]
[sacred-texts.com/isl/bukhari/bh2/bh2_628.html]
[sacred-texts.com/isl/bukhari/bh2/bh2_629.html]
[sacred-texts.com/isl/bukhari/bh2/bh2_630.html]
[sacred-texts.com/isl/bukhari/bh2/bh2_631.html]
[sacred-texts.com/isl/bukhari/bh2/bh2_632.html]
[sacred-texts.com/isl/bukhari/bh2/bh2_633.html]
[sacred-texts.com/isl/bukhari/bh2/bh2_634.html]
[sacred-texts.com/isl/bukhari/bh2/bh2_635.html]
[sacred-texts.com/isl/bukhari/bh2/bh2_636.html]
[sacred-texts.com/isl/bukhari/bh2/bh2_637.html]
[sacred-texts.com/isl/bukhari/bh2/bh2_638.html]
[sacred-texts.com/isl/bukhari/bh2/bh2_639.html]
[sacred-texts.com/isl/bukhari/bh2/bh2_640.html]
[sacred-texts.com/isl/bukhari/bh2/bh2_641.html]
[sacred-texts.com/isl/bukhari/bh2/bh2_642.html]
[sacred-texts.com/isl/bukhari/bh2/bh2_643.html]
[sacred-texts.com/isl/bukhari/bh2/bh2_644.html]
[sacred-texts.com/isl/bukhari/bh2/bh2_645.html]
[sacred-texts.com/isl/bukhari/bh2/bh2_646.html]
[sacred-texts.com/isl/bukhari/bh2/bh2_647.html]
[sacred-texts.com/isl/bukhari/bh2/bh2_648.html]
[sacred-texts.com/isl/bukhari/bh2/bh2_649.html]
[sacred-texts.com/isl/bukhari/bh2/bh2_650.html]
[sacred-texts.com/isl/bukhari/bh2/bh2_651.html]
[sacred-texts.com/isl/bukhari/bh2/bh2_652.html]
[sacred-texts.com/isl/bukhari/bh2/bh2_653.html]
[sacred-texts.com/isl/bukhari/bh2/bh2_654.html]
[sacred-texts.com/isl/bukhari/bh2/bh2_655.html]
[sacred-texts.com/isl/bukhari/bh2/bh2_656.html]
[sacred-texts.com/isl/bukhari/bh2/bh2_657.html]
[sacred-texts.com/isl/bukhari/bh2/bh2_658.html]
[sacred-texts.com/isl/bukhari/bh2/bh2_659.html]
[sacred-texts.com/isl/bukhari/bh2/bh2_660.html]
[sacred-texts.com/isl/bukhari/bh2/bh2_661.html]
[sacred-texts.com/isl/bukhari/bh2/bh2_662.html]
[sacred-texts.com/isl/bukhari/bh2/bh2_663.html]
[sacred-texts.com/isl/bukhari/bh2/bh2_664.html]
[sacred-texts.com/isl/bukhari/bh2/bh2_665.html]
[sacred-texts.com/isl/bukhari/bh2/bh2_666.html]
[sacred-texts.com/isl/bukhari/bh2/bh2_667.html]
[sacred-texts.com/isl/bukhari/bh2/bh2_668.html]
[sacred-texts.com/isl/bukhari/bh2/bh2_669.html]
[sacred-texts.com/isl/bukhari/bh2/bh2_670.html]
[sacred-texts.com/isl/bukhari/bh2/bh2_671.html]
[sacred-texts.com/isl/bukhari/bh2/bh2_672.html]
[sacred-texts.com/isl/bukhari/bh2/bh2_673.html]
[sacred-texts.com/isl/bukhari/bh2/bh2_674.html]
[sacred-texts.com/isl/bukhari/bh2/bh2_675.html]
[sacred-texts.com/isl/bukhari/bh2/bh2_676.html]
[sacred-texts.com/isl/bukhari/bh2/bh2_677.html]
[sacred-texts.com/isl/bukhari/bh2/bh2_678.html]
[sacred-texts.com/isl/bukhari/bh2/bh2_679.html]
[sacred-texts.com/isl/bukhari/bh2/bh2_680.html]
[sacred-texts.com/isl/bukhari/bh2/bh2_681.html]
[sacred-texts.com/isl/bukhari/bh2/bh2_682.html]
[sacred-texts.com/isl/bukhari/bh2/bh2_683.html]
[sacred-texts.com/isl/bukhari/bh2/bh2_684.html]
[sacred-texts.com/isl/bukhari/bh2/bh2_685.html]
[sacred-texts.com/isl/bukhari/bh2/bh2_686.html]
[sacred-texts.com/isl/bukhari/bh2/bh2_687.html]
[sacred-texts.com/isl/bukhari/bh2/bh2_688.html]
[sacred-texts.com/isl/bukhari/bh2/bh2_689.html]
[sacred-texts.com/isl/bukhari/bh2/bh2_690.html]
[sacred-texts.com/isl/bukhari/bh2/bh2_691.html]
[sacred-texts.com/isl/bukhari/bh2/bh2_692.html]
[sacred-texts.com/isl/bukhari/bh2/bh2_693.html]
[sacred-texts.com/isl/bukhari/bh2/bh2_694.html]
[sacred-texts.com/isl/bukhari/bh2/bh2_695.html]
[sacred-texts.com/isl/bukhari/bh2/bh2_696.html]
[sacred-texts.com/isl/bukhari/bh2/bh2_697.html]
[sacred-texts.com/isl/bukhari/bh2/bh2_698.html]
[sacred-texts.com/isl/bukhari/bh2/bh2_699.html]
[sacred-texts.com/isl/bukhari/bh2/bh2_700.html]
[sacred-texts.com/isl/bukhari/bh2/bh2_701.html]
[sacred-texts.com/isl/bukhari/bh2/bh2_702.html]
[sacred-texts.com/isl/bukhari/bh2/bh2_703.html]
[sacred-texts.com/isl/bukhari/bh2/bh2_704.html]
[sacred-texts.com/isl/bukhari/bh2/bh2_705.html]
[sacred-texts.com/isl/bukhari/bh2/bh2_706.html]
[sacred-texts.com/isl/bukhari/bh2/bh2_707.html]
[sacred-texts.com/isl/bukhari/bh2/bh2_708.html]
[sacred-texts.com/isl/bukhari/bh2/bh2_709.html]
[sacred-texts.com/isl/bukhari/bh2/bh2_710.html]
[sacred-texts.com/isl/bukhari/bh2/bh2_711.html]
[sacred-texts.com/isl/bukhari/bh2/bh2_712.html]
[sacred-texts.com/isl/bukhari/bh2/bh2_713.html]
[sacred-texts.com/isl/bukhari/bh2/bh2_714.html]
[sacred-texts.com/isl/bukhari/bh2/bh2_715.html]
[sacred-texts.com/isl/bukhari/bh2/bh2_716.html]
[sacred-texts.com/isl/bukhari/bh2/bh2_717.html]
[sacred-texts.com/isl/bukhari/bh2/bh2_718.html]
[sacred-texts.com/isl/bukhari/bh2/bh2_719.html]
[sacred-texts.com/isl/bukhari/bh2/bh2_720.html]
[sacred-texts.com/isl/bukhari/bh2/bh2_721.html]
[sacred-texts.com/isl/bukhari/bh2/bh2_722.html]
[sacred-texts.com/isl/bukhari/bh2/bh2_723.html]
[sacred-texts.com/isl/bukhari/bh2/bh2_724.html]
[sacred-texts.com/isl/bukhari/bh2/bh2_725.html]
[sacred-texts.com/isl/bukhari/bh2/bh2_726.html]
[sacred-texts.com/isl/bukhari/bh2/bh2_727.html]
[sacred-texts.com/isl/bukhari/bh2/bh2_728.html]
[sacred-texts.com/isl/bukhari/bh2/bh2_729.html]
[sacred-texts.com/isl/bukhari/bh2/bh2_730.html]
[sacred-texts.com/isl/bukhari/bh2/bh2_731.html]
[sacred-texts.com/isl/bukhari/bh2/bh2_732.html]
[sacred-texts.com/isl/bukhari/bh2/bh2_733.html]
[sacred-texts.com/isl/bukhari/bh2/bh2_734.html]
[sacred-texts.com/isl/bukhari/bh2/bh2_735.html]
[sacred-texts.com/isl/bukhari/bh2/bh2_736.html]
[sacred-texts.com/isl/bukhari/bh2/bh2_737.html]
[sacred-texts.com/isl/bukhari/bh2/bh2_738.html]
[sacred-texts.com/isl/bukhari/bh2/bh2_739.html]
[sacred-texts.com/isl/bukhari/bh2/bh2_740.html]
[sacred-texts.com/isl/bukhari/bh2/bh2_741.html]
[sacred-texts.com/isl/bukhari/bh2/bh2_742.html]
[sacred-texts.com/isl/bukhari/bh2/bh2_743.html]
[sacred-texts.com/isl/bukhari/bh2/bh2_744.html]
[sacred-texts.com/isl/bukhari/bh2/bh2_745.html]
[sacred-texts.com/isl/bukhari/bh2/bh2_746.html]
[sacred-texts.com/isl/bukhari/bh2/bh2_747.html]
[sacred-texts.com/isl/bukhari/bh2/bh2_748.html]
[sacred-texts.com/isl/bukhari/bh2/bh2_749.html]
[sacred-texts.com/isl/bukhari/bh2/bh2_750.html]
[sacred-texts.com/isl/bukhari/bh2/bh2_751.html]
[sacred-texts.com/isl/bukhari/bh2/bh2_752.html]
[sacred-texts.com/isl/bukhari/bh2/bh2_753.html]
[sacred-texts.com/isl/bukhari/bh2/bh2_754.html]
[sacred-texts.com/isl/bukhari/bh2/bh2_755.html]
[sacred-texts.com/isl/bukhari/bh2/bh2_756.html]
[sacred-texts.com/isl/bukhari/bh2/bh2_757.html]
[sacred-texts.com/isl/bukhari/bh2/bh2_758.html]
[sacred-texts.com/isl/bukhari/bh2/bh2_759.html]
[sacred-texts.com/isl/bukhari/bh2/bh2_760.html]
[sacred-texts.com/isl/bukhari/bh2/bh2_761.html]
[sacred-texts.com/isl/bukhari/bh2/bh2_762.html]
[sacred-texts.com/isl/bukhari/bh2/bh2_763.html]
[sacred-texts.com/isl/bukhari/bh2/bh2_764.html]
[sacred-texts.com/isl/bukhari/bh2/bh2_765.html]
[sacred-texts.com/isl/bukhari/bh2/bh2_766.html]
[sacred-texts.com/isl/bukhari/bh2/bh2_767.html]
[sacred-texts.com/isl/bukhari/bh2/bh2_768.html]
[sacred-texts.com/isl/bukhari/bh2/bh2_769.html]
[sacred-texts.com/isl/bukhari/bh2/bh2_770.html]
[sacred-texts.com/isl/bukhari/bh2/bh2_771.html]
[sacred-texts.com/isl/bukhari/bh2/bh2_772.html]
[sacred-texts.com/isl/bukhari/bh2/bh2_773.html]
[sacred-texts.com/isl/bukhari/bh2/bh2_774.html]
[sacred-texts.com/isl/bukhari/bh2/bh2_775.html]
[sacred-texts.com/isl/bukhari/bh2/bh2_776.html]
[sacred-texts.com/isl/bukhari/bh2/bh2_777.html]
[sacred-texts.com/isl/bukhari/bh2/bh2_778.html]
[sacred-texts.com/isl/bukhari/bh2/bh2_779.html]
[sacred-texts.com/isl/bukhari/bh2/bh2_780.html]
[sacred-texts.com/isl/bukhari/bh2/bh2_781.html]
[sacred-texts.com/isl/bukhari/bh2/bh2_782.html]
[sacred-texts.com/isl/bukhari/bh2/bh2_783.html]
[sacred-texts.com/isl/bukhari/bh2/bh2_784.html]
[sacred-texts.com/isl/bukhari/bh2/bh2_785.html]
[sacred-texts.com/isl/bukhari/bh2/bh2_786.html]
[sacred-texts.com/isl/bukhari/bh2/bh2_787.html]
[sacred-texts.com/isl/bukhari/bh2/bh2_788.html]
[sacred-texts.com/isl/bukhari/bh2/bh2_789.html]
[sacred-texts.com/isl/bukhari/bh2/bh2_790.html]
[sacred-texts.com/isl/bukhari/bh2/bh2_791.html]
[sacred-texts.com/isl/bukhari/bh2/bh2_792.html]
[sacred-texts.com/isl/bukhari/bh2/bh2_793.html]
[sacred-texts.com/isl/bukhari/bh2/bh2_794.html]
[sacred-texts.com/isl/bukhari/bh2/bh2_795.html]
[sacred-texts.com/isl/bukhari/bh2/bh2_796.html]
[sacred-texts.com/isl/bukhari/bh2/bh2_797.html]
[sacred-texts.com/isl/bukhari/bh2/bh2_798.html]
[sacred-texts.com/isl/bukhari/bh2/bh2_799.html]
[sacred-texts.com/isl/bukhari/bh2/bh2_800.html]
[sacred-texts.com/isl/bukhari/bh2/bh2_801.html]
[sacred-texts.com/isl/bukhari/bh2/bh2_802.html]
[sacred-texts.com/isl/bukhari/bh2/bh2_803.html]
[sacred-texts.com/isl/bukhari/bh2/bh2_804.html]
[sacred-texts.com/isl/bukhari/bh2/bh2_805.html]
[sacred-texts.com/isl/bukhari/bh2/bh2_806.html]
[sacred-texts.com/isl/bukhari/bh2/bh2_807.html]
[sacred-texts.com/isl/bukhari/bh2/bh2_808.html]
[sacred-texts.com/isl/bukhari/bh2/bh2_809.html]
[sacred-texts.com/isl/bukhari/bh2/bh2_810.html]
[sacred-texts.com/isl/bukhari/bh2/bh2_811.html]
[sacred-texts.com/isl/bukhari/bh2/bh2_812.html]
[sacred-texts.com/isl/bukhari/bh2/bh2_813.html]
[sacred-texts.com/isl/bukhari/bh2/bh2_814.html]
[sacred-texts.com/isl/bukhari/bh2/bh2_815.html]
[sacred-texts.com/isl/bukhari/bh2/bh2_816.html]
[sacred-texts.com/isl/bukhari/bh2/bh2_817.html]
[sacred-texts.com/isl/bukhari/bh2/bh2_818.html]
[sacred-texts.com/isl/bukhari/bh2/bh2_819.html]
[sacred-texts.com/isl/bukhari/bh2/bh2_820.html]
[sacred-texts.com/isl/bukhari/bh2/bh2_821.html]
[sacred-texts.com/isl/bukhari/bh2/bh2_822.html]
[sacred-texts.com/isl/bukhari/bh2/bh2_823.html]
[sacred-texts.com/isl/bukhari/bh2/bh2_824.html]
[sacred-texts.com/isl/bukhari/bh2/bh2_825.html]
[sacred-texts.com/isl/bukhari/bh2/index.html]
[sacred-texts.com/isl/bukhari/bh3/bh3_00.html]
[sacred-texts.com/isl/bukhari/bh3/bh3_01.html]
[sacred-texts.com/isl/bukhari/bh3/bh3_02.html]
[sacred-texts.com/isl/bukhari/bh3/bh3_03.html]
[sacred-texts.com/isl/bukhari/bh3/bh3_04.html]
[sacred-texts.com/isl/bukhari/bh3/bh3_05.html]
[sacred-texts.com/isl/bukhari/bh3/bh3_06.html]
[sacred-texts.com/isl/bukhari/bh3/bh3_07.html]
[sacred-texts.com/isl/bukhari/bh3/bh3_08.html]
[sacred-texts.com/isl/bukhari/bh3/bh3_09.html]
[sacred-texts.com/isl/bukhari/bh3/bh3_10.html]
[sacred-texts.com/isl/bukhari/bh3/bh3_11.html]
[sacred-texts.com/isl/bukhari/bh3/bh3_12.html]
[sacred-texts.com/isl/bukhari/bh3/bh3_13.html]
[sacred-texts.com/isl/bukhari/bh3/bh3_14.html]
[sacred-texts.com/isl/bukhari/bh3/bh3_15.html]
[sacred-texts.com/isl/bukhari/bh3/bh3_16.html]
[sacred-texts.com/isl/bukhari/bh3/bh3_17.html]
[sacred-texts.com/isl/bukhari/bh3/bh3_18.html]
[sacred-texts.com/isl/bukhari/bh3/bh3_19.html]
[sacred-texts.com/isl/bukhari/bh3/bh3_20.html]
[sacred-texts.com/isl/bukhari/bh3/bh3_21.html]
[sacred-texts.com/isl/bukhari/bh3/bh3_22.html]
[sacred-texts.com/isl/bukhari/bh3/bh3_23.html]
[sacred-texts.com/isl/bukhari/bh3/bh3_24.html]
[sacred-texts.com/isl/bukhari/bh3/bh3_25.html]
[sacred-texts.com/isl/bukhari/bh3/bh3_26.html]
[sacred-texts.com/isl/bukhari/bh3/bh3_27.html]
[sacred-texts.com/isl/bukhari/bh3/bh3_28.html]
[sacred-texts.com/isl/bukhari/bh3/bh3_29.html]
[sacred-texts.com/isl/bukhari/bh3/bh3_30.html]
[sacred-texts.com/isl/bukhari/bh3/bh3_31.html]
[sacred-texts.com/isl/bukhari/bh3/bh3_32.html]
[sacred-texts.com/isl/bukhari/bh3/bh3_33.html]
[sacred-texts.com/isl/bukhari/bh3/bh3_34.html]
[sacred-texts.com/isl/bukhari/bh3/bh3_35.html]
[sacred-texts.com/isl/bukhari/bh3/bh3_36.html]
[sacred-texts.com/isl/bukhari/bh3/bh3_37.html]
[sacred-texts.com/isl/bukhari/bh3/bh3_38.html]
[sacred-texts.com/isl/bukhari/bh3/bh3_39.html]
[sacred-texts.com/isl/bukhari/bh3/bh3_40.html]
[sacred-texts.com/isl/bukhari/bh3/bh3_41.html]
[sacred-texts.com/isl/bukhari/bh3/bh3_42.html]
[sacred-texts.com/isl/bukhari/bh3/bh3_43.html]
[sacred-texts.com/isl/bukhari/bh3/bh3_44.html]
[sacred-texts.com/isl/bukhari/bh3/bh3_45.html]
[sacred-texts.com/isl/bukhari/bh3/bh3_46.html]
[sacred-texts.com/isl/bukhari/bh3/bh3_47.html]
[sacred-texts.com/isl/bukhari/bh3/bh3_48.html]
[sacred-texts.com/isl/bukhari/bh3/bh3_49.html]
[sacred-texts.com/isl/bukhari/bh3/bh3_50.html]
[sacred-texts.com/isl/bukhari/bh3/bh3_51.html]
[sacred-texts.com/isl/bukhari/bh3/bh3_52.html]
[sacred-texts.com/isl/bukhari/bh3/bh3_53.html]
[sacred-texts.com/isl/bukhari/bh3/bh3_54.html]
[sacred-texts.com/isl/bukhari/bh3/bh3_55.html]
[sacred-texts.com/isl/bukhari/bh3/bh3_56.html]
[sacred-texts.com/isl/bukhari/bh3/bh3_57.html]
[sacred-texts.com/isl/bukhari/bh3/bh3_58.html]
[sacred-texts.com/isl/bukhari/bh3/bh3_59.html]
[sacred-texts.com/isl/bukhari/bh3/bh3_60.html]
[sacred-texts.com/isl/bukhari/bh3/bh3_61.html]
[sacred-texts.com/isl/bukhari/bh3/bh3_62.html]
[sacred-texts.com/isl/bukhari/bh3/bh3_63.html]
[sacred-texts.com/isl/bukhari/bh3/bh3_64.html]
[sacred-texts.com/isl/bukhari/bh3/bh3_65.html]
[sacred-texts.com/isl/bukhari/bh3/bh3_66.html]
[sacred-texts.com/isl/bukhari/bh3/bh3_67.html]
[sacred-texts.com/isl/bukhari/bh3/bh3_68.html]
[sacred-texts.com/isl/bukhari/bh3/bh3_69.html]
[sacred-texts.com/isl/bukhari/bh3/bh3_70.html]
[sacred-texts.com/isl/bukhari/bh3/bh3_71.html]
[sacred-texts.com/isl/bukhari/bh3/bh3_72.html]
[sacred-texts.com/isl/bukhari/bh3/bh3_73.html]
[sacred-texts.com/isl/bukhari/bh3/bh3_74.html]
[sacred-texts.com/isl/bukhari/bh3/bh3_75.html]
[sacred-texts.com/isl/bukhari/bh3/bh3_76.html]
[sacred-texts.com/isl/bukhari/bh3/bh3_77.html]
[sacred-texts.com/isl/bukhari/bh3/bh3_78.html]
[sacred-texts.com/isl/bukhari/bh3/bh3_79.html]
[sacred-texts.com/isl/bukhari/bh3/bh3_80.html]
[sacred-texts.com/isl/bukhari/bh3/bh3_81.html]
[sacred-texts.com/isl/bukhari/bh3/bh3_82.html]
[sacred-texts.com/isl/bukhari/bh3/bh3_83.html]
[sacred-texts.com/isl/bukhari/bh3/bh3_84.html]
[sacred-texts.com/isl/bukhari/bh3/bh3_85.html]
[sacred-texts.com/isl/bukhari/bh3/bh3_86.html]
[sacred-texts.com/isl/bukhari/bh3/bh3_87.html]
[sacred-texts.com/isl/bukhari/bh3/bh3_88.html]
[sacred-texts.com/isl/bukhari/bh3/bh3_89.html]
[sacred-texts.com/isl/bukhari/bh3/bh3_90.html]
[sacred-texts.com/isl/bukhari/bh3/bh3_91.html]
[sacred-texts.com/isl/bukhari/bh3/bh3_92.html]
[sacred-texts.com/isl/bukhari/bh3/bh3_93.html]
[sacred-texts.com/isl/bukhari/bh3/bh3_94.html]
[sacred-texts.com/isl/bukhari/bh3/bh3_95.html]
[sacred-texts.com/isl/bukhari/bh3/bh3_96.html]
[sacred-texts.com/isl/bukhari/bh3/bh3_97.html]
[sacred-texts.com/isl/bukhari/bh3/bh3_98.html]
[sacred-texts.com/isl/bukhari/bh3/bh3_99.html]
[sacred-texts.com/isl/bukhari/bh3/bh3_100.html]
[sacred-texts.com/isl/bukhari/bh3/bh3_101.html]
[sacred-texts.com/isl/bukhari/bh3/bh3_102.html]
[sacred-texts.com/isl/bukhari/bh3/bh3_103.html]
[sacred-texts.com/isl/bukhari/bh3/bh3_104.html]
[sacred-texts.com/isl/bukhari/bh3/bh3_105.html]
[sacred-texts.com/isl/bukhari/bh3/bh3_106.html]
[sacred-texts.com/isl/bukhari/bh3/bh3_107.html]
[sacred-texts.com/isl/bukhari/bh3/bh3_108.html]
[sacred-texts.com/isl/bukhari/bh3/bh3_109.html]
[sacred-texts.com/isl/bukhari/bh3/bh3_110.html]
[sacred-texts.com/isl/bukhari/bh3/bh3_111.html]
[sacred-texts.com/isl/bukhari/bh3/bh3_112.html]
[sacred-texts.com/isl/bukhari/bh3/bh3_113.html]
[sacred-texts.com/isl/bukhari/bh3/bh3_114.html]
[sacred-texts.com/isl/bukhari/bh3/bh3_115.html]
[sacred-texts.com/isl/bukhari/bh3/bh3_116.html]
[sacred-texts.com/isl/bukhari/bh3/bh3_117.html]
[sacred-texts.com/isl/bukhari/bh3/bh3_118.html]
[sacred-texts.com/isl/bukhari/bh3/bh3_119.html]
[sacred-texts.com/isl/bukhari/bh3/bh3_120.html]
[sacred-texts.com/isl/bukhari/bh3/bh3_121.html]
[sacred-texts.com/isl/bukhari/bh3/bh3_122.html]
[sacred-texts.com/isl/bukhari/bh3/bh3_123.html]
[sacred-texts.com/isl/bukhari/bh3/bh3_124.html]
[sacred-texts.com/isl/bukhari/bh3/bh3_125.html]
[sacred-texts.com/isl/bukhari/bh3/bh3_126.html]
[sacred-texts.com/isl/bukhari/bh3/bh3_127.html]
[sacred-texts.com/isl/bukhari/bh3/bh3_128.html]
[sacred-texts.com/isl/bukhari/bh3/bh3_129.html]
[sacred-texts.com/isl/bukhari/bh3/bh3_130.html]
[sacred-texts.com/isl/bukhari/bh3/bh3_131.html]
[sacred-texts.com/isl/bukhari/bh3/bh3_132.html]
[sacred-texts.com/isl/bukhari/bh3/bh3_133.html]
[sacred-texts.com/isl/bukhari/bh3/bh3_134.html]
[sacred-texts.com/isl/bukhari/bh3/bh3_135.html]
[sacred-texts.com/isl/bukhari/bh3/bh3_136.html]
[sacred-texts.com/isl/bukhari/bh3/bh3_137.html]
[sacred-texts.com/isl/bukhari/bh3/bh3_138.html]
[sacred-texts.com/isl/bukhari/bh3/bh3_139.html]
[sacred-texts.com/isl/bukhari/bh3/bh3_140.html]
[sacred-texts.com/isl/bukhari/bh3/bh3_141.html]
[sacred-texts.com/isl/bukhari/bh3/bh3_142.html]
[sacred-texts.com/isl/bukhari/bh3/bh3_143.html]
[sacred-texts.com/isl/bukhari/bh3/bh3_144.html]
[sacred-texts.com/isl/bukhari/bh3/bh3_145.html]
[sacred-texts.com/isl/bukhari/bh3/bh3_146.html]
[sacred-texts.com/isl/bukhari/bh3/bh3_147.html]
[sacred-texts.com/isl/bukhari/bh3/bh3_148.html]
[sacred-texts.com/isl/bukhari/bh3/bh3_149.html]
[sacred-texts.com/isl/bukhari/bh3/bh3_150.html]
[sacred-texts.com/isl/bukhari/bh3/bh3_151.html]
[sacred-texts.com/isl/bukhari/bh3/bh3_152.html]
[sacred-texts.com/isl/bukhari/bh3/bh3_153.html]
[sacred-texts.com/isl/bukhari/bh3/bh3_154.html]
[sacred-texts.com/isl/bukhari/bh3/bh3_155.html]
[sacred-texts.com/isl/bukhari/bh3/bh3_156.html]
[sacred-texts.com/isl/bukhari/bh3/bh3_157.html]
[sacred-texts.com/isl/bukhari/bh3/bh3_158.html]
[sacred-texts.com/isl/bukhari/bh3/bh3_159.html]
[sacred-texts.com/isl/bukhari/bh3/bh3_160.html]
[sacred-texts.com/isl/bukhari/bh3/bh3_161.html]
[sacred-texts.com/isl/bukhari/bh3/bh3_162.html]
[sacred-texts.com/isl/bukhari/bh3/bh3_163.html]
[sacred-texts.com/isl/bukhari/bh3/bh3_164.html]
[sacred-texts.com/isl/bukhari/bh3/bh3_165.html]
[sacred-texts.com/isl/bukhari/bh3/bh3_166.html]
[sacred-texts.com/isl/bukhari/bh3/bh3_167.html]
[sacred-texts.com/isl/bukhari/bh3/bh3_168.html]
[sacred-texts.com/isl/bukhari/bh3/bh3_169.html]
[sacred-texts.com/isl/bukhari/bh3/bh3_170.html]
[sacred-texts.com/isl/bukhari/bh3/bh3_171.html]
[sacred-texts.com/isl/bukhari/bh3/bh3_172.html]
[sacred-texts.com/isl/bukhari/bh3/bh3_173.html]
[sacred-texts.com/isl/bukhari/bh3/bh3_174.html]
[sacred-texts.com/isl/bukhari/bh3/bh3_175.html]
[sacred-texts.com/isl/bukhari/bh3/bh3_176.html]
[sacred-texts.com/isl/bukhari/bh3/bh3_177.html]
[sacred-texts.com/isl/bukhari/bh3/bh3_178.html]
[sacred-texts.com/isl/bukhari/bh3/bh3_179.html]
[sacred-texts.com/isl/bukhari/bh3/bh3_180.html]
[sacred-texts.com/isl/bukhari/bh3/bh3_181.html]
[sacred-texts.com/isl/bukhari/bh3/bh3_182.html]
[sacred-texts.com/isl/bukhari/bh3/bh3_183.html]
[sacred-texts.com/isl/bukhari/bh3/bh3_184.html]
[sacred-texts.com/isl/bukhari/bh3/bh3_185.html]
[sacred-texts.com/isl/bukhari/bh3/bh3_186.html]
[sacred-texts.com/isl/bukhari/bh3/bh3_187.html]
[sacred-texts.com/isl/bukhari/bh3/bh3_188.html]
[sacred-texts.com/isl/bukhari/bh3/bh3_189.html]
[sacred-texts.com/isl/bukhari/bh3/bh3_190.html]
[sacred-texts.com/isl/bukhari/bh3/bh3_191.html]
[sacred-texts.com/isl/bukhari/bh3/bh3_192.html]
[sacred-texts.com/isl/bukhari/bh3/bh3_193.html]
[sacred-texts.com/isl/bukhari/bh3/bh3_194.html]
[sacred-texts.com/isl/bukhari/bh3/bh3_195.html]
[sacred-texts.com/isl/bukhari/bh3/bh3_196.html]
[sacred-texts.com/isl/bukhari/bh3/bh3_197.html]
[sacred-texts.com/isl/bukhari/bh3/bh3_198.html]
[sacred-texts.com/isl/bukhari/bh3/bh3_199.html]
[sacred-texts.com/isl/bukhari/bh3/bh3_200.html]
[sacred-texts.com/isl/bukhari/bh3/bh3_201.html]
[sacred-texts.com/isl/bukhari/bh3/bh3_202.html]
[sacred-texts.com/isl/bukhari/bh3/bh3_203.html]
[sacred-texts.com/isl/bukhari/bh3/bh3_204.html]
[sacred-texts.com/isl/bukhari/bh3/bh3_205.html]
[sacred-texts.com/isl/bukhari/bh3/bh3_206.html]
[sacred-texts.com/isl/bukhari/bh3/bh3_207.html]
[sacred-texts.com/isl/bukhari/bh3/bh3_208.html]
[sacred-texts.com/isl/bukhari/bh3/bh3_209.html]
[sacred-texts.com/isl/bukhari/bh3/bh3_210.html]
[sacred-texts.com/isl/bukhari/bh3/bh3_211.html]
[sacred-texts.com/isl/bukhari/bh3/bh3_212.html]
[sacred-texts.com/isl/bukhari/bh3/bh3_213.html]
[sacred-texts.com/isl/bukhari/bh3/bh3_214.html]
[sacred-texts.com/isl/bukhari/bh3/bh3_215.html]
[sacred-texts.com/isl/bukhari/bh3/bh3_216.html]
[sacred-texts.com/isl/bukhari/bh3/bh3_217.html]
[sacred-texts.com/isl/bukhari/bh3/bh3_218.html]
[sacred-texts.com/isl/bukhari/bh3/bh3_219.html]
[sacred-texts.com/isl/bukhari/bh3/bh3_220.html]
[sacred-texts.com/isl/bukhari/bh3/bh3_221.html]
[sacred-texts.com/isl/bukhari/bh3/bh3_222.html]
[sacred-texts.com/isl/bukhari/bh3/bh3_223.html]
[sacred-texts.com/isl/bukhari/bh3/bh3_224.html]
[sacred-texts.com/isl/bukhari/bh3/bh3_225.html]
[sacred-texts.com/isl/bukhari/bh3/bh3_226.html]
[sacred-texts.com/isl/bukhari/bh3/bh3_227.html]
[sacred-texts.com/isl/bukhari/bh3/bh3_228.html]
[sacred-texts.com/isl/bukhari/bh3/bh3_229.html]
[sacred-texts.com/isl/bukhari/bh3/bh3_230.html]
[sacred-texts.com/isl/bukhari/bh3/bh3_231.html]
[sacred-texts.com/isl/bukhari/bh3/bh3_232.html]
[sacred-texts.com/isl/bukhari/bh3/bh3_233.html]
[sacred-texts.com/isl/bukhari/bh3/bh3_234.html]
[sacred-texts.com/isl/bukhari/bh3/bh3_235.html]
[sacred-texts.com/isl/bukhari/bh3/bh3_236.html]
[sacred-texts.com/isl/bukhari/bh3/bh3_237.html]
[sacred-texts.com/isl/bukhari/bh3/bh3_238.html]
[sacred-texts.com/isl/bukhari/bh3/bh3_239.html]
[sacred-texts.com/isl/bukhari/bh3/bh3_240.html]
[sacred-texts.com/isl/bukhari/bh3/bh3_241.html]
[sacred-texts.com/isl/bukhari/bh3/bh3_242.html]
[sacred-texts.com/isl/bukhari/bh3/bh3_243.html]
[sacred-texts.com/isl/bukhari/bh3/bh3_244.html]
[sacred-texts.com/isl/bukhari/bh3/bh3_245.html]
[sacred-texts.com/isl/bukhari/bh3/bh3_246.html]
[sacred-texts.com/isl/bukhari/bh3/bh3_247.html]
[sacred-texts.com/isl/bukhari/bh3/bh3_248.html]
[sacred-texts.com/isl/bukhari/bh3/bh3_249.html]
[sacred-texts.com/isl/bukhari/bh3/bh3_250.html]
[sacred-texts.com/isl/bukhari/bh3/bh3_251.html]
[sacred-texts.com/isl/bukhari/bh3/bh3_252.html]
[sacred-texts.com/isl/bukhari/bh3/bh3_253.html]
[sacred-texts.com/isl/bukhari/bh3/bh3_254.html]
[sacred-texts.com/isl/bukhari/bh3/bh3_255.html]
[sacred-texts.com/isl/bukhari/bh3/bh3_256.html]
[sacred-texts.com/isl/bukhari/bh3/bh3_257.html]
[sacred-texts.com/isl/bukhari/bh3/bh3_258.html]
[sacred-texts.com/isl/bukhari/bh3/bh3_259.html]
[sacred-texts.com/isl/bukhari/bh3/bh3_260.html]
[sacred-texts.com/isl/bukhari/bh3/bh3_261.html]
[sacred-texts.com/isl/bukhari/bh3/bh3_262.html]
[sacred-texts.com/isl/bukhari/bh3/bh3_263.html]
[sacred-texts.com/isl/bukhari/bh3/bh3_264.html]
[sacred-texts.com/isl/bukhari/bh3/bh3_265.html]
[sacred-texts.com/isl/bukhari/bh3/bh3_266.html]
[sacred-texts.com/isl/bukhari/bh3/bh3_267.html]
[sacred-texts.com/isl/bukhari/bh3/bh3_268.html]
[sacred-texts.com/isl/bukhari/bh3/bh3_269.html]
[sacred-texts.com/isl/bukhari/bh3/bh3_270.html]
[sacred-texts.com/isl/bukhari/bh3/bh3_271.html]
[sacred-texts.com/isl/bukhari/bh3/bh3_272.html]
[sacred-texts.com/isl/bukhari/bh3/bh3_273.html]
[sacred-texts.com/isl/bukhari/bh3/bh3_274.html]
[sacred-texts.com/isl/bukhari/bh3/bh3_275.html]
[sacred-texts.com/isl/bukhari/bh3/bh3_276.html]
[sacred-texts.com/isl/bukhari/bh3/bh3_277.html]
[sacred-texts.com/isl/bukhari/bh3/bh3_278.html]
[sacred-texts.com/isl/bukhari/bh3/bh3_279.html]
[sacred-texts.com/isl/bukhari/bh3/bh3_280.html]
[sacred-texts.com/isl/bukhari/bh3/bh3_281.html]
[sacred-texts.com/isl/bukhari/bh3/bh3_282.html]
[sacred-texts.com/isl/bukhari/bh3/bh3_283.html]
[sacred-texts.com/isl/bukhari/bh3/bh3_284.html]
[sacred-texts.com/isl/bukhari/bh3/bh3_285.html]
[sacred-texts.com/isl/bukhari/bh3/bh3_286.html]
[sacred-texts.com/isl/bukhari/bh3/bh3_287.html]
[sacred-texts.com/isl/bukhari/bh3/bh3_288.html]
[sacred-texts.com/isl/bukhari/bh3/bh3_289.html]
[sacred-texts.com/isl/bukhari/bh3/bh3_290.html]
[sacred-texts.com/isl/bukhari/bh3/bh3_291.html]
[sacred-texts.com/isl/bukhari/bh3/bh3_292.html]
[sacred-texts.com/isl/bukhari/bh3/bh3_293.html]
[sacred-texts.com/isl/bukhari/bh3/bh3_294.html]
[sacred-texts.com/isl/bukhari/bh3/bh3_295.html]
[sacred-texts.com/isl/bukhari/bh3/bh3_296.html]
[sacred-texts.com/isl/bukhari/bh3/bh3_297.html]
[sacred-texts.com/isl/bukhari/bh3/bh3_298.html]
[sacred-texts.com/isl/bukhari/bh3/bh3_299.html]
[sacred-texts.com/isl/bukhari/bh3/bh3_300.html]
[sacred-texts.com/isl/bukhari/bh3/bh3_301.html]
[sacred-texts.com/isl/bukhari/bh3/bh3_302.html]
[sacred-texts.com/isl/bukhari/bh3/bh3_303.html]
[sacred-texts.com/isl/bukhari/bh3/bh3_304.html]
[sacred-texts.com/isl/bukhari/bh3/bh3_305.html]
[sacred-texts.com/isl/bukhari/bh3/bh3_306.html]
[sacred-texts.com/isl/bukhari/bh3/bh3_307.html]
[sacred-texts.com/isl/bukhari/bh3/bh3_308.html]
[sacred-texts.com/isl/bukhari/bh3/bh3_309.html]
[sacred-texts.com/isl/bukhari/bh3/bh3_310.html]
[sacred-texts.com/isl/bukhari/bh3/bh3_311.html]
[sacred-texts.com/isl/bukhari/bh3/bh3_312.html]
[sacred-texts.com/isl/bukhari/bh3/bh3_313.html]
[sacred-texts.com/isl/bukhari/bh3/bh3_314.html]
[sacred-texts.com/isl/bukhari/bh3/bh3_315.html]
[sacred-texts.com/isl/bukhari/bh3/bh3_316.html]
[sacred-texts.com/isl/bukhari/bh3/bh3_317.html]
[sacred-texts.com/isl/bukhari/bh3/bh3_318.html]
[sacred-texts.com/isl/bukhari/bh3/bh3_319.html]
[sacred-texts.com/isl/bukhari/bh3/bh3_320.html]
[sacred-texts.com/isl/bukhari/bh3/bh3_321.html]
[sacred-texts.com/isl/bukhari/bh3/bh3_322.html]
[sacred-texts.com/isl/bukhari/bh3/bh3_323.html]
[sacred-texts.com/isl/bukhari/bh3/bh3_324.html]
[sacred-texts.com/isl/bukhari/bh3/bh3_325.html]
[sacred-texts.com/isl/bukhari/bh3/bh3_326.html]
[sacred-texts.com/isl/bukhari/bh3/bh3_327.html]
[sacred-texts.com/isl/bukhari/bh3/bh3_328.html]
[sacred-texts.com/isl/bukhari/bh3/bh3_329.html]
[sacred-texts.com/isl/bukhari/bh3/bh3_330.html]
[sacred-texts.com/isl/bukhari/bh3/bh3_331.html]
[sacred-texts.com/isl/bukhari/bh3/bh3_332.html]
[sacred-texts.com/isl/bukhari/bh3/bh3_333.html]
[sacred-texts.com/isl/bukhari/bh3/bh3_334.html]
[sacred-texts.com/isl/bukhari/bh3/bh3_335.html]
[sacred-texts.com/isl/bukhari/bh3/bh3_336.html]
[sacred-texts.com/isl/bukhari/bh3/bh3_337.html]
[sacred-texts.com/isl/bukhari/bh3/bh3_338.html]
[sacred-texts.com/isl/bukhari/bh3/bh3_339.html]
[sacred-texts.com/isl/bukhari/bh3/bh3_340.html]
[sacred-texts.com/isl/bukhari/bh3/bh3_341.html]
[sacred-texts.com/isl/bukhari/bh3/bh3_342.html]
[sacred-texts.com/isl/bukhari/bh3/bh3_343.html]
[sacred-texts.com/isl/bukhari/bh3/bh3_344.html]
[sacred-texts.com/isl/bukhari/bh3/bh3_345.html]
[sacred-texts.com/isl/bukhari/bh3/bh3_346.html]
[sacred-texts.com/isl/bukhari/bh3/bh3_347.html]
[sacred-texts.com/isl/bukhari/bh3/bh3_348.html]
[sacred-texts.com/isl/bukhari/bh3/bh3_349.html]
[sacred-texts.com/isl/bukhari/bh3/bh3_350.html]
[sacred-texts.com/isl/bukhari/bh3/bh3_351.html]
[sacred-texts.com/isl/bukhari/bh3/bh3_352.html]
[sacred-texts.com/isl/bukhari/bh3/bh3_353.html]
[sacred-texts.com/isl/bukhari/bh3/bh3_354.html]
[sacred-texts.com/isl/bukhari/bh3/bh3_355.html]
[sacred-texts.com/isl/bukhari/bh3/bh3_356.html]
[sacred-texts.com/isl/bukhari/bh3/bh3_357.html]
[sacred-texts.com/isl/bukhari/bh3/bh3_358.html]
[sacred-texts.com/isl/bukhari/bh3/bh3_359.html]
[sacred-texts.com/isl/bukhari/bh3/bh3_360.html]
[sacred-texts.com/isl/bukhari/bh3/bh3_361.html]
[sacred-texts.com/isl/bukhari/bh3/bh3_362.html]
[sacred-texts.com/isl/bukhari/bh3/bh3_363.html]
[sacred-texts.com/isl/bukhari/bh3/bh3_364.html]
[sacred-texts.com/isl/bukhari/bh3/bh3_365.html]
[sacred-texts.com/isl/bukhari/bh3/bh3_366.html]
[sacred-texts.com/isl/bukhari/bh3/bh3_367.html]
[sacred-texts.com/isl/bukhari/bh3/bh3_368.html]
[sacred-texts.com/isl/bukhari/bh3/bh3_369.html]
[sacred-texts.com/isl/bukhari/bh3/bh3_370.html]
[sacred-texts.com/isl/bukhari/bh3/bh3_371.html]
[sacred-texts.com/isl/bukhari/bh3/bh3_372.html]
[sacred-texts.com/isl/bukhari/bh3/bh3_373.html]
[sacred-texts.com/isl/bukhari/bh3/bh3_374.html]
[sacred-texts.com/isl/bukhari/bh3/bh3_375.html]
[sacred-texts.com/isl/bukhari/bh3/bh3_376.html]
[sacred-texts.com/isl/bukhari/bh3/bh3_377.html]
[sacred-texts.com/isl/bukhari/bh3/bh3_378.html]
[sacred-texts.com/isl/bukhari/bh3/bh3_379.html]
[sacred-texts.com/isl/bukhari/bh3/bh3_380.html]
[sacred-texts.com/isl/bukhari/bh3/bh3_381.html]
[sacred-texts.com/isl/bukhari/bh3/bh3_382.html]
[sacred-texts.com/isl/bukhari/bh3/bh3_383.html]
[sacred-texts.com/isl/bukhari/bh3/bh3_384.html]
[sacred-texts.com/isl/bukhari/bh3/bh3_385.html]
[sacred-texts.com/isl/bukhari/bh3/bh3_386.html]
[sacred-texts.com/isl/bukhari/bh3/bh3_387.html]
[sacred-texts.com/isl/bukhari/bh3/bh3_388.html]
[sacred-texts.com/isl/bukhari/bh3/bh3_389.html]
[sacred-texts.com/isl/bukhari/bh3/bh3_390.html]
[sacred-texts.com/isl/bukhari/bh3/bh3_391.html]
[sacred-texts.com/isl/bukhari/bh3/bh3_392.html]
[sacred-texts.com/isl/bukhari/bh3/bh3_393.html]
[sacred-texts.com/isl/bukhari/bh3/bh3_394.html]
[sacred-texts.com/isl/bukhari/bh3/bh3_395.html]
[sacred-texts.com/isl/bukhari/bh3/bh3_396.html]
[sacred-texts.com/isl/bukhari/bh3/bh3_397.html]
[sacred-texts.com/isl/bukhari/bh3/bh3_398.html]
[sacred-texts.com/isl/bukhari/bh3/bh3_399.html]
[sacred-texts.com/isl/bukhari/bh3/bh3_400.html]
[sacred-texts.com/isl/bukhari/bh3/bh3_401.html]
[sacred-texts.com/isl/bukhari/bh3/bh3_402.html]
[sacred-texts.com/isl/bukhari/bh3/bh3_403.html]
[sacred-texts.com/isl/bukhari/bh3/bh3_404.html]
[sacred-texts.com/isl/bukhari/bh3/bh3_405.html]
[sacred-texts.com/isl/bukhari/bh3/bh3_406.html]
[sacred-texts.com/isl/bukhari/bh3/bh3_407.html]
[sacred-texts.com/isl/bukhari/bh3/bh3_408.html]
[sacred-texts.com/isl/bukhari/bh3/bh3_409.html]
[sacred-texts.com/isl/bukhari/bh3/bh3_410.html]
[sacred-texts.com/isl/bukhari/bh3/bh3_411.html]
[sacred-texts.com/isl/bukhari/bh3/bh3_412.html]
[sacred-texts.com/isl/bukhari/bh3/bh3_413.html]
[sacred-texts.com/isl/bukhari/bh3/bh3_414.html]
[sacred-texts.com/isl/bukhari/bh3/bh3_415.html]
[sacred-texts.com/isl/bukhari/bh3/bh3_416.html]
[sacred-texts.com/isl/bukhari/bh3/bh3_417.html]
[sacred-texts.com/isl/bukhari/bh3/bh3_418.html]
[sacred-texts.com/isl/bukhari/bh3/bh3_419.html]
[sacred-texts.com/isl/bukhari/bh3/bh3_420.html]
[sacred-texts.com/isl/bukhari/bh3/bh3_421.html]
[sacred-texts.com/isl/bukhari/bh3/bh3_422.html]
[sacred-texts.com/isl/bukhari/bh3/bh3_423.html]
[sacred-texts.com/isl/bukhari/bh3/bh3_424.html]
[sacred-texts.com/isl/bukhari/bh3/bh3_425.html]
[sacred-texts.com/isl/bukhari/bh3/bh3_426.html]
[sacred-texts.com/isl/bukhari/bh3/bh3_427.html]
[sacred-texts.com/isl/bukhari/bh3/bh3_428.html]
[sacred-texts.com/isl/bukhari/bh3/bh3_429.html]
[sacred-texts.com/isl/bukhari/bh3/bh3_430.html]
[sacred-texts.com/isl/bukhari/bh3/bh3_431.html]
[sacred-texts.com/isl/bukhari/bh3/bh3_432.html]
[sacred-texts.com/isl/bukhari/bh3/bh3_433.html]
[sacred-texts.com/isl/bukhari/bh3/bh3_434.html]
[sacred-texts.com/isl/bukhari/bh3/bh3_435.html]
[sacred-texts.com/isl/bukhari/bh3/bh3_436.html]
[sacred-texts.com/isl/bukhari/bh3/bh3_437.html]
[sacred-texts.com/isl/bukhari/bh3/bh3_438.html]
[sacred-texts.com/isl/bukhari/bh3/bh3_439.html]
[sacred-texts.com/isl/bukhari/bh3/bh3_440.html]
[sacred-texts.com/isl/bukhari/bh3/bh3_441.html]
[sacred-texts.com/isl/bukhari/bh3/bh3_442.html]
[sacred-texts.com/isl/bukhari/bh3/bh3_443.html]
[sacred-texts.com/isl/bukhari/bh3/bh3_444.html]
[sacred-texts.com/isl/bukhari/bh3/bh3_445.html]
[sacred-texts.com/isl/bukhari/bh3/bh3_446.html]
[sacred-texts.com/isl/bukhari/bh3/bh3_447.html]
[sacred-texts.com/isl/bukhari/bh3/bh3_448.html]
[sacred-texts.com/isl/bukhari/bh3/bh3_449.html]
[sacred-texts.com/isl/bukhari/bh3/bh3_450.html]
[sacred-texts.com/isl/bukhari/bh3/bh3_451.html]
[sacred-texts.com/isl/bukhari/bh3/bh3_452.html]
[sacred-texts.com/isl/bukhari/bh3/bh3_453.html]
[sacred-texts.com/isl/bukhari/bh3/bh3_454.html]
[sacred-texts.com/isl/bukhari/bh3/bh3_455.html]
[sacred-texts.com/isl/bukhari/bh3/bh3_456.html]
[sacred-texts.com/isl/bukhari/bh3/bh3_457.html]
[sacred-texts.com/isl/bukhari/bh3/bh3_458.html]
[sacred-texts.com/isl/bukhari/bh3/bh3_459.html]
[sacred-texts.com/isl/bukhari/bh3/bh3_460.html]
[sacred-texts.com/isl/bukhari/bh3/bh3_461.html]
[sacred-texts.com/isl/bukhari/bh3/bh3_462.html]
[sacred-texts.com/isl/bukhari/bh3/bh3_463.html]
[sacred-texts.com/isl/bukhari/bh3/bh3_464.html]
[sacred-texts.com/isl/bukhari/bh3/bh3_465.html]
[sacred-texts.com/isl/bukhari/bh3/bh3_466.html]
[sacred-texts.com/isl/bukhari/bh3/bh3_467.html]
[sacred-texts.com/isl/bukhari/bh3/bh3_468.html]
[sacred-texts.com/isl/bukhari/bh3/bh3_469.html]
[sacred-texts.com/isl/bukhari/bh3/bh3_470.html]
[sacred-texts.com/isl/bukhari/bh3/bh3_471.html]
[sacred-texts.com/isl/bukhari/bh3/bh3_472.html]
[sacred-texts.com/isl/bukhari/bh3/bh3_473.html]
[sacred-texts.com/isl/bukhari/bh3/bh3_474.html]
[sacred-texts.com/isl/bukhari/bh3/bh3_475.html]
[sacred-texts.com/isl/bukhari/bh3/bh3_476.html]
[sacred-texts.com/isl/bukhari/bh3/bh3_477.html]
[sacred-texts.com/isl/bukhari/bh3/bh3_478.html]
[sacred-texts.com/isl/bukhari/bh3/bh3_479.html]
[sacred-texts.com/isl/bukhari/bh3/bh3_480.html]
[sacred-texts.com/isl/bukhari/bh3/bh3_481.html]
[sacred-texts.com/isl/bukhari/bh3/bh3_482.html]
[sacred-texts.com/isl/bukhari/bh3/bh3_483.html]
[sacred-texts.com/isl/bukhari/bh3/bh3_484.html]
[sacred-texts.com/isl/bukhari/bh3/bh3_485.html]
[sacred-texts.com/isl/bukhari/bh3/bh3_486.html]
[sacred-texts.com/isl/bukhari/bh3/bh3_487.html]
[sacred-texts.com/isl/bukhari/bh3/bh3_488.html]
[sacred-texts.com/isl/bukhari/bh3/bh3_489.html]
[sacred-texts.com/isl/bukhari/bh3/bh3_490.html]
[sacred-texts.com/isl/bukhari/bh3/bh3_491.html]
[sacred-texts.com/isl/bukhari/bh3/bh3_492.html]
[sacred-texts.com/isl/bukhari/bh3/bh3_493.html]
[sacred-texts.com/isl/bukhari/bh3/bh3_494.html]
[sacred-texts.com/isl/bukhari/bh3/bh3_495.html]
[sacred-texts.com/isl/bukhari/bh3/bh3_496.html]
[sacred-texts.com/isl/bukhari/bh3/bh3_497.html]
[sacred-texts.com/isl/bukhari/bh3/bh3_498.html]
[sacred-texts.com/isl/bukhari/bh3/bh3_499.html]
[sacred-texts.com/isl/bukhari/bh3/bh3_500.html]
[sacred-texts.com/isl/bukhari/bh3/bh3_501.html]
[sacred-texts.com/isl/bukhari/bh3/bh3_502.html]
[sacred-texts.com/isl/bukhari/bh3/bh3_503.html]
[sacred-texts.com/isl/bukhari/bh3/bh3_504.html]
[sacred-texts.com/isl/bukhari/bh3/bh3_505.html]
[sacred-texts.com/isl/bukhari/bh3/bh3_506.html]
[sacred-texts.com/isl/bukhari/bh3/bh3_507.html]
[sacred-texts.com/isl/bukhari/bh3/bh3_508.html]
[sacred-texts.com/isl/bukhari/bh3/bh3_509.html]
[sacred-texts.com/isl/bukhari/bh3/bh3_510.html]
[sacred-texts.com/isl/bukhari/bh3/bh3_511.html]
[sacred-texts.com/isl/bukhari/bh3/bh3_512.html]
[sacred-texts.com/isl/bukhari/bh3/bh3_513.html]
[sacred-texts.com/isl/bukhari/bh3/bh3_514.html]
[sacred-texts.com/isl/bukhari/bh3/bh3_515.html]
[sacred-texts.com/isl/bukhari/bh3/bh3_516.html]
[sacred-texts.com/isl/bukhari/bh3/bh3_517.html]
[sacred-texts.com/isl/bukhari/bh3/bh3_518.html]
[sacred-texts.com/isl/bukhari/bh3/bh3_519.html]
[sacred-texts.com/isl/bukhari/bh3/bh3_520.html]
[sacred-texts.com/isl/bukhari/bh3/bh3_521.html]
[sacred-texts.com/isl/bukhari/bh3/bh3_522.html]
[sacred-texts.com/isl/bukhari/bh3/bh3_523.html]
[sacred-texts.com/isl/bukhari/bh3/bh3_524.html]
[sacred-texts.com/isl/bukhari/bh3/bh3_525.html]
[sacred-texts.com/isl/bukhari/bh3/bh3_526.html]
[sacred-texts.com/isl/bukhari/bh3/bh3_527.html]
[sacred-texts.com/isl/bukhari/bh3/bh3_528.html]
[sacred-texts.com/isl/bukhari/bh3/bh3_529.html]
[sacred-texts.com/isl/bukhari/bh3/bh3_530.html]
[sacred-texts.com/isl/bukhari/bh3/bh3_531.html]
[sacred-texts.com/isl/bukhari/bh3/bh3_532.html]
[sacred-texts.com/isl/bukhari/bh3/bh3_533.html]
[sacred-texts.com/isl/bukhari/bh3/bh3_534.html]
[sacred-texts.com/isl/bukhari/bh3/bh3_535.html]
[sacred-texts.com/isl/bukhari/bh3/bh3_536.html]
[sacred-texts.com/isl/bukhari/bh3/bh3_537.html]
[sacred-texts.com/isl/bukhari/bh3/bh3_538.html]
[sacred-texts.com/isl/bukhari/bh3/bh3_539.html]
[sacred-texts.com/isl/bukhari/bh3/bh3_540.html]
[sacred-texts.com/isl/bukhari/bh3/bh3_541.html]
[sacred-texts.com/isl/bukhari/bh3/bh3_542.html]
[sacred-texts.com/isl/bukhari/bh3/bh3_543.html]
[sacred-texts.com/isl/bukhari/bh3/bh3_544.html]
[sacred-texts.com/isl/bukhari/bh3/bh3_545.html]
[sacred-texts.com/isl/bukhari/bh3/bh3_546.html]
[sacred-texts.com/isl/bukhari/bh3/bh3_547.html]
[sacred-texts.com/isl/bukhari/bh3/bh3_548.html]
[sacred-texts.com/isl/bukhari/bh3/bh3_549.html]
[sacred-texts.com/isl/bukhari/bh3/bh3_550.html]
[sacred-texts.com/isl/bukhari/bh3/bh3_551.html]
[sacred-texts.com/isl/bukhari/bh3/bh3_552.html]
[sacred-texts.com/isl/bukhari/bh3/bh3_553.html]
[sacred-texts.com/isl/bukhari/bh3/bh3_554.html]
[sacred-texts.com/isl/bukhari/bh3/bh3_555.html]
[sacred-texts.com/isl/bukhari/bh3/bh3_556.html]
[sacred-texts.com/isl/bukhari/bh3/bh3_557.html]
[sacred-texts.com/isl/bukhari/bh3/bh3_558.html]
[sacred-texts.com/isl/bukhari/bh3/bh3_559.html]
[sacred-texts.com/isl/bukhari/bh3/bh3_560.html]
[sacred-texts.com/isl/bukhari/bh3/bh3_561.html]
[sacred-texts.com/isl/bukhari/bh3/bh3_562.html]
[sacred-texts.com/isl/bukhari/bh3/bh3_563.html]
[sacred-texts.com/isl/bukhari/bh3/bh3_564.html]
[sacred-texts.com/isl/bukhari/bh3/bh3_565.html]
[sacred-texts.com/isl/bukhari/bh3/bh3_566.html]
[sacred-texts.com/isl/bukhari/bh3/bh3_567.html]
[sacred-texts.com/isl/bukhari/bh3/bh3_568.html]
[sacred-texts.com/isl/bukhari/bh3/bh3_569.html]
[sacred-texts.com/isl/bukhari/bh3/bh3_570.html]
[sacred-texts.com/isl/bukhari/bh3/bh3_571.html]
[sacred-texts.com/isl/bukhari/bh3/bh3_572.html]
[sacred-texts.com/isl/bukhari/bh3/bh3_573.html]
[sacred-texts.com/isl/bukhari/bh3/bh3_574.html]
[sacred-texts.com/isl/bukhari/bh3/bh3_575.html]
[sacred-texts.com/isl/bukhari/bh3/bh3_576.html]
[sacred-texts.com/isl/bukhari/bh3/bh3_577.html]
[sacred-texts.com/isl/bukhari/bh3/bh3_578.html]
[sacred-texts.com/isl/bukhari/bh3/bh3_579.html]
[sacred-texts.com/isl/bukhari/bh3/bh3_580.html]
[sacred-texts.com/isl/bukhari/bh3/bh3_581.html]
[sacred-texts.com/isl/bukhari/bh3/bh3_582.html]
[sacred-texts.com/isl/bukhari/bh3/bh3_583.html]
[sacred-texts.com/isl/bukhari/bh3/bh3_584.html]
[sacred-texts.com/isl/bukhari/bh3/bh3_585.html]
[sacred-texts.com/isl/bukhari/bh3/bh3_586.html]
[sacred-texts.com/isl/bukhari/bh3/bh3_587.html]
[sacred-texts.com/isl/bukhari/bh3/bh3_588.html]
[sacred-texts.com/isl/bukhari/bh3/bh3_589.html]
[sacred-texts.com/isl/bukhari/bh3/bh3_590.html]
[sacred-texts.com/isl/bukhari/bh3/bh3_591.html]
[sacred-texts.com/isl/bukhari/bh3/bh3_592.html]
[sacred-texts.com/isl/bukhari/bh3/bh3_593.html]
[sacred-texts.com/isl/bukhari/bh3/bh3_594.html]
[sacred-texts.com/isl/bukhari/bh3/bh3_595.html]
[sacred-texts.com/isl/bukhari/bh3/bh3_596.html]
[sacred-texts.com/isl/bukhari/bh3/bh3_597.html]
[sacred-texts.com/isl/bukhari/bh3/bh3_598.html]
[sacred-texts.com/isl/bukhari/bh3/bh3_599.html]
[sacred-texts.com/isl/bukhari/bh3/bh3_600.html]
[sacred-texts.com/isl/bukhari/bh3/bh3_601.html]
[sacred-texts.com/isl/bukhari/bh3/bh3_602.html]
[sacred-texts.com/isl/bukhari/bh3/bh3_603.html]
[sacred-texts.com/isl/bukhari/bh3/bh3_604.html]
[sacred-texts.com/isl/bukhari/bh3/bh3_605.html]
[sacred-texts.com/isl/bukhari/bh3/bh3_606.html]
[sacred-texts.com/isl/bukhari/bh3/bh3_607.html]
[sacred-texts.com/isl/bukhari/bh3/bh3_608.html]
[sacred-texts.com/isl/bukhari/bh3/bh3_609.html]
[sacred-texts.com/isl/bukhari/bh3/bh3_610.html]
[sacred-texts.com/isl/bukhari/bh3/bh3_611.html]
[sacred-texts.com/isl/bukhari/bh3/bh3_612.html]
[sacred-texts.com/isl/bukhari/bh3/bh3_613.html]
[sacred-texts.com/isl/bukhari/bh3/bh3_616.html]
[sacred-texts.com/isl/bukhari/bh3/bh3_617.html]
[sacred-texts.com/isl/bukhari/bh3/bh3_618.html]
[sacred-texts.com/isl/bukhari/bh3/bh3_619.html]
[sacred-texts.com/isl/bukhari/bh3/bh3_620.html]
[sacred-texts.com/isl/bukhari/bh3/bh3_621.html]
[sacred-texts.com/isl/bukhari/bh3/bh3_622.html]
[sacred-texts.com/isl/bukhari/bh3/bh3_623.html]
[sacred-texts.com/isl/bukhari/bh3/bh3_624.html]
[sacred-texts.com/isl/bukhari/bh3/bh3_625.html]
[sacred-texts.com/isl/bukhari/bh3/bh3_626.html]
[sacred-texts.com/isl/bukhari/bh3/bh3_627.html]
[sacred-texts.com/isl/bukhari/bh3/bh3_628.html]
[sacred-texts.com/isl/bukhari/bh3/bh3_629.html]
[sacred-texts.com/isl/bukhari/bh3/bh3_630.html]
[sacred-texts.com/isl/bukhari/bh3/bh3_631.html]
[sacred-texts.com/isl/bukhari/bh3/bh3_632.html]
[sacred-texts.com/isl/bukhari/bh3/bh3_633.html]
[sacred-texts.com/isl/bukhari/bh3/bh3_634.html]
[sacred-texts.com/isl/bukhari/bh3/bh3_635.html]
[sacred-texts.com/isl/bukhari/bh3/bh3_636.html]
[sacred-texts.com/isl/bukhari/bh3/bh3_637.html]
[sacred-texts.com/isl/bukhari/bh3/bh3_638.html]
[sacred-texts.com/isl/bukhari/bh3/bh3_639.html]
[sacred-texts.com/isl/bukhari/bh3/bh3_640.html]
[sacred-texts.com/isl/bukhari/bh3/bh3_641.html]
[sacred-texts.com/isl/bukhari/bh3/bh3_642.html]
[sacred-texts.com/isl/bukhari/bh3/bh3_643.html]
[sacred-texts.com/isl/bukhari/bh3/bh3_644.html]
[sacred-texts.com/isl/bukhari/bh3/bh3_645.html]
[sacred-texts.com/isl/bukhari/bh3/bh3_646.html]
[sacred-texts.com/isl/bukhari/bh3/bh3_647.html]
[sacred-texts.com/isl/bukhari/bh3/bh3_648.html]
[sacred-texts.com/isl/bukhari/bh3/bh3_649.html]
[sacred-texts.com/isl/bukhari/bh3/bh3_650.html]
[sacred-texts.com/isl/bukhari/bh3/bh3_651.html]
[sacred-texts.com/isl/bukhari/bh3/bh3_652.html]
[sacred-texts.com/isl/bukhari/bh3/bh3_653.html]
[sacred-texts.com/isl/bukhari/bh3/bh3_654.html]
[sacred-texts.com/isl/bukhari/bh3/bh3_655.html]
[sacred-texts.com/isl/bukhari/bh3/bh3_656.html]
[sacred-texts.com/isl/bukhari/bh3/bh3_657.html]
[sacred-texts.com/isl/bukhari/bh3/bh3_658.html]
[sacred-texts.com/isl/bukhari/bh3/bh3_659.html]
[sacred-texts.com/isl/bukhari/bh3/bh3_660.html]
[sacred-texts.com/isl/bukhari/bh3/bh3_661.html]
[sacred-texts.com/isl/bukhari/bh3/bh3_662.html]
[sacred-texts.com/isl/bukhari/bh3/bh3_663.html]
[sacred-texts.com/isl/bukhari/bh3/bh3_664.html]
[sacred-texts.com/isl/bukhari/bh3/bh3_665.html]
[sacred-texts.com/isl/bukhari/bh3/bh3_666.html]
[sacred-texts.com/isl/bukhari/bh3/bh3_667.html]
[sacred-texts.com/isl/bukhari/bh3/bh3_668.html]
[sacred-texts.com/isl/bukhari/bh3/bh3_669.html]
[sacred-texts.com/isl/bukhari/bh3/bh3_670.html]
[sacred-texts.com/isl/bukhari/bh3/bh3_671.html]
[sacred-texts.com/isl/bukhari/bh3/bh3_672.html]
[sacred-texts.com/isl/bukhari/bh3/bh3_673.html]
[sacred-texts.com/isl/bukhari/bh3/bh3_674.html]
[sacred-texts.com/isl/bukhari/bh3/bh3_675.html]
[sacred-texts.com/isl/bukhari/bh3/bh3_676.html]
[sacred-texts.com/isl/bukhari/bh3/bh3_677.html]
[sacred-texts.com/isl/bukhari/bh3/bh3_678.html]
[sacred-texts.com/isl/bukhari/bh3/bh3_679.html]
[sacred-texts.com/isl/bukhari/bh3/bh3_680.html]
[sacred-texts.com/isl/bukhari/bh3/bh3_681.html]
[sacred-texts.com/isl/bukhari/bh3/bh3_682.html]
[sacred-texts.com/isl/bukhari/bh3/bh3_683.html]
[sacred-texts.com/isl/bukhari/bh3/bh3_684.html]
[sacred-texts.com/isl/bukhari/bh3/bh3_685.html]
[sacred-texts.com/isl/bukhari/bh3/bh3_686.html]
[sacred-texts.com/isl/bukhari/bh3/bh3_687.html]
[sacred-texts.com/isl/bukhari/bh3/bh3_688.html]
[sacred-texts.com/isl/bukhari/bh3/bh3_689.html]
[sacred-texts.com/isl/bukhari/bh3/bh3_690.html]
[sacred-texts.com/isl/bukhari/bh3/bh3_691.html]
[sacred-texts.com/isl/bukhari/bh3/bh3_692.html]
[sacred-texts.com/isl/bukhari/bh3/bh3_693.html]
[sacred-texts.com/isl/bukhari/bh3/bh3_694.html]
[sacred-texts.com/isl/bukhari/bh3/bh3_695.html]
[sacred-texts.com/isl/bukhari/bh3/bh3_696.html]
[sacred-texts.com/isl/bukhari/bh3/bh3_697.html]
[sacred-texts.com/isl/bukhari/bh3/bh3_698.html]
[sacred-texts.com/isl/bukhari/bh3/bh3_699.html]
[sacred-texts.com/isl/bukhari/bh3/bh3_700.html]
[sacred-texts.com/isl/bukhari/bh3/bh3_701.html]
[sacred-texts.com/isl/bukhari/bh3/bh3_702.html]
[sacred-texts.com/isl/bukhari/bh3/bh3_703.html]
[sacred-texts.com/isl/bukhari/bh3/bh3_704.html]
[sacred-texts.com/isl/bukhari/bh3/bh3_705.html]
[sacred-texts.com/isl/bukhari/bh3/bh3_706.html]
[sacred-texts.com/isl/bukhari/bh3/bh3_707.html]
[sacred-texts.com/isl/bukhari/bh3/bh3_708.html]
[sacred-texts.com/isl/bukhari/bh3/bh3_709.html]
[sacred-texts.com/isl/bukhari/bh3/bh3_710.html]
[sacred-texts.com/isl/bukhari/bh3/bh3_711.html]
[sacred-texts.com/isl/bukhari/bh3/bh3_712.html]
[sacred-texts.com/isl/bukhari/bh3/bh3_713.html]
[sacred-texts.com/isl/bukhari/bh3/bh3_714.html]
[sacred-texts.com/isl/bukhari/bh3/bh3_715.html]
[sacred-texts.com/isl/bukhari/bh3/bh3_716.html]
[sacred-texts.com/isl/bukhari/bh3/bh3_717.html]
[sacred-texts.com/isl/bukhari/bh3/bh3_718.html]
[sacred-texts.com/isl/bukhari/bh3/bh3_719.html]
[sacred-texts.com/isl/bukhari/bh3/bh3_720.html]
[sacred-texts.com/isl/bukhari/bh3/bh3_721.html]
[sacred-texts.com/isl/bukhari/bh3/bh3_722.html]
[sacred-texts.com/isl/bukhari/bh3/bh3_723.html]
[sacred-texts.com/isl/bukhari/bh3/bh3_724.html]
[sacred-texts.com/isl/bukhari/bh3/bh3_725.html]
[sacred-texts.com/isl/bukhari/bh3/bh3_726.html]
[sacred-texts.com/isl/bukhari/bh3/bh3_727.html]
[sacred-texts.com/isl/bukhari/bh3/bh3_728.html]
[sacred-texts.com/isl/bukhari/bh3/bh3_729.html]
[sacred-texts.com/isl/bukhari/bh3/bh3_730.html]
[sacred-texts.com/isl/bukhari/bh3/bh3_731.html]
[sacred-texts.com/isl/bukhari/bh3/bh3_732.html]
[sacred-texts.com/isl/bukhari/bh3/bh3_733.html]
[sacred-texts.com/isl/bukhari/bh3/bh3_734.html]
[sacred-texts.com/isl/bukhari/bh3/bh3_735.html]
[sacred-texts.com/isl/bukhari/bh3/bh3_736.html]
[sacred-texts.com/isl/bukhari/bh3/bh3_737.html]
[sacred-texts.com/isl/bukhari/bh3/bh3_738.html]
[sacred-texts.com/isl/bukhari/bh3/bh3_739.html]
[sacred-texts.com/isl/bukhari/bh3/bh3_740.html]
[sacred-texts.com/isl/bukhari/bh3/bh3_741.html]
[sacred-texts.com/isl/bukhari/bh3/bh3_742.html]
[sacred-texts.com/isl/bukhari/bh3/bh3_743.html]
[sacred-texts.com/isl/bukhari/bh3/bh3_744.html]
[sacred-texts.com/isl/bukhari/bh3/bh3_745.html]
[sacred-texts.com/isl/bukhari/bh3/bh3_746.html]
[sacred-texts.com/isl/bukhari/bh3/bh3_747.html]
[sacred-texts.com/isl/bukhari/bh3/bh3_748.html]
[sacred-texts.com/isl/bukhari/bh3/bh3_749.html]
[sacred-texts.com/isl/bukhari/bh3/bh3_750.html]
[sacred-texts.com/isl/bukhari/bh3/bh3_751.html]
[sacred-texts.com/isl/bukhari/bh3/bh3_752.html]
[sacred-texts.com/isl/bukhari/bh3/bh3_753.html]
[sacred-texts.com/isl/bukhari/bh3/bh3_754.html]
[sacred-texts.com/isl/bukhari/bh3/bh3_755.html]
[sacred-texts.com/isl/bukhari/bh3/bh3_756.html]
[sacred-texts.com/isl/bukhari/bh3/bh3_757.html]
[sacred-texts.com/isl/bukhari/bh3/bh3_758.html]
[sacred-texts.com/isl/bukhari/bh3/bh3_759.html]
[sacred-texts.com/isl/bukhari/bh3/bh3_760.html]
[sacred-texts.com/isl/bukhari/bh3/bh3_761.html]
[sacred-texts.com/isl/bukhari/bh3/bh3_762.html]
[sacred-texts.com/isl/bukhari/bh3/bh3_763.html]
[sacred-texts.com/isl/bukhari/bh3/bh3_764.html]
[sacred-texts.com/isl/bukhari/bh3/bh3_765.html]
[sacred-texts.com/isl/bukhari/bh3/bh3_766.html]
[sacred-texts.com/isl/bukhari/bh3/bh3_767.html]
[sacred-texts.com/isl/bukhari/bh3/bh3_768.html]
[sacred-texts.com/isl/bukhari/bh3/bh3_769.html]
[sacred-texts.com/isl/bukhari/bh3/bh3_770.html]
[sacred-texts.com/isl/bukhari/bh3/bh3_771.html]
[sacred-texts.com/isl/bukhari/bh3/bh3_772.html]
[sacred-texts.com/isl/bukhari/bh3/bh3_773.html]
[sacred-texts.com/isl/bukhari/bh3/bh3_774.html]
[sacred-texts.com/isl/bukhari/bh3/bh3_775.html]
[sacred-texts.com/isl/bukhari/bh3/bh3_776.html]
[sacred-texts.com/isl/bukhari/bh3/bh3_777.html]
[sacred-texts.com/isl/bukhari/bh3/bh3_778.html]
[sacred-texts.com/isl/bukhari/bh3/bh3_779.html]
[sacred-texts.com/isl/bukhari/bh3/bh3_780.html]
[sacred-texts.com/isl/bukhari/bh3/bh3_781.html]
[sacred-texts.com/isl/bukhari/bh3/bh3_782.html]
[sacred-texts.com/isl/bukhari/bh3/bh3_783.html]
[sacred-texts.com/isl/bukhari/bh3/bh3_784.html]
[sacred-texts.com/isl/bukhari/bh3/bh3_785.html]
[sacred-texts.com/isl/bukhari/bh3/bh3_786.html]
[sacred-texts.com/isl/bukhari/bh3/bh3_787.html]
[sacred-texts.com/isl/bukhari/bh3/bh3_788.html]
[sacred-texts.com/isl/bukhari/bh3/bh3_789.html]
[sacred-texts.com/isl/bukhari/bh3/bh3_790.html]
[sacred-texts.com/isl/bukhari/bh3/bh3_791.html]
[sacred-texts.com/isl/bukhari/bh3/bh3_792.html]
[sacred-texts.com/isl/bukhari/bh3/bh3_793.html]
[sacred-texts.com/isl/bukhari/bh3/bh3_794.html]
[sacred-texts.com/isl/bukhari/bh3/bh3_795.html]
[sacred-texts.com/isl/bukhari/bh3/bh3_796.html]
[sacred-texts.com/isl/bukhari/bh3/bh3_797.html]
[sacred-texts.com/isl/bukhari/bh3/bh3_798.html]
[sacred-texts.com/isl/bukhari/bh3/bh3_799.html]
[sacred-texts.com/isl/bukhari/bh3/bh3_800.html]
[sacred-texts.com/isl/bukhari/bh3/bh3_801.html]
[sacred-texts.com/isl/bukhari/bh3/bh3_802.html]
[sacred-texts.com/isl/bukhari/bh3/bh3_803.html]
[sacred-texts.com/isl/bukhari/bh3/bh3_804.html]
[sacred-texts.com/isl/bukhari/bh3/bh3_805.html]
[sacred-texts.com/isl/bukhari/bh3/bh3_806.html]
[sacred-texts.com/isl/bukhari/bh3/bh3_807.html]
[sacred-texts.com/isl/bukhari/bh3/bh3_808.html]
[sacred-texts.com/isl/bukhari/bh3/bh3_809.html]
[sacred-texts.com/isl/bukhari/bh3/bh3_810.html]
[sacred-texts.com/isl/bukhari/bh3/bh3_811.html]
[sacred-texts.com/isl/bukhari/bh3/bh3_812.html]
[sacred-texts.com/isl/bukhari/bh3/bh3_813.html]
[sacred-texts.com/isl/bukhari/bh3/bh3_814.html]
[sacred-texts.com/isl/bukhari/bh3/bh3_815.html]
[sacred-texts.com/isl/bukhari/bh3/bh3_816.html]
[sacred-texts.com/isl/bukhari/bh3/bh3_817.html]
[sacred-texts.com/isl/bukhari/bh3/bh3_818.html]
[sacred-texts.com/isl/bukhari/bh3/bh3_819.html]
[sacred-texts.com/isl/bukhari/bh3/bh3_820.html]
[sacred-texts.com/isl/bukhari/bh3/bh3_821.html]
[sacred-texts.com/isl/bukhari/bh3/bh3_822.html]
[sacred-texts.com/isl/bukhari/bh3/bh3_823.html]
[sacred-texts.com/isl/bukhari/bh3/bh3_824.html]
[sacred-texts.com/isl/bukhari/bh3/bh3_825.html]
[sacred-texts.com/isl/bukhari/bh3/bh3_826.html]
[sacred-texts.com/isl/bukhari/bh3/bh3_827.html]
[sacred-texts.com/isl/bukhari/bh3/bh3_828.html]
[sacred-texts.com/isl/bukhari/bh3/bh3_829.html]
[sacred-texts.com/isl/bukhari/bh3/bh3_830.html]
[sacred-texts.com/isl/bukhari/bh3/bh3_831.html]
[sacred-texts.com/isl/bukhari/bh3/bh3_832.html]
[sacred-texts.com/isl/bukhari/bh3/bh3_833.html]
[sacred-texts.com/isl/bukhari/bh3/bh3_834.html]
[sacred-texts.com/isl/bukhari/bh3/bh3_835.html]
[sacred-texts.com/isl/bukhari/bh3/bh3_836.html]
[sacred-texts.com/isl/bukhari/bh3/bh3_837.html]
[sacred-texts.com/isl/bukhari/bh3/bh3_838.html]
[sacred-texts.com/isl/bukhari/bh3/bh3_839.html]
[sacred-texts.com/isl/bukhari/bh3/bh3_840.html]
[sacred-texts.com/isl/bukhari/bh3/bh3_841.html]
[sacred-texts.com/isl/bukhari/bh3/bh3_842.html]
[sacred-texts.com/isl/bukhari/bh3/bh3_843.html]
[sacred-texts.com/isl/bukhari/bh3/bh3_844.html]
[sacred-texts.com/isl/bukhari/bh3/bh3_845.html]
[sacred-texts.com/isl/bukhari/bh3/bh3_846.html]
[sacred-texts.com/isl/bukhari/bh3/bh3_847.html]
[sacred-texts.com/isl/bukhari/bh3/bh3_848.html]
[sacred-texts.com/isl/bukhari/bh3/bh3_849.html]
[sacred-texts.com/isl/bukhari/bh3/bh3_850.html]
[sacred-texts.com/isl/bukhari/bh3/bh3_851.html]
[sacred-texts.com/isl/bukhari/bh3/bh3_852.html]
[sacred-texts.com/isl/bukhari/bh3/bh3_853.html]
[sacred-texts.com/isl/bukhari/bh3/bh3_854.html]
[sacred-texts.com/isl/bukhari/bh3/bh3_855.html]
[sacred-texts.com/isl/bukhari/bh3/bh3_856.html]
[sacred-texts.com/isl/bukhari/bh3/bh3_857.html]
[sacred-texts.com/isl/bukhari/bh3/bh3_858.html]
[sacred-texts.com/isl/bukhari/bh3/bh3_859.html]
[sacred-texts.com/isl/bukhari/bh3/bh3_860.html]
[sacred-texts.com/isl/bukhari/bh3/bh3_861.html]
[sacred-texts.com/isl/bukhari/bh3/bh3_862.html]
[sacred-texts.com/isl/bukhari/bh3/bh3_863.html]
[sacred-texts.com/isl/bukhari/bh3/bh3_864.html]
[sacred-texts.com/isl/bukhari/bh3/bh3_865.html]
[sacred-texts.com/isl/bukhari/bh3/bh3_866.html]
[sacred-texts.com/isl/bukhari/bh3/bh3_867.html]
[sacred-texts.com/isl/bukhari/bh3/bh3_868.html]
[sacred-texts.com/isl/bukhari/bh3/bh3_869.html]
[sacred-texts.com/isl/bukhari/bh3/bh3_870.html]
[sacred-texts.com/isl/bukhari/bh3/bh3_871.html]
[sacred-texts.com/isl/bukhari/bh3/bh3_872.html]
[sacred-texts.com/isl/bukhari/bh3/bh3_873.html]
[sacred-texts.com/isl/bukhari/bh3/bh3_874.html]
[sacred-texts.com/isl/bukhari/bh3/bh3_875.html]
[sacred-texts.com/isl/bukhari/bh3/bh3_876.html]
[sacred-texts.com/isl/bukhari/bh3/bh3_877.html]
[sacred-texts.com/isl/bukhari/bh3/bh3_878.html]
[sacred-texts.com/isl/bukhari/bh3/bh3_879.html]
[sacred-texts.com/isl/bukhari/bh3/bh3_880.html]
[sacred-texts.com/isl/bukhari/bh3/bh3_881.html]
[sacred-texts.com/isl/bukhari/bh3/bh3_882.html]
[sacred-texts.com/isl/bukhari/bh3/bh3_883.html]
[sacred-texts.com/isl/bukhari/bh3/bh3_884.html]
[sacred-texts.com/isl/bukhari/bh3/bh3_885.html]
[sacred-texts.com/isl/bukhari/bh3/bh3_886.html]
[sacred-texts.com/isl/bukhari/bh3/bh3_887.html]
[sacred-texts.com/isl/bukhari/bh3/bh3_888.html]
[sacred-texts.com/isl/bukhari/bh3/bh3_889.html]
[sacred-texts.com/isl/bukhari/bh3/bh3_890.html]
[sacred-texts.com/isl/bukhari/bh3/bh3_891.html]
[sacred-texts.com/isl/bukhari/bh3/bh3_892.html]
[sacred-texts.com/isl/bukhari/bh3/bh3_893.html]
[sacred-texts.com/isl/bukhari/bh3/bh3_894.html]
[sacred-texts.com/isl/bukhari/bh3/index.html]
[sacred-texts.com/isl/bukhari/bh4/bh4_00.html]
[sacred-texts.com/isl/bukhari/bh4/bh4_01.html]
[sacred-texts.com/isl/bukhari/bh4/bh4_02.html]
[sacred-texts.com/isl/bukhari/bh4/bh4_03.html]
[sacred-texts.com/isl/bukhari/bh4/bh4_04.html]
[sacred-texts.com/isl/bukhari/bh4/bh4_05.html]
[sacred-texts.com/isl/bukhari/bh4/bh4_06.html]
[sacred-texts.com/isl/bukhari/bh4/bh4_07.html]
[sacred-texts.com/isl/bukhari/bh4/bh4_08.html]
[sacred-texts.com/isl/bukhari/bh4/bh4_09.html]
[sacred-texts.com/isl/bukhari/bh4/bh4_10.html]
[sacred-texts.com/isl/bukhari/bh4/bh4_11.html]
[sacred-texts.com/isl/bukhari/bh4/bh4_12.html]
[sacred-texts.com/isl/bukhari/bh4/bh4_13.html]
[sacred-texts.com/isl/bukhari/bh4/bh4_14.html]
[sacred-texts.com/isl/bukhari/bh4/bh4_15.html]
[sacred-texts.com/isl/bukhari/bh4/bh4_16.html]
[sacred-texts.com/isl/bukhari/bh4/bh4_17.html]
[sacred-texts.com/isl/bukhari/bh4/bh4_18.html]
[sacred-texts.com/isl/bukhari/bh4/bh4_19.html]
[sacred-texts.com/isl/bukhari/bh4/bh4_20.html]
[sacred-texts.com/isl/bukhari/bh4/bh4_21.html]
[sacred-texts.com/isl/bukhari/bh4/bh4_22.html]
[sacred-texts.com/isl/bukhari/bh4/bh4_23.html]
[sacred-texts.com/isl/bukhari/bh4/bh4_24.html]
[sacred-texts.com/isl/bukhari/bh4/bh4_25.html]
[sacred-texts.com/isl/bukhari/bh4/bh4_26.html]
[sacred-texts.com/isl/bukhari/bh4/bh4_27.html]
[sacred-texts.com/isl/bukhari/bh4/bh4_28.html]
[sacred-texts.com/isl/bukhari/bh4/bh4_29.html]
[sacred-texts.com/isl/bukhari/bh4/bh4_30.html]
[sacred-texts.com/isl/bukhari/bh4/bh4_31.html]
[sacred-texts.com/isl/bukhari/bh4/bh4_32.html]
[sacred-texts.com/isl/bukhari/bh4/bh4_33.html]
[sacred-texts.com/isl/bukhari/bh4/bh4_34.html]
[sacred-texts.com/isl/bukhari/bh4/index.html]
[sacred-texts.com/isl/bus/bus00.html]
[sacred-texts.com/isl/omy/omy00.html]
[sacred-texts.com/isl/omy/pageidx.html]
[sacred-texts.com/isl/omy/omy15.html]
[sacred-texts.com/isl/omy/omy01.html]
[sacred-texts.com/isl/omy/omy02.html]
[sacred-texts.com/isl/omy/omy03.html]
[sacred-texts.com/isl/omy/omy04.html]
[sacred-texts.com/isl/omy/omy05.html]
[sacred-texts.com/isl/omy/omy06.html]
[sacred-texts.com/isl/omy/omy07.html]
[sacred-texts.com/isl/omy/omy08.html]
[sacred-texts.com/isl/omy/omy09.html]
[sacred-texts.com/isl/omy/omy10.html]
[sacred-texts.com/isl/omy/omy11.html]
[sacred-texts.com/isl/omy/omy12.html]
[sacred-texts.com/isl/omy/omy13.html]
[sacred-texts.com/isl/omy/omy14.html]
[sacred-texts.com/isl/omy/omy16.html]
[sacred-texts.com/isl/omy/omy17.html]
[sacred-texts.com/isl/omy/omy18.html]
[sacred-texts.com/isl/omy/omy19.html]
[sacred-texts.com/isl/omy/omy20.html]
[sacred-texts.com/isl/omy/omy21.html]
[sacred-texts.com/isl/omy/omy22.html]
[sacred-texts.com/isl/omy/omy23.html]
[sacred-texts.com/isl/omy/omy24.html]
[sacred-texts.com/isl/spa/spa00.html]
[sacred-texts.com/isl/spa/pageidx.html]
[sacred-texts.com/isl/spa/spa01.html]
[sacred-texts.com/isl/spa/spa02.html]
[sacred-texts.com/isl/spa/spa03.html]
[sacred-texts.com/isl/spa/spa04.html]
[sacred-texts.com/isl/spa/spa05.html]
[sacred-texts.com/isl/spa/spa06.html]
[sacred-texts.com/isl/spa/spa07.html]
[sacred-texts.com/isl/spa/spa08.html]
[sacred-texts.com/isl/spa/spa09.html]
[sacred-texts.com/isl/spa/spa10.html]
[sacred-texts.com/isl/spa/spa11.html]
[sacred-texts.com/isl/spa/spa12.html]
[sacred-texts.com/isl/spa/spa13.html]
[sacred-texts.com/isl/spa/spa14.html]
[sacred-texts.com/isl/spa/spa15.html]
[sacred-texts.com/isl/spa/spa16.html]
[sacred-texts.com/isl/spa/spa17.html]
[sacred-texts.com/isl/spa/spa18.html]
[sacred-texts.com/isl/spa/spa19.html]
[sacred-texts.com/isl/spa/spa20.html]
[sacred-texts.com/isl/spa/spa21.html]
[sacred-texts.com/isl/spa/errata.html]
[sacred-texts.com/isl/kas/kas00.html]
[sacred-texts.com/isl/kas/kas01.html]
[sacred-texts.com/isl/kas/kas02.html]
[sacred-texts.com/isl/kas/kas03.html]
[sacred-texts.com/isl/kas/kas04.html]
[sacred-texts.com/isl/kas/kas05.html]
[sacred-texts.com/isl/kas/kas06.html]
[sacred-texts.com/isl/kas/kas07.html]
[sacred-texts.com/isl/kas/kas08.html]
[sacred-texts.com/isl/kas/kas09.html]
[sacred-texts.com/isl/kas/kas10.html]
[sacred-texts.com/isl/kas/kas11.html]
[sacred-texts.com/isl/kas/kas12.html]
[sacred-texts.com/isl/kas/kas13.html]
[sacred-texts.com/isl/kas/kas14.html]
[sacred-texts.com/isl/mes/mes00.html]
[sacred-texts.com/isl/mes/pageidx.html]
[sacred-texts.com/isl/mes/mes01.html]
[sacred-texts.com/isl/mes/mes02.html]
[sacred-texts.com/isl/bukhari/bh4/bh4_35.html]
[sacred-texts.com/isl/mes/mes03.html]
[sacred-texts.com/isl/mes/mes04.html]
[sacred-texts.com/isl/mes/mes05.html]
[sacred-texts.com/isl/mes/mes06.html]
[sacred-texts.com/isl/mes/mes07.html]
[sacred-texts.com/isl/mes/mes08.html]
[sacred-texts.com/isl/mes/mes09.html]
[sacred-texts.com/isl/mes/mes10.html]
[sacred-texts.com/isl/mes/mes11.html]
[sacred-texts.com/isl/mes/mes12.html]
[sacred-texts.com/isl/mes/mes13.html]
[sacred-texts.com/isl/mes/mes14.html]
[sacred-texts.com/isl/mes/mes15.html]
[sacred-texts.com/isl/mes/mes16.html]
[sacred-texts.com/isl/mes/mes17.html]
[sacred-texts.com/isl/mes/mes18.html]
[sacred-texts.com/isl/mes/mes19.html]
[sacred-texts.com/isl/mes/mes20.html]
[sacred-texts.com/isl/mes/mes21.html]
[sacred-texts.com/isl/mes/mes22.html]
[sacred-texts.com/isl/mes/mes23.html]
[sacred-texts.com/isl/mes/mes24.html]
[sacred-texts.com/isl/mes/mes25.html]
[sacred-texts.com/isl/mes/mes26.html]
[sacred-texts.com/isl/mes/mes27.html]
[sacred-texts.com/isl/mes/mes28.html]
[sacred-texts.com/isl/mes/mes29.html]
[sacred-texts.com/isl/mes/mes30.html]
[sacred-texts.com/isl/mes/mes31.html]
[sacred-texts.com/isl/mes/mes32.html]
[sacred-texts.com/isl/mes/errata.html]
[sacred-texts.com/isl/bp/bp00.html]
[sacred-texts.com/isl/bp/bp01.html]
[sacred-texts.com/isl/bukhari/bh1/bh1_00.html]
[sacred-texts.com/isl/pdh/pdh00.html]
[sacred-texts.com/isl/pdh/pdh01.html]
[sacred-texts.com/isl/pdh/pdh02.html]
[sacred-texts.com/isl/pdh/pdh03.html]
[sacred-texts.com/isl/pdh/pdh04.html]
[sacred-texts.com/isl/pdh/pdh05.html]
[sacred-texts.com/isl/pdh/pdh06.html]
[sacred-texts.com/isl/pdh/pdh07.html]
[sacred-texts.com/isl/pdh/pdh08.html]
[sacred-texts.com/isl/pdh/pdh09.html]
[sacred-texts.com/isl/pdh/pdh10.html]
[sacred-texts.com/isl/pdh/pdh11.html]
[sacred-texts.com/isl/pdh/pdh12.html]
[sacred-texts.com/isl/pdh/pdh13.html]
[sacred-texts.com/isl/pdh/pdh14.html]
[sacred-texts.com/isl/pdh/pdh15.html]
[sacred-texts.com/isl/pdh/pdh16.html]
[sacred-texts.com/isl/pdh/pdh17.html]
[sacred-texts.com/isl/pdh/pdh18.html]
[sacred-texts.com/isl/pdh/pdh19.html]
[sacred-texts.com/isl/pdh/pdh20.html]
[sacred-texts.com/isl/pdh/pdh21.html]
[sacred-texts.com/isl/pdh/pdh22.html]
[sacred-texts.com/isl/pdh/pdh23.html]
[sacred-texts.com/isl/pdh/pdh24.html]
[sacred-texts.com/isl/pdh/pdh25.html]
[sacred-texts.com/isl/pdh/pdh26.html]
[sacred-texts.com/isl/pdh/pdh27.html]
[sacred-texts.com/isl/pdh/pdh28.html]
[sacred-texts.com/isl/pdh/pdh29.html]
[sacred-texts.com/isl/pdh/pdh30.html]
[sacred-texts.com/isl/pdh/pdh31.html]
[sacred-texts.com/isl/pdh/pdh32.html]
[sacred-texts.com/isl/pdh/pdh33.html]
[sacred-texts.com/isl/pdh/pdh34.html]
[sacred-texts.com/isl/pdh/pdh35.html]
[sacred-texts.com/isl/pdh/pdh36.html]
[sacred-texts.com/isl/pdh/pdh37.html]
[sacred-texts.com/isl/pdh/pdh38.html]
[sacred-texts.com/isl/pdh/pdh39.html]
[sacred-texts.com/isl/pdh/pdh40.html]
[sacred-texts.com/isl/pdh/pdh41.html]
[sacred-texts.com/isl/pdh/pdh42.html]
[sacred-texts.com/isl/pdh/pdh43.html]
[sacred-texts.com/isl/pdh/pdh44.html]
[sacred-texts.com/isl/pdh/pdh45.html]
[sacred-texts.com/isl/pdh/pdh46.html]
[sacred-texts.com/isl/pdh/pdh47.html]
[sacred-texts.com/isl/pdh/pdh48.html]
[sacred-texts.com/isl/pdh/pdh49.html]
[sacred-texts.com/isl/pdh/pdh50.html]
[sacred-texts.com/isl/pdh/pdh51.html]
[sacred-texts.com/isl/pdh/pdh52.html]
[sacred-texts.com/isl/pdh/pdh53.html]
[sacred-texts.com/isl/pdh/pdh54.html]
[sacred-texts.com/isl/pdh/pdh55.html]
[sacred-texts.com/isl/pdh/pdh56.html]
[sacred-texts.com/isl/pdh/pdh57.html]
[sacred-texts.com/isl/pdh/pdh58.html]
[sacred-texts.com/isl/pdh/pdh59.html]
[sacred-texts.com/isl/pdh/pdh60.html]
[sacred-texts.com/isl/pdh/pdh61.html]
[sacred-texts.com/isl/pdh/pdh62.html]
[sacred-texts.com/isl/pdh/pdh63.html]
[sacred-texts.com/isl/pdh/pdh64.html]
[sacred-texts.com/isl/pdh/pdh65.html]
[sacred-texts.com/isl/pdh/pdh66.html]
[sacred-texts.com/isl/pdh/pdh67.html]
[sacred-texts.com/isl/pdh/pdh68.html]
[sacred-texts.com/isl/pdh/pdh69.html]
[sacred-texts.com/isl/pdh/pdh70.html]
[sacred-texts.com/isl/pdh/pdh71.html]
[sacred-texts.com/isl/pdh/pdh72.html]
[sacred-texts.com/isl/pdh/pdh73.html]
[sacred-texts.com/isl/pdh/pdh74.html]
[sacred-texts.com/isl/pdh/pdh75.html]
[sacred-texts.com/isl/pdh/pdh76.html]
[sacred-texts.com/isl/pdh/pdh77.html]
[sacred-texts.com/isl/pdh/pdh78.html]
[sacred-texts.com/isl/pdh/pdh79.html]
[sacred-texts.com/isl/palmer.html]
[sacred-texts.com/isl/masnavi/msn01.html]
[sacred-texts.com/isl/masnavi/msn02.html]
[sacred-texts.com/isl/masnavi/msn03.html]
[sacred-texts.com/isl/masnavi/msn04.html]
[sacred-texts.com/isl/masnavi/msn05.html]
[sacred-texts.com/isl/masnavi/msn06.html]
[sacred-texts.com/isl/saab/saab00.html]
[sacred-texts.com/isl/saab/pageidx.html]
[sacred-texts.com/isl/saab/saab01.html]
[sacred-texts.com/isl/saab/saab02.html]
[sacred-texts.com/isl/saab/saab03.html]
[sacred-texts.com/isl/saab/saab04.html]
[sacred-texts.com/isl/saab/saab05.html]
[sacred-texts.com/isl/saab/saab06.html]
[sacred-texts.com/isl/saab/saab07.html]
[sacred-texts.com/isl/saab/saab08.html]
[sacred-texts.com/isl/saab/saab09.html]
[sacred-texts.com/isl/saab/saab10.html]
[sacred-texts.com/isl/saab/saab11.html]
[sacred-texts.com/isl/saab/saab12.html]
[sacred-texts.com/isl/saab/saab13.html]
[sacred-texts.com/isl/saab/saab14.html]
[sacred-texts.com/isl/saab/saab15.html]
[sacred-texts.com/isl/saab/saab16.html]
[sacred-texts.com/isl/saab/saab17.html]
[sacred-texts.com/isl/saab/saab18.html]
[sacred-texts.com/isl/saab/saab19.html]
[sacred-texts.com/isl/saab/saab20.html]
[sacred-texts.com/isl/saab/saab21.html]
[sacred-texts.com/isl/saab/saab22.html]
[sacred-texts.com/isl/saab/saab23.html]
[sacred-texts.com/isl/saab/saab24.html]
[sacred-texts.com/isl/saab/saab25.html]
[sacred-texts.com/isl/saab/saab26.html]
[sacred-texts.com/isl/saab/saab27.html]
[sacred-texts.com/isl/saab/saab28.html]
[sacred-texts.com/isl/saab/saab29.html]
[sacred-texts.com/isl/saab/saab30.html]
[sacred-texts.com/isl/saab/saab31.html]
[sacred-texts.com/isl/saab/saab32.html]
[sacred-texts.com/isl/saab/saab33.html]
[sacred-texts.com/isl/saab/saab34.html]
[sacred-texts.com/isl/rok/rok21.html]
[sacred-texts.com/isl/ssw/ssw00.html]
[sacred-texts.com/isl/ssw/pageidx.html]
[sacred-texts.com/isl/ssw/ssw01.html]
[sacred-texts.com/isl/ssw/ssw02.html]
[sacred-texts.com/isl/ssw/ssw03.html]
[sacred-texts.com/isl/ssw/ssw04.html]
[sacred-texts.com/isl/ssw/ssw05.html]
[sacred-texts.com/isl/ssw/ssw06.html]
[sacred-texts.com/isl/ssw/ssw07.html]
[sacred-texts.com/isl/ssw/ssw08.html]
[sacred-texts.com/isl/ssw/ssw09.html]
[sacred-texts.com/isl/ssw/ssw10.html]
[sacred-texts.com/isl/ssw/ssw11.html]
[sacred-texts.com/isl/ssw/ssw12.html]
[sacred-texts.com/isl/ssw/ssw13.html]
[sacred-texts.com/isl/ssw/ssw14.html]
[sacred-texts.com/isl/ssw/ssw15.html]
[sacred-texts.com/isl/ssw/ssw16.html]
[sacred-texts.com/isl/ssw/ssw17.html]
[sacred-texts.com/isl/ssw/ssw18.html]
[sacred-texts.com/isl/ssw/ssw19.html]
[sacred-texts.com/isl/ssw/ssw20.html]
[sacred-texts.com/isl/ssw/ssw21.html]
[sacred-texts.com/isl/ssw/ssw22.html]
[sacred-texts.com/isl/ssw/ssw23.html]
[sacred-texts.com/isl/ssw/ssw24.html]
[sacred-texts.com/isl/ssw/ssw25.html]
[sacred-texts.com/isl/ssw/ssw26.html]
[sacred-texts.com/isl/ssw/ssw27.html]
[sacred-texts.com/isl/srg/srg19.html]
[sacred-texts.com/isl/tah/tah00.html]
[sacred-texts.com/isl/tah/tah01.html]
[sacred-texts.com/isl/tah/tah02.html]
[sacred-texts.com/isl/tah/tah03.html]
[sacred-texts.com/isl/tah/tah04.html]
[sacred-texts.com/isl/tah/tah05.html]
[sacred-texts.com/isl/tah/tah06.html]
[sacred-texts.com/isl/tah/tah07.html]
[sacred-texts.com/isl/tah/tah08.html]
[sacred-texts.com/isl/tah/tah09.html]
[sacred-texts.com/isl/tah/tah10.html]
[sacred-texts.com/isl/tah/tah11.html]
[sacred-texts.com/isl/tah/tah12.html]
[sacred-texts.com/isl/taa/taa65.html]
[sacred-texts.com/isl/egt/egt00.html]
[sacred-texts.com/isl/egt/egt01.html]
[sacred-texts.com/isl/egt/egt02.html]
[sacred-texts.com/isl/egt/egt03.html]
[sacred-texts.com/isl/egt/egt04.html]
[sacred-texts.com/isl/egt/egt05.html]
[sacred-texts.com/isl/egt/egt06.html]
[sacred-texts.com/isl/egt/egt07.html]
[sacred-texts.com/isl/egt/egt08.html]
[sacred-texts.com/isl/egt/egt09.html]
[sacred-texts.com/isl/egt/egt10.html]
[sacred-texts.com/isl/egt/egt11.html]
[sacred-texts.com/isl/egt/egt12.html]
[sacred-texts.com/isl/egt/egt13.html]
[sacred-texts.com/isl/egt/egt14.html]
[sacred-texts.com/isl/egt/egt15.html]
[sacred-texts.com/isl/egt/egt16.html]
[sacred-texts.com/isl/egt/egt17.html]
[sacred-texts.com/isl/egt/egt18.html]
[sacred-texts.com/isl/egt/egt19.html]
[sacred-texts.com/isl/egt/egt20.html]
[sacred-texts.com/isl/egt/egt21.html]
[sacred-texts.com/isl/egt/egt22.html]
[sacred-texts.com/isl/egt/egt23.html]
[sacred-texts.com/isl/egt/egt24.html]
[sacred-texts.com/isl/egt/egt25.html]
[sacred-texts.com/isl/egt/egt26.html]
[sacred-texts.com/isl/egt/egt27.html]
[sacred-texts.com/isl/egt/egt28.html]
[sacred-texts.com/isl/egt/egt29.html]
[sacred-texts.com/isl/egt/egt30.html]
[sacred-texts.com/isl/egt/egt31.html]
[sacred-texts.com/isl/egt/egt32.html]
[sacred-texts.com/isl/egt/egt33.html]
[sacred-texts.com/isl/egt/egt34.html]
[sacred-texts.com/isl/egt/egt35.html]
[sacred-texts.com/isl/egt/egt36.html]
[sacred-texts.com/isl/egt/egt37.html]
[sacred-texts.com/isl/egt/egt38.html]
[sacred-texts.com/isl/egt/egt39.html]
[sacred-texts.com/isl/egt/egt40.html]
[sacred-texts.com/isl/egt/egt41.html]
[sacred-texts.com/isl/egt/egt42.html]
[sacred-texts.com/isl/egt/egt43.html]
[sacred-texts.com/isl/egt/egt44.html]
[sacred-texts.com/isl/egt/egt45.html]
[sacred-texts.com/isl/egt/egt46.html]
[sacred-texts.com/isl/egt/egt47.html]
[sacred-texts.com/isl/egt/egt48.html]
[sacred-texts.com/isl/egt/egt49.html]
[sacred-texts.com/isl/egt/egt50.html]
[sacred-texts.com/isl/egt/egt51.html]
[sacred-texts.com/isl/egt/egt52.html]
[sacred-texts.com/isl/egt/egt53.html]
[sacred-texts.com/isl/egt/egt54.html]
[sacred-texts.com/isl/egt/egt55.html]
[sacred-texts.com/isl/egt/egt56.html]
[sacred-texts.com/isl/egt/egt57.html]
[sacred-texts.com/isl/egt/egt58.html]
[sacred-texts.com/isl/egt/egt59.html]
[sacred-texts.com/isl/egt/egt60.html]
[sacred-texts.com/isl/egt/egt61.html]
[sacred-texts.com/isl/egt/egt62.html]
[sacred-texts.com/isl/egt/egt63.html]
[sacred-texts.com/isl/egt/egt64.html]
[sacred-texts.com/isl/egt/egt65.html]
[sacred-texts.com/isl/egt/egt66.html]
[sacred-texts.com/isl/egt/egt67.html]
[sacred-texts.com/isl/egt/egt68.html]
[sacred-texts.com/isl/egt/egt69.html]
[sacred-texts.com/isl/egt/egt70.html]
[sacred-texts.com/isl/egt/egt71.html]
[sacred-texts.com/isl/egt/egt72.html]
[sacred-texts.com/isl/egt/egt73.html]
[sacred-texts.com/isl/egt/egt74.html]
[sacred-texts.com/isl/egt/egt75.html]
[sacred-texts.com/isl/egt/egt76.html]
[sacred-texts.com/isl/egt/egt77.html]
[sacred-texts.com/isl/egt/egt78.html]
[sacred-texts.com/isl/egt/egt79.html]
[sacred-texts.com/isl/egt/egt80.html]
[sacred-texts.com/isl/egt/egt81.html]
[sacred-texts.com/isl/egt/egt82.html]
[sacred-texts.com/isl/egt/egt83.html]
[sacred-texts.com/isl/egt/egt84.html]
[sacred-texts.com/isl/egt/egt85.html]
[sacred-texts.com/isl/egt/egt86.html]
[sacred-texts.com/isl/egt/egt87.html]
[sacred-texts.com/isl/egt/egt88.html]
[sacred-texts.com/isl/egt/egt89.html]
[sacred-texts.com/isl/egt/egt90.html]
[sacred-texts.com/isl/egt/egt91.html]
[sacred-texts.com/isl/egt/egt92.html]
[sacred-texts.com/isl/egt/egt93.html]
[sacred-texts.com/isl/egt/egt94.html]
[sacred-texts.com/isl/bus/pageidx.html]
[sacred-texts.com/isl/bus/bus01.html]
[sacred-texts.com/isl/bus/bus02.html]
[sacred-texts.com/isl/bus/bus03.html]
[sacred-texts.com/isl/bus/bus04.html]
[sacred-texts.com/isl/bus/bus05.html]
[sacred-texts.com/isl/bus/bus06.html]
[sacred-texts.com/isl/bus/bus07.html]
[sacred-texts.com/isl/bus/bus08.html]
[sacred-texts.com/isl/bus/bus09.html]
[sacred-texts.com/isl/bus/bus10.html]
[sacred-texts.com/isl/bus/bus11.html]
[sacred-texts.com/isl/bus/bus12.html]
[sacred-texts.com/isl/bus/bus13.html]
[sacred-texts.com/isl/bus/bus14.html]
[sacred-texts.com/isl/bus/bus15.html]
[sacred-texts.com/isl/bus/errata.html]
[sacred-texts.com/isl/taa/taa00.html]
[sacred-texts.com/isl/taa/pageidx.html]
[sacred-texts.com/isl/taa/taa01.html]
[sacred-texts.com/isl/taa/taa02.html]
[sacred-texts.com/isl/taa/taa03.html]
[sacred-texts.com/isl/taa/taa04.html]
[sacred-texts.com/isl/taa/taa05.html]
[sacred-texts.com/isl/taa/taa06.html]
[sacred-texts.com/isl/taa/taa07.html]
[sacred-texts.com/isl/taa/taa08.html]
[sacred-texts.com/isl/taa/taa09.html]
[sacred-texts.com/isl/taa/taa10.html]
[sacred-texts.com/isl/taa/taa11.html]
[sacred-texts.com/isl/taa/taa12.html]
[sacred-texts.com/isl/taa/taa13.html]
[sacred-texts.com/isl/taa/taa14.html]
[sacred-texts.com/isl/taa/taa15.html]
[sacred-texts.com/isl/taa/taa16.html]
[sacred-texts.com/isl/taa/taa17.html]
[sacred-texts.com/isl/taa/taa18.html]
[sacred-texts.com/isl/taa/taa19.html]
[sacred-texts.com/isl/taa/taa20.html]
[sacred-texts.com/isl/taa/taa21.html]
[sacred-texts.com/isl/taa/taa22.html]
[sacred-texts.com/isl/taa/taa23.html]
[sacred-texts.com/isl/taa/taa24.html]
[sacred-texts.com/isl/taa/taa25.html]
[sacred-texts.com/isl/taa/taa26.html]
[sacred-texts.com/isl/taa/taa27.html]
[sacred-texts.com/isl/taa/taa28.html]
[sacred-texts.com/isl/taa/taa29.html]
[sacred-texts.com/isl/taa/taa30.html]
[sacred-texts.com/isl/taa/taa31.html]
[sacred-texts.com/isl/taa/taa32.html]
[sacred-texts.com/isl/taa/taa33.html]
[sacred-texts.com/isl/taa/taa34.html]
[sacred-texts.com/isl/taa/taa35.html]
[sacred-texts.com/isl/taa/taa36.html]
[sacred-texts.com/isl/taa/taa37.html]
[sacred-texts.com/isl/taa/taa38.html]
[sacred-texts.com/isl/taa/taa39.html]
[sacred-texts.com/isl/taa/taa40.html]
[sacred-texts.com/isl/taa/taa41.html]
[sacred-texts.com/isl/taa/taa42.html]
[sacred-texts.com/isl/taa/taa43.html]
[sacred-texts.com/isl/taa/taa44.html]
[sacred-texts.com/isl/taa/taa45.html]
[sacred-texts.com/isl/taa/taa46.html]
[sacred-texts.com/isl/taa/taa47.html]
[sacred-texts.com/isl/taa/taa48.html]
[sacred-texts.com/isl/taa/taa49.html]
[sacred-texts.com/isl/taa/taa50.html]
[sacred-texts.com/isl/taa/taa51.html]
[sacred-texts.com/isl/taa/taa52.html]
[sacred-texts.com/isl/taa/taa53.html]
[sacred-texts.com/isl/taa/taa54.html]
[sacred-texts.com/isl/taa/taa55.html]
[sacred-texts.com/isl/taa/taa56.html]
[sacred-texts.com/isl/taa/taa57.html]
[sacred-texts.com/isl/taa/taa58.html]
[sacred-texts.com/isl/taa/taa59.html]
[sacred-texts.com/isl/taa/taa60.html]
[sacred-texts.com/isl/taa/taa61.html]
[sacred-texts.com/isl/taa/taa62.html]
[sacred-texts.com/isl/taa/taa63.html]
[sacred-texts.com/isl/taa/taa64.html]
[sacred-texts.com/isl/taa/errata.html]
[sacred-texts.com/isl/zun/zun00.html]
[sacred-texts.com/isl/zun/pageidx.html]
[sacred-texts.com/isl/zun/zun01.html]
[sacred-texts.com/isl/zun/zun02.html]
[sacred-texts.com/isl/zun/zun03.html]
[sacred-texts.com/isl/zun/zun04.html]
[sacred-texts.com/isl/zun/zun05.html]
[sacred-texts.com/isl/zun/zun06.html]
[sacred-texts.com/isl/mishkat/msh18.html]
[sacred-texts.com/isl/srg/srg00.html]
[sacred-texts.com/isl/srg/pageidx.html]
[sacred-texts.com/isl/srg/srg01.html]
[sacred-texts.com/isl/srg/srg02.html]
[sacred-texts.com/isl/srg/srg03.html]
[sacred-texts.com/isl/srg/srg04.html]
[sacred-texts.com/isl/srg/srg05.html]
[sacred-texts.com/isl/srg/srg06.html]
[sacred-texts.com/isl/srg/srg07.html]
[sacred-texts.com/isl/srg/srg08.html]
[sacred-texts.com/isl/srg/srg09.html]
[sacred-texts.com/isl/srg/srg10.html]
[sacred-texts.com/isl/srg/srg11.html]
[sacred-texts.com/isl/srg/srg12.html]
[sacred-texts.com/isl/srg/srg13.html]
[sacred-texts.com/isl/srg/srg14.html]
[sacred-texts.com/isl/srg/srg15.html]
[sacred-texts.com/isl/srg/srg16.html]
[sacred-texts.com/isl/srg/srg17.html]
[sacred-texts.com/isl/srg/srg18.html]
[sacred-texts.com/isl/srg/errata.html]
[sacred-texts.com/isl/iq/iq00.html]
[sacred-texts.com/isl/iq/pageidx.html]
[sacred-texts.com/isl/iq/iq01.html]
[sacred-texts.com/isl/iq/iq02.html]
[sacred-texts.com/isl/iq/iq03.html]
[sacred-texts.com/isl/iq/iq04.html]
[sacred-texts.com/isl/iq/iq05.html]
[sacred-texts.com/isl/iq/iq06.html]
[sacred-texts.com/isl/iq/iq07.html]
[sacred-texts.com/isl/iq/iq08.html]
[sacred-texts.com/isl/iq/iq09.html]
[sacred-texts.com/isl/iq/iq10.html]
[sacred-texts.com/isl/iq/iq11.html]
[sacred-texts.com/isl/iq/iq12.html]
[sacred-texts.com/isl/iq/iq13.html]
[sacred-texts.com/isl/iq/iq14.html]
[sacred-texts.com/isl/iq/iq15.html]
[sacred-texts.com/isl/iq/iq16.html]
[sacred-texts.com/isl/iq/iq17.html]
[sacred-texts.com/isl/iq/iq18.html]
[sacred-texts.com/isl/iq/iq19.html]
[sacred-texts.com/isl/iq/iq20.html]
[sacred-texts.com/isl/iq/iq21.html]
[sacred-texts.com/isl/siim/siim00.html]
[sacred-texts.com/isl/siim/pageidx.html]
[sacred-texts.com/isl/siim/siim19.html]
[sacred-texts.com/isl/siim/siim01.html]
[sacred-texts.com/isl/siim/siim02.html]
[sacred-texts.com/isl/siim/siim03.html]
[sacred-texts.com/isl/siim/siim04.html]
[sacred-texts.com/isl/siim/siim05.html]
[sacred-texts.com/isl/siim/siim06.html]
[sacred-texts.com/isl/siim/siim07.html]
[sacred-texts.com/isl/siim/siim08.html]
[sacred-texts.com/isl/siim/siim09.html]
[sacred-texts.com/isl/siim/siim10.html]
[sacred-texts.com/isl/siim/siim11.html]
[sacred-texts.com/isl/siim/siim12.html]
[sacred-texts.com/isl/siim/siim13.html]
[sacred-texts.com/isl/siim/siim14.html]
[sacred-texts.com/isl/siim/siim15.html]
[sacred-texts.com/isl/siim/siim16.html]
[sacred-texts.com/isl/siim/siim17.html]
[sacred-texts.com/isl/siim/siim18.html]
[sacred-texts.com/isl/siim/siim20.html]
[sacred-texts.com/isl/siim/siim21.html]
[sacred-texts.com/isl/siim/siim22.html]
[sacred-texts.com/isl/siim/siim23.html]
[sacred-texts.com/isl/siim/siim24.html]
[sacred-texts.com/isl/siim/siim25.html]
[sacred-texts.com/isl/siim/siim26.html]
[sacred-texts.com/isl/siim/siim27.html]
[sacred-texts.com/isl/siim/siim28.html]
[sacred-texts.com/isl/siim/siim29.html]
[sacred-texts.com/isl/mishkat/msh00.html]
[sacred-texts.com/isl/mishkat/msh01.html]
[sacred-texts.com/isl/mishkat/msh02.html]
[sacred-texts.com/isl/mishkat/msh03.html]
[sacred-texts.com/isl/mishkat/msh04.html]
[sacred-texts.com/isl/mishkat/msh05.html]
[sacred-texts.com/isl/mishkat/msh06.html]
[sacred-texts.com/isl/mishkat/msh07.html]
[sacred-texts.com/isl/mishkat/msh08.html]
[sacred-texts.com/isl/mishkat/msh09.html]
[sacred-texts.com/isl/mishkat/msh10.html]
[sacred-texts.com/isl/mishkat/msh11.html]
[sacred-texts.com/isl/mishkat/msh12.html]
[sacred-texts.com/isl/mishkat/msh13.html]
[sacred-texts.com/isl/mishkat/msh14.html]
[sacred-texts.com/isl/mishkat/msh15.html]
[sacred-texts.com/isl/mishkat/msh16.html]
[sacred-texts.com/isl/mishkat/msh17.html]
[sacred-texts.com/isl/mhm/mhm59.html]
[sacred-texts.com/isl/daa/daa00.html]
[sacred-texts.com/isl/daa/pageidx.html]
[sacred-texts.com/isl/daa/daa01.html]
[sacred-texts.com/isl/daa/daa02.html]
[sacred-texts.com/isl/daa/daa03.html]
[sacred-texts.com/isl/daa/daa04.html]
[sacred-texts.com/isl/daa/daa05.html]
[sacred-texts.com/isl/daa/daa06.html]
[sacred-texts.com/isl/daa/errata.html]
[sacred-texts.com/isl/rok/rok00.html]
[sacred-texts.com/isl/rok/pageidx.html]
[sacred-texts.com/isl/rok/rok01.html]
[sacred-texts.com/isl/rok/rok02.html]
[sacred-texts.com/isl/rok/rok03.html]
[sacred-texts.com/isl/rok/rok04.html]
[sacred-texts.com/isl/rok/rok05.html]
[sacred-texts.com/isl/rok/rok06.html]
[sacred-texts.com/isl/rok/rok07.html]
[sacred-texts.com/isl/rok/rok08.html]
[sacred-texts.com/isl/rok/rok09.html]
[sacred-texts.com/isl/rok/rok10.html]
[sacred-texts.com/isl/rok/rok11.html]
[sacred-texts.com/isl/rok/rok12.html]
[sacred-texts.com/isl/rok/rok13.html]
[sacred-texts.com/isl/rok/rok14.html]
[sacred-texts.com/isl/rok/rok15.html]
[sacred-texts.com/isl/rok/rok16.html]
[sacred-texts.com/isl/rok/rok17.html]
[sacred-texts.com/isl/rok/rok18.html]
[sacred-texts.com/isl/rok/rok19.html]
[sacred-texts.com/isl/rok/rok20.html]
[sacred-texts.com/isl/ath/ath00.html]
[sacred-texts.com/isl/ath/pageidx.html]
[sacred-texts.com/isl/ath/ath01.html]
[sacred-texts.com/isl/ath/ath02.html]
[sacred-texts.com/isl/ath/ath03.html]
[sacred-texts.com/isl/ath/ath04.html]
[sacred-texts.com/isl/ath/ath05.html]
[sacred-texts.com/isl/ath/ath06.html]
[sacred-texts.com/isl/ath/ath07.html]
[sacred-texts.com/isl/ath/ath08.html]
[sacred-texts.com/isl/ath/ath09.html]
[sacred-texts.com/isl/ath/ath10.html]
[sacred-texts.com/isl/ath/ath11.html]
[sacred-texts.com/isl/ath/ath12.html]
[sacred-texts.com/isl/ath/ath13.html]
[sacred-texts.com/isl/ath/ath14.html]
[sacred-texts.com/isl/ath/ath15.html]
[sacred-texts.com/isl/ath/ath16.html]
[sacred-texts.com/isl/ath/errata.html]
[sacred-texts.com/isl/gsw/gsw00.html]
[sacred-texts.com/isl/gsw/pageidx.html]
[sacred-texts.com/isl/gsw/gsw01.html]
[sacred-texts.com/isl/gsw/gsw02.html]
[sacred-texts.com/isl/gsw/gsw03.html]
[sacred-texts.com/isl/gsw/gsw04.html]
[sacred-texts.com/isl/gsw/gsw05.html]
[sacred-texts.com/isl/gsw/gsw06.html]
[sacred-texts.com/isl/gsw/gsw07.html]
[sacred-texts.com/isl/gsw/gsw08.html]
[sacred-texts.com/isl/gsw/gsw09.html]
[sacred-texts.com/isl/gsw/gsw10.html]
[sacred-texts.com/isl/gsw/gsw11.html]
[sacred-texts.com/isl/gsw/gsw12.html]
[sacred-texts.com/isl/gsw/gsw13.html]
[sacred-texts.com/isl/gsw/gsw14.html]
[sacred-texts.com/isl/gsw/gsw15.html]
[sacred-texts.com/isl/gsw/gsw16.html]
[sacred-texts.com/isl/gsw/gsw17.html]
[sacred-texts.com/isl/gsw/gsw18.html]
[sacred-texts.com/isl/gsw/gsw19.html]
[sacred-texts.com/isl/gsw/gsw20.html]
[sacred-texts.com/isl/arp/arp000.html]
[sacred-texts.com/isl/arp/pageidx.html]
[sacred-texts.com/isl/arp/arp001.html]
[sacred-texts.com/isl/arp/arp002.html]
[sacred-texts.com/isl/arp/arp003.html]
[sacred-texts.com/isl/arp/arp004.html]
[sacred-texts.com/isl/arp/arp005.html]
[sacred-texts.com/isl/arp/arp006.html]
[sacred-texts.com/isl/arp/arp007.html]
[sacred-texts.com/isl/arp/arp008.html]
[sacred-texts.com/isl/arp/arp009.html]
[sacred-texts.com/isl/arp/arp010.html]
[sacred-texts.com/isl/arp/arp011.html]
[sacred-texts.com/isl/arp/arp012.html]
[sacred-texts.com/isl/arp/arp013.html]
[sacred-texts.com/isl/arp/arp014.html]
[sacred-texts.com/isl/arp/arp015.html]
[sacred-texts.com/isl/arp/arp016.html]
[sacred-texts.com/isl/arp/arp017.html]
[sacred-texts.com/isl/arp/arp018.html]
[sacred-texts.com/isl/arp/arp019.html]
[sacred-texts.com/isl/arp/arp020.html]
[sacred-texts.com/isl/arp/arp021.html]
[sacred-texts.com/isl/arp/arp022.html]
[sacred-texts.com/isl/arp/arp023.html]
[sacred-texts.com/isl/arp/arp024.html]
[sacred-texts.com/isl/arp/arp025.html]
[sacred-texts.com/isl/arp/arp026.html]
[sacred-texts.com/isl/arp/arp027.html]
[sacred-texts.com/isl/arp/arp028.html]
[sacred-texts.com/isl/arp/arp029.html]
[sacred-texts.com/isl/arp/arp030.html]
[sacred-texts.com/isl/arp/arp031.html]
[sacred-texts.com/isl/arp/arp032.html]
[sacred-texts.com/isl/arp/arp033.html]
[sacred-texts.com/isl/arp/arp034.html]
[sacred-texts.com/isl/arp/arp035.html]
[sacred-texts.com/isl/arp/arp036.html]
[sacred-texts.com/isl/arp/arp037.html]
[sacred-texts.com/isl/arp/arp038.html]
[sacred-texts.com/isl/arp/arp039.html]
[sacred-texts.com/isl/arp/arp040.html]
[sacred-texts.com/isl/arp/arp041.html]
[sacred-texts.com/isl/arp/arp042.html]
[sacred-texts.com/isl/arp/arp043.html]
[sacred-texts.com/isl/arp/arp044.html]
[sacred-texts.com/isl/arp/arp045.html]
[sacred-texts.com/isl/arp/arp046.html]
[sacred-texts.com/isl/arp/arp047.html]
[sacred-texts.com/isl/arp/arp048.html]
[sacred-texts.com/isl/arp/arp049.html]
[sacred-texts.com/isl/arp/arp050.html]
[sacred-texts.com/isl/arp/arp051.html]
[sacred-texts.com/isl/arp/arp052.html]
[sacred-texts.com/isl/arp/arp053.html]
[sacred-texts.com/isl/arp/arp054.html]
[sacred-texts.com/isl/arp/arp055.html]
[sacred-texts.com/isl/arp/arp056.html]
[sacred-texts.com/isl/arp/arp057.html]
[sacred-texts.com/isl/arp/arp058.html]
[sacred-texts.com/isl/arp/arp059.html]
[sacred-texts.com/isl/arp/arp060.html]
[sacred-texts.com/isl/arp/arp061.html]
[sacred-texts.com/isl/arp/arp062.html]
[sacred-texts.com/isl/arp/arp063.html]
[sacred-texts.com/isl/arp/arp064.html]
[sacred-texts.com/isl/arp/arp065.html]
[sacred-texts.com/isl/arp/arp066.html]
[sacred-texts.com/isl/arp/arp067.html]
[sacred-texts.com/isl/arp/arp068.html]
[sacred-texts.com/isl/arp/arp069.html]
[sacred-texts.com/isl/arp/arp070.html]
[sacred-texts.com/isl/arp/arp071.html]
[sacred-texts.com/isl/arp/arp072.html]
[sacred-texts.com/isl/arp/arp073.html]
[sacred-texts.com/isl/arp/arp074.html]
[sacred-texts.com/isl/arp/arp075.html]
[sacred-texts.com/isl/arp/arp076.html]
[sacred-texts.com/isl/arp/arp077.html]
[sacred-texts.com/isl/arp/arp078.html]
[sacred-texts.com/isl/arp/arp079.html]
[sacred-texts.com/isl/arp/arp080.html]
[sacred-texts.com/isl/arp/arp081.html]
[sacred-texts.com/isl/arp/arp082.html]
[sacred-texts.com/isl/arp/arp083.html]
[sacred-texts.com/isl/arp/arp084.html]
[sacred-texts.com/isl/arp/arp085.html]
[sacred-texts.com/isl/arp/arp086.html]
[sacred-texts.com/isl/arp/arp087.html]
[sacred-texts.com/isl/arp/arp088.html]
[sacred-texts.com/isl/arp/arp089.html]
[sacred-texts.com/isl/arp/arp090.html]
[sacred-texts.com/isl/arp/arp091.html]
[sacred-texts.com/isl/arp/arp092.html]
[sacred-texts.com/isl/arp/arp093.html]
[sacred-texts.com/isl/arp/arp094.html]
[sacred-texts.com/isl/arp/arp095.html]
[sacred-texts.com/isl/arp/arp096.html]
[sacred-texts.com/isl/arp/arp097.html]
[sacred-texts.com/isl/arp/arp098.html]
[sacred-texts.com/isl/arp/arp099.html]
[sacred-texts.com/isl/arp/arp100.html]
[sacred-texts.com/isl/arp/arp101.html]
[sacred-texts.com/isl/arp/arp102.html]
[sacred-texts.com/isl/arp/arp103.html]
[sacred-texts.com/isl/arp/arp104.html]
[sacred-texts.com/isl/arp/arp105.html]
[sacred-texts.com/isl/arp/arp106.html]
[sacred-texts.com/isl/arp/arp107.html]
[sacred-texts.com/isl/arp/arp108.html]
[sacred-texts.com/isl/arp/arp109.html]
[sacred-texts.com/isl/arp/arp110.html]
[sacred-texts.com/isl/arp/arp111.html]
[sacred-texts.com/isl/arp/arp112.html]
[sacred-texts.com/isl/arp/arp113.html]
[sacred-texts.com/isl/arp/arp114.html]
[sacred-texts.com/isl/arp/arp115.html]
[sacred-texts.com/isl/arp/arp116.html]
[sacred-texts.com/isl/arp/arp117.html]
[sacred-texts.com/isl/arp/arp118.html]
[sacred-texts.com/isl/arp/arp119.html]
[sacred-texts.com/isl/arp/arp120.html]
[sacred-texts.com/isl/arp/arp121.html]
[sacred-texts.com/isl/arp/arp122.html]
[sacred-texts.com/isl/arp/arp123.html]
[sacred-texts.com/isl/arp/arp124.html]
[sacred-texts.com/isl/arp/arp125.html]
[sacred-texts.com/isl/arp/arp126.html]
[sacred-texts.com/isl/arp/arp127.html]
[sacred-texts.com/isl/arp/arp128.html]
[sacred-texts.com/isl/arp/arp129.html]
[sacred-texts.com/isl/arp/arp130.html]
[sacred-texts.com/isl/arp/arp131.html]
[sacred-texts.com/isl/arp/arp132.html]
[sacred-texts.com/isl/arp/arp133.html]
[sacred-texts.com/isl/arp/arp134.html]
[sacred-texts.com/isl/arp/arp135.html]
[sacred-texts.com/isl/arp/arp136.html]
[sacred-texts.com/isl/arp/arp137.html]
[sacred-texts.com/isl/arp/arp138.html]
[sacred-texts.com/isl/arp/arp139.html]
[sacred-texts.com/isl/arp/arp140.html]
[sacred-texts.com/isl/arp/arp141.html]
[sacred-texts.com/isl/arp/arp142.html]
[sacred-texts.com/isl/arp/arp143.html]
[sacred-texts.com/isl/arp/arp144.html]
[sacred-texts.com/isl/arp/arp145.html]
[sacred-texts.com/isl/arp/arp146.html]
[sacred-texts.com/isl/arp/arp147.html]
[sacred-texts.com/isl/arp/arp148.html]
[sacred-texts.com/isl/arp/arp149.html]
[sacred-texts.com/isl/arp/arp150.html]
[sacred-texts.com/isl/arp/arp151.html]
[sacred-texts.com/isl/arp/arp152.html]
[sacred-texts.com/isl/arp/arp153.html]
[sacred-texts.com/isl/arp/arp154.html]
[sacred-texts.com/isl/arp/arp155.html]
[sacred-texts.com/isl/arp/arp156.html]
[sacred-texts.com/isl/arp/arp157.html]
[sacred-texts.com/isl/arp/arp158.html]
[sacred-texts.com/isl/arp/arp159.html]
[sacred-texts.com/isl/arp/arp160.html]
[sacred-texts.com/isl/arp/arp161.html]
[sacred-texts.com/isl/arp/arp162.html]
[sacred-texts.com/isl/arp/arp163.html]
[sacred-texts.com/isl/arp/errata.html]
[sacred-texts.com/isl/hpi/hpi00.html]
[sacred-texts.com/isl/hpi/hpi11.html]
[sacred-texts.com/isl/hpi/hpi01.html]
[sacred-texts.com/isl/hpi/hpi02.html]
[sacred-texts.com/isl/hpi/hpi03.html]
[sacred-texts.com/isl/hpi/hpi04.html]
[sacred-texts.com/isl/hpi/hpi05.html]
[sacred-texts.com/isl/hpi/hpi06.html]
[sacred-texts.com/isl/hpi/hpi07.html]
[sacred-texts.com/isl/hpi/hpi08.html]
[sacred-texts.com/isl/hpi/hpi09.html]
[sacred-texts.com/isl/hpi/hpi10.html]
[sacred-texts.com/isl/hpi/hpi12.html]
[sacred-texts.com/isl/hpi/hpi13.html]
[sacred-texts.com/isl/hpi/hpi14.html]
[sacred-texts.com/isl/hpi/hpi15.html]
[sacred-texts.com/isl/hpi/hpi16.html]
[sacred-texts.com/isl/hpi/hpi17.html]
[sacred-texts.com/isl/hpi/hpi18.html]
[sacred-texts.com/isl/hpi/hpi19.html]
[sacred-texts.com/isl/hpi/hpi20.html]
[sacred-texts.com/isl/hpi/hpi21.html]
[sacred-texts.com/isl/hpi/hpi22.html]
[sacred-texts.com/isl/hpi/hpi23.html]
[sacred-texts.com/isl/hpi/hpi24.html]
[sacred-texts.com/isl/hpi/hpi25.html]
[sacred-texts.com/isl/hpi/hpi26.html]
[sacred-texts.com/isl/hpi/hpi27.html]
[sacred-texts.com/isl/arw/arw00.html]
[sacred-texts.com/isl/arw/pageidx.html]
[sacred-texts.com/isl/arw/arw01.html]
[sacred-texts.com/isl/arw/arw02.html]
[sacred-texts.com/isl/arw/arw03.html]
[sacred-texts.com/isl/arw/arw04.html]
[sacred-texts.com/isl/arw/arw05.html]
[sacred-texts.com/isl/arw/arw06.html]
[sacred-texts.com/isl/arw/arw07.html]
[sacred-texts.com/isl/arw/arw08.html]
[sacred-texts.com/isl/arw/arw09.html]
[sacred-texts.com/isl/arw/arw10.html]
[sacred-texts.com/isl/arw/arw11.html]
[sacred-texts.com/isl/arw/arw12.html]
[sacred-texts.com/isl/arw/arw13.html]
[sacred-texts.com/isl/arw/arw14.html]
[sacred-texts.com/isl/arw/arw15.html]
[sacred-texts.com/isl/arw/arw16.html]
[sacred-texts.com/isl/arw/arw17.html]
[sacred-texts.com/isl/arw/arw18.html]
[sacred-texts.com/isl/arw/arw19.html]
[sacred-texts.com/isl/arw/arw20.html]
[sacred-texts.com/isl/arw/arw21.html]
[sacred-texts.com/isl/arw/arw22.html]
[sacred-texts.com/isl/arw/arw23.html]
[sacred-texts.com/isl/arw/arw24.html]
[sacred-texts.com/isl/arw/arw25.html]
[sacred-texts.com/isl/arw/arw26.html]
[sacred-texts.com/isl/arw/arw27.html]
[sacred-texts.com/isl/arw/arw28.html]
[sacred-texts.com/isl/arw/arw29.html]
[sacred-texts.com/isl/arw/arw30.html]
[sacred-texts.com/isl/arw/arw31.html]
[sacred-texts.com/isl/arw/arw32.html]
[sacred-texts.com/isl/arw/arw33.html]
[sacred-texts.com/isl/arw/arw34.html]
[sacred-texts.com/isl/arw/arw35.html]
[sacred-texts.com/isl/arw/arw36.html]
[sacred-texts.com/isl/arw/arw37.html]
[sacred-texts.com/isl/arw/arw38.html]
[sacred-texts.com/isl/arw/arw39.html]
[sacred-texts.com/isl/arw/arw40.html]
[sacred-texts.com/isl/arw/arw41.html]
[sacred-texts.com/isl/arw/arw42.html]
[sacred-texts.com/isl/arw/arw43.html]
[sacred-texts.com/isl/arw/arw44.html]
[sacred-texts.com/isl/arw/arw45.html]
[sacred-texts.com/isl/arw/arw46.html]
[sacred-texts.com/isl/arw/arw47.html]
[sacred-texts.com/isl/arw/arw48.html]
[sacred-texts.com/isl/arw/arw49.html]
[sacred-texts.com/isl/arw/arw50.html]
[sacred-texts.com/isl/arw/arw51.html]
[sacred-texts.com/isl/arw/arw52.html]
[sacred-texts.com/isl/arw/arw53.html]
[sacred-texts.com/isl/arw/arw54.html]
[sacred-texts.com/isl/arw/arw55.html]
[sacred-texts.com/isl/arw/arw56.html]
[sacred-texts.com/isl/arw/arw57.html]
[sacred-texts.com/isl/arw/arw58.html]
[sacred-texts.com/isl/mhm/mhm00.html]
[sacred-texts.com/isl/mhm/mhm38.html]
[sacred-texts.com/isl/mhm/mhm01.html]
[sacred-texts.com/isl/mhm/mhm02.html]
[sacred-texts.com/isl/mhm/mhm03.html]
[sacred-texts.com/isl/mhm/mhm04.html]
[sacred-texts.com/isl/mhm/mhm05.html]
[sacred-texts.com/isl/mhm/mhm06.html]
[sacred-texts.com/isl/mhm/mhm07.html]
[sacred-texts.com/isl/mhm/mhm08.html]
[sacred-texts.com/isl/mhm/mhm09.html]
[sacred-texts.com/isl/mhm/mhm10.html]
[sacred-texts.com/isl/mhm/mhm11.html]
[sacred-texts.com/isl/mhm/mhm12.html]
[sacred-texts.com/isl/mhm/mhm13.html]
[sacred-texts.com/isl/mhm/mhm14.html]
[sacred-texts.com/isl/mhm/mhm15.html]
[sacred-texts.com/isl/mhm/mhm16.html]
[sacred-texts.com/isl/mhm/mhm17.html]
[sacred-texts.com/isl/mhm/mhm18.html]
[sacred-texts.com/isl/mhm/mhm19.html]
[sacred-texts.com/isl/mhm/mhm20.html]
[sacred-texts.com/isl/mhm/mhm21.html]
[sacred-texts.com/isl/mhm/mhm22.html]
[sacred-texts.com/isl/mhm/mhm23.html]
[sacred-texts.com/isl/mhm/mhm24.html]
[sacred-texts.com/isl/mhm/mhm25.html]
[sacred-texts.com/isl/mhm/mhm26.html]
[sacred-texts.com/isl/mhm/mhm27.html]
[sacred-texts.com/isl/mhm/mhm28.html]
[sacred-texts.com/isl/mhm/mhm29.html]
[sacred-texts.com/isl/mhm/mhm30.html]
[sacred-texts.com/isl/mhm/mhm31.html]
[sacred-texts.com/isl/mhm/mhm32.html]
[sacred-texts.com/isl/mhm/mhm33.html]
[sacred-texts.com/isl/mhm/mhm34.html]
[sacred-texts.com/isl/mhm/mhm35.html]
[sacred-texts.com/isl/mhm/mhm36.html]
[sacred-texts.com/isl/mhm/mhm37.html]
[sacred-texts.com/isl/mhm/mhm39.html]
[sacred-texts.com/isl/mhm/mhm40.html]
[sacred-texts.com/isl/mhm/mhm41.html]
[sacred-texts.com/isl/mhm/mhm42.html]
[sacred-texts.com/isl/mhm/mhm43.html]
[sacred-texts.com/isl/mhm/mhm44.html]
[sacred-texts.com/isl/mhm/mhm45.html]
[sacred-texts.com/isl/mhm/mhm46.html]
[sacred-texts.com/isl/mhm/mhm47.html]
[sacred-texts.com/isl/mhm/mhm48.html]
[sacred-texts.com/isl/mhm/mhm49.html]
[sacred-texts.com/isl/mhm/mhm50.html]
[sacred-texts.com/isl/mhm/mhm51.html]
[sacred-texts.com/isl/mhm/mhm52.html]
[sacred-texts.com/isl/mhm/mhm53.html]
[sacred-texts.com/isl/mhm/mhm54.html]
[sacred-texts.com/isl/mhm/mhm55.html]
[sacred-texts.com/isl/mhm/mhm56.html]
[sacred-texts.com/isl/mhm/mhm57.html]
[sacred-texts.com/isl/mhm/mhm58.html]
[sacred-texts.com/isl/mhm/errata.html]
[sacred-texts.com/isl/isl/isl00.html]
[sacred-texts.com/isl/isl/isl01.html]
[sacred-texts.com/isl/isl/isl02.html]
[sacred-texts.com/isl/isl/isl03.html]
[sacred-texts.com/isl/isl/isl04.html]
[sacred-texts.com/isl/isl/isl05.html]
[sacred-texts.com/isl/isl/isl06.html]
[sacred-texts.com/isl/isl/isl07.html]
[sacred-texts.com/isl/isl/isl08.html]
[sacred-texts.com/isl/isl/isl09.html]
[sacred-texts.com/isl/isl/isl10.html]
[sacred-texts.com/isl/isl/isl11.html]
[sacred-texts.com/isl/isl/isl12.html]
[sacred-texts.com/isl/isl/isl13.html]
[sacred-texts.com/isl/isl/isl14.html]
[sacred-texts.com/isl/isl/isl15.html]
[sacred-texts.com/isl/isl/isl16.html]
[sacred-texts.com/isl/isl/isl17.html]
[sacred-texts.com/isl/isl/isl18.html]
[sacred-texts.com/isl/isl/isl19.html]
[sacred-texts.com/isl/isl/isl20.html]
[sacred-texts.com/isl/isl/isl21.html]
[sacred-texts.com/isl/isl/isl22.html]
[sacred-texts.com/isl/isl/isl23.html]
[sacred-texts.com/isl/isl/isl24.html]
[sacred-texts.com/isl/isl/isl25.html]
[sacred-texts.com/isl/isl/isl26.html]
[sacred-texts.com/isl/isl/isl27.html]
[sacred-texts.com/isl/isl/isl28.html]
[sacred-texts.com/isl/isl/isl29.html]
[sacred-texts.com/isl/isl/isl30.html]
[sacred-texts.com/isl/isl/isl31.html]
[sacred-texts.com/isl/isl/isl32.html]
[sacred-texts.com/isl/isl/isl33.html]
[sacred-texts.com/isl/isl/isl34.html]
[sacred-texts.com/isl/isl/isl35.html]
[sacred-texts.com/isl/isl/isl36.html]
[sacred-texts.com/isl/isl/isl37.html]
[sacred-texts.com/isl/isl/isl38.html]
[sacred-texts.com/isl/isl/isl39.html]
[sacred-texts.com/isl/isl/isl40.html]
[sacred-texts.com/isl/isl/isl41.html]
[sacred-texts.com/isl/isl/isl42.html]
[sacred-texts.com/isl/isl/isl43.html]
[sacred-texts.com/isl/isl/errata.html]
[sacred-texts.com/isl/palf/palf00.html]
[sacred-texts.com/isl/palf/palf01.html]
[sacred-texts.com/isl/palf/palf02.html]
[sacred-texts.com/isl/palf/palf03.html]
[sacred-texts.com/isl/palf/palf04.html]
[sacred-texts.com/isl/palf/palf05.html]
[sacred-texts.com/isl/palf/palf06.html]
[sacred-texts.com/isl/palf/palf07.html]
[sacred-texts.com/isl/palf/palf08.html]
[sacred-texts.com/isl/palf/palf09.html]
[sacred-texts.com/isl/palf/palf10.html]
[sacred-texts.com/isl/palf/palf11.html]
[sacred-texts.com/isl/palf/palf12.html]
[sacred-texts.com/isl/palf/palf13.html]
[sacred-texts.com/isl/dmt/dmt00.html]
[sacred-texts.com/isl/dmt/dmt01.html]
[sacred-texts.com/isl/dmt/dmt02.html]
[sacred-texts.com/isl/dmt/dmt03.html]
[sacred-texts.com/isl/dmt/dmt04.html]
[sacred-texts.com/isl/dmt/dmt05.html]
[sacred-texts.com/isl/dmt/dmt06.html]
[sacred-texts.com/isl/dmt/dmt07.html]
[sacred-texts.com/isl/dmt/dmt08.html]
[sacred-texts.com/isl/dmt/dmt09.html]
[sacred-texts.com/isl/dmt/dmt10.html]
[sacred-texts.com/isl/dmt/dmt11.html]
[sacred-texts.com/isl/dmt/dmt12.html]
[sacred-texts.com/isl/dmt/dmt13.html]
[sacred-texts.com/isl/dmt/dmt14.html]
[sacred-texts.com/isl/dmt/dmt15.html]
[sacred-texts.com/isl/dmt/dmt16.html]
[sacred-texts.com/isl/dmt/dmt17.html]
[sacred-texts.com/isl/dmt/dmt18.html]
[sacred-texts.com/isl/dmt/dmt19.html]
[sacred-texts.com/isl/dmt/dmt20.html]
[sacred-texts.com/isl/dmt/dmt21.html]
[sacred-texts.com/isl/dmt/dmt22.html]
[sacred-texts.com/isl/dmt/dmt23.html]
[sacred-texts.com/isl/dmt/dmt24.html]
[sacred-texts.com/isl/dmt/dmt25.html]
[sacred-texts.com/isl/dmt/dmt26.html]
[sacred-texts.com/isl/dmt/dmt27.html]
[sacred-texts.com/isl/dmt/dmt28.html]
[sacred-texts.com/isl/dmt/dmt29.html]
[sacred-texts.com/isl/dmt/dmt30.html]
[sacred-texts.com/isl/dmt/dmt31.html]
[sacred-texts.com/isl/dmt/errata.html]
[sacred-texts.com/isl/bkt/bkt06.html]
[sacred-texts.com/isl/bkt/bkt09.html]
[sacred-texts.com/isl/bkt/bkt00.html]
[sacred-texts.com/isl/bkt/bkt01.html]
[sacred-texts.com/isl/bkt/bkt02.html]
[sacred-texts.com/isl/bkt/bkt03.html]
[sacred-texts.com/isl/bkt/bkt04.html]
[sacred-texts.com/isl/bkt/bkt05.html]
[sacred-texts.com/isl/bkt/bkt07.html]
[sacred-texts.com/isl/bkt/bkt08.html]
[sacred-texts.com/isl/bkt/bkt10.html]
[sacred-texts.com/isl/bkt/bkt11.html]
[sacred-texts.com/isl/bkt/bkt12.html]
[sacred-texts.com/isl/hanged/hanged0.html]
[sacred-texts.com/isl/hanged/hanged1.html]
[sacred-texts.com/isl/hanged/hanged2.html]
[sacred-texts.com/isl/hanged/hanged3.html]
[sacred-texts.com/isl/cii/cii.html]
[sacred-texts.com/isl/gbar/gbar001.html]
[sacred-texts.com/isl/gbar/gbar002.html]
[sacred-texts.com/isl/gbar/gbar003.html]
[sacred-texts.com/isl/gbar/gbar004.html]
[sacred-texts.com/isl/gbar/gbar005.html]
[sacred-texts.com/isl/gbar/gbar006.html]
[sacred-texts.com/isl/gbar/gbar007.html]
[sacred-texts.com/isl/gbar/gbar008.html]
[sacred-texts.com/isl/gbar/gbar009.html]
[sacred-texts.com/isl/gbar/gbar010.html]
[sacred-texts.com/isl/gbar/gbar011.html]
[sacred-texts.com/isl/gbar/gbar012.html]
[sacred-texts.com/isl/gbar/gbar013.html]
[sacred-texts.com/isl/gbar/gbar014.html]
[sacred-texts.com/isl/gbar/gbar015.html]
[sacred-texts.com/isl/gbar/gbar016.html]
[sacred-texts.com/isl/gbar/gbar017.html]
[sacred-texts.com/isl/gbar/gbar018.html]
[sacred-texts.com/isl/gbar/gbar019.html]
[sacred-texts.com/isl/gbar/gbar020.html]
[sacred-texts.com/isl/gbar/gbar021.html]
[sacred-texts.com/isl/gbar/gbar022.html]
[sacred-texts.com/isl/gbar/gbar023.html]
[sacred-texts.com/isl/gbar/gbar024.html]
[sacred-texts.com/isl/gbar/gbar025.html]
[sacred-texts.com/isl/gbar/gbar026.html]
[sacred-texts.com/isl/gbar/gbar027.html]
[sacred-texts.com/isl/gbar/gbar028.html]
[sacred-texts.com/isl/gbar/gbar029.html]
[sacred-texts.com/isl/gbar/gbar030.html]
[sacred-texts.com/isl/gbar/gbar031.html]
[sacred-texts.com/isl/gbar/gbar032.html]
[sacred-texts.com/isl/gbar/gbar033.html]
[sacred-texts.com/isl/gbar/gbar034.html]
[sacred-texts.com/isl/gbar/gbar035.html]
[sacred-texts.com/isl/gbar/gbar036.html]
[sacred-texts.com/isl/gbar/gbar037.html]
[sacred-texts.com/isl/gbar/gbar038.html]
[sacred-texts.com/isl/gbar/gbar039.html]
[sacred-texts.com/isl/gbar/gbar040.html]
[sacred-texts.com/isl/gbar/gbar041.html]
[sacred-texts.com/isl/gbar/gbar042.html]
[sacred-texts.com/isl/gbar/gbar043.html]
[sacred-texts.com/isl/gbar/gbar044.html]
[sacred-texts.com/isl/gbar/gbar045.html]
[sacred-texts.com/isl/gbar/gbar046.html]
[sacred-texts.com/isl/gbar/gbar047.html]
[sacred-texts.com/isl/gbar/gbar048.html]
[sacred-texts.com/isl/gbar/gbar049.html]
[sacred-texts.com/isl/gbar/gbar050.html]
[sacred-texts.com/isl/gbar/gbar051.html]
[sacred-texts.com/isl/gbar/gbar052.html]
[sacred-texts.com/isl/gbar/gbar053.html]
[sacred-texts.com/isl/gbar/gbar054.html]
[sacred-texts.com/isl/gbar/gbar055.html]
[sacred-texts.com/isl/gbar/gbar056.html]
[sacred-texts.com/isl/gbar/gbar057.html]
[sacred-texts.com/isl/gbar/gbar058.html]
[sacred-texts.com/isl/gbar/gbar059.html]
[sacred-texts.com/isl/gbar/gbar060.html]
[sacred-texts.com/isl/gbar/gbar061.html]
[sacred-texts.com/isl/gbar/gbar062.html]
[sacred-texts.com/isl/gbar/gbar063.html]
[sacred-texts.com/isl/gbar/gbar064.html]
[sacred-texts.com/isl/gbar/gbar065.html]
[sacred-texts.com/isl/gbar/gbar066.html]
[sacred-texts.com/isl/gbar/gbar067.html]
[sacred-texts.com/isl/gbar/gbar068.html]
[sacred-texts.com/isl/gbar/gbar069.html]
[sacred-texts.com/isl/gbar/gbar070.html]
[sacred-texts.com/isl/gbar/gbar071.html]
[sacred-texts.com/isl/gbar/gbar072.html]
[sacred-texts.com/isl/gbar/gbar073.html]
[sacred-texts.com/isl/gbar/gbar074.html]
[sacred-texts.com/isl/gbar/gbar075.html]
[sacred-texts.com/isl/gbar/gbar076.html]
[sacred-texts.com/isl/gbar/gbar077.html]
[sacred-texts.com/isl/gbar/gbar078.html]
[sacred-texts.com/isl/gbar/gbar079.html]
[sacred-texts.com/isl/gbar/gbar080.html]
[sacred-texts.com/isl/gbar/gbar081.html]
[sacred-texts.com/isl/gbar/gbar082.html]
[sacred-texts.com/isl/gbar/gbar083.html]
[sacred-texts.com/isl/gbar/gbar084.html]
[sacred-texts.com/isl/gbar/gbar085.html]
[sacred-texts.com/isl/gbar/gbar086.html]
[sacred-texts.com/isl/gbar/gbar087.html]
[sacred-texts.com/isl/gbar/gbar088.html]
[sacred-texts.com/isl/gbar/gbar089.html]
[sacred-texts.com/isl/gbar/gbar090.html]
[sacred-texts.com/isl/gbar/gbar091.html]
[sacred-texts.com/isl/gbar/gbar092.html]
[sacred-texts.com/isl/gbar/gbar093.html]
[sacred-texts.com/isl/gbar/gbar094.html]
[sacred-texts.com/isl/gbar/gbar095.html]
[sacred-texts.com/isl/gbar/gbar096.html]
[sacred-texts.com/isl/gbar/gbar097.html]
[sacred-texts.com/isl/gbar/gbar098.html]
[sacred-texts.com/isl/gbar/gbar099.html]
[sacred-texts.com/isl/gbar/gbar100.html]
[sacred-texts.com/isl/gbar/gbar101.html]
[sacred-texts.com/isl/gbar/gbar102.html]
[sacred-texts.com/isl/gbar/gbar103.html]
[sacred-texts.com/isl/gbar/gbar104.html]
[sacred-texts.com/isl/gbar/gbar105.html]
[sacred-texts.com/isl/gbar/gbar106.html]
[sacred-texts.com/isl/gbar/gbar107.html]
[sacred-texts.com/isl/gbar/gbar108.html]
[sacred-texts.com/isl/gbar/gbar109.html]
[sacred-texts.com/isl/gbar/gbar110.html]
[sacred-texts.com/isl/gbar/gbar111.html]
[sacred-texts.com/isl/gbar/gbar112.html]
[sacred-texts.com/isl/gbar/gbar113.html]
[sacred-texts.com/isl/gbar/gbar114.html]
[sacred-texts.com/isl/gbar/gbar115.html]
[sacred-texts.com/isl/gbar/gbar116.html]
[sacred-texts.com/isl/gbar/gbar117.html]
[sacred-texts.com/isl/gbar/gbar118.html]
[sacred-texts.com/isl/gbar/gbar119.html]
[sacred-texts.com/isl/gbar/gbar120.html]
[sacred-texts.com/isl/gbar/gbar121.html]
[sacred-texts.com/isl/gbar/gbar122.html]
[sacred-texts.com/isl/gbar/gbar123.html]
[sacred-texts.com/isl/gbar/gbar124.html]
[sacred-texts.com/isl/gbar/gbar125.html]
[sacred-texts.com/isl/gbar/gbar126.html]
[sacred-texts.com/isl/gbar/gbar127.html]
[sacred-texts.com/isl/gbar/gbar128.html]
[sacred-texts.com/isl/gbar/gbar129.html]
[sacred-texts.com/isl/gbar/gbar130.html]
[sacred-texts.com/isl/gbar/gbar131.html]
[sacred-texts.com/isl/gbar/gbar132.html]
[sacred-texts.com/isl/gbar/gbar133.html]
[sacred-texts.com/isl/gbar/gbar134.html]
[sacred-texts.com/isl/gbar/gbar135.html]
[sacred-texts.com/isl/gbar/gbar136.html]
[sacred-texts.com/isl/gbar/gbar137.html]
[sacred-texts.com/isl/gbar/gbar138.html]
[sacred-texts.com/isl/gbar/gbar139.html]
[sacred-texts.com/isl/gbar/gbar140.html]
[sacred-texts.com/isl/gbar/gbar141.html]
[sacred-texts.com/isl/gbar/gbar142.html]
[sacred-texts.com/isl/gbar/gbar143.html]
[sacred-texts.com/isl/gbar/gbar144.html]
[sacred-texts.com/isl/gbar/gbar145.html]
[sacred-texts.com/isl/gbar/gbar146.html]
[sacred-texts.com/isl/gbar/gbar147.html]
[sacred-texts.com/isl/gbar/gbar148.html]
[sacred-texts.com/isl/gbar/gbar149.html]
[sacred-texts.com/isl/gbar/gbar150.html]
[sacred-texts.com/isl/gbar/gbar151.html]
[sacred-texts.com/isl/gbar/gbar152.html]
[sacred-texts.com/isl/gbar/gbar153.html]
[sacred-texts.com/isl/gbar/gbar154.html]
[sacred-texts.com/isl/gbar/gbar155.html]
[sacred-texts.com/isl/gbar/gbar156.html]
[sacred-texts.com/isl/gbar/gbar157.html]
[sacred-texts.com/isl/gbar/gbar158.html]
[sacred-texts.com/isl/gbar/gbar159.html]
[sacred-texts.com/isl/gbar/gbar160.html]
[sacred-texts.com/isl/gbar/gbar161.html]
[sacred-texts.com/isl/gbar/gbar162.html]
[sacred-texts.com/isl/gbar/gbar163.html]
[sacred-texts.com/isl/gbar/gbar164.html]
[sacred-texts.com/isl/gbar/gbar165.html]
[sacred-texts.com/isl/gbar/gbar166.html]
[sacred-texts.com/isl/gbar/gbar167.html]
[sacred-texts.com/isl/gbar/gbar168.html]
[sacred-texts.com/isl/gbar/gbar169.html]
[sacred-texts.com/isl/gbar/gbar170.html]
[sacred-texts.com/isl/gbar/gbar171.html]
[sacred-texts.com/isl/gbar/gbar172.html]
[sacred-texts.com/isl/gbar/gbar173.html]
[sacred-texts.com/isl/gbar/gbar174.html]
[sacred-texts.com/isl/gbar/gbar175.html]
[sacred-texts.com/isl/gbar/gbar176.html]
[sacred-texts.com/isl/gbar/gbar177.html]
[sacred-texts.com/isl/gbar/gbar178.html]
[sacred-texts.com/isl/gbar/gbar179.html]
[sacred-texts.com/isl/gbar/gbar180.html]
[sacred-texts.com/isl/gbar/gbar181.html]
[sacred-texts.com/isl/gbar/gbar182.html]
[sacred-texts.com/isl/gbar/gbar183.html]
[sacred-texts.com/isl/gbar/gbar184.html]
[sacred-texts.com/isl/gbar/gbar185.html]
[sacred-texts.com/isl/gbar/gbar186.html]
[sacred-texts.com/isl/gbar/gbar187.html]
[sacred-texts.com/isl/gbar/gbar188.html]
[sacred-texts.com/isl/gbar/gbar189.html]
[sacred-texts.com/isl/gbar/gbar190.html]
[sacred-texts.com/isl/gbar/gbar191.html]
[sacred-texts.com/isl/gbar/gbar192.html]
[sacred-texts.com/isl/gbar/gbar193.html]
[sacred-texts.com/isl/gbar/gbar194.html]
[sacred-texts.com/isl/gbar/gbar195.html]
[sacred-texts.com/isl/gbar/gbar196.html]
[sacred-texts.com/isl/gbar/gbar197.html]
[sacred-texts.com/isl/gbar/gbar198.html]
[sacred-texts.com/isl/gbar/gbar199.html]
[sacred-texts.com/isl/gbar/gbar200.html]
[sacred-texts.com/isl/gbar/gbar201.html]
[sacred-texts.com/isl/gbar/gbar202.html]
[sacred-texts.com/isl/gbar/gbar203.html]
[sacred-texts.com/isl/gbar/gbar204.html]
[sacred-texts.com/isl/gbar/gbar205.html]
[sacred-texts.com/isl/gbar/gbar206.html]
[sacred-texts.com/isl/gbar/gbar207.html]
[sacred-texts.com/isl/gbar/gbar208.html]
[sacred-texts.com/isl/gbar/gbar209.html]
[sacred-texts.com/isl/gbar/gbar210.html]
[sacred-texts.com/isl/gbar/gbar211.html]
[sacred-texts.com/isl/gbar/gbar212.html]
[sacred-texts.com/isl/gbar/gbar213.html]
[sacred-texts.com/isl/gbar/gbar214.html]
[sacred-texts.com/isl/gbar/gbar215.html]
[sacred-texts.com/isl/gbar/gbar216.html]
[sacred-texts.com/isl/gbar/gbar217.html]
[sacred-texts.com/isl/gbar/gbar218.html]
[sacred-texts.com/isl/gbar/gbar219.html]
[sacred-texts.com/isl/gbar/gbar220.html]
[sacred-texts.com/isl/gbar/gbar221.html]
[sacred-texts.com/isl/gbar/gbar222.html]
[sacred-texts.com/isl/pro/pro00.html]
[sacred-texts.com/isl/pro/facade.html]
[sacred-texts.com/isl/pro/intro.html]
[sacred-texts.com/isl/pro/i2e.html]
[sacred-texts.com/isl/pro/adam00.html]
[sacred-texts.com/isl/pro/adam01.html]
[sacred-texts.com/isl/pro/adam02.html]
[sacred-texts.com/isl/pro/adam03.html]
[sacred-texts.com/isl/pro/adam04.html]
[sacred-texts.com/isl/pro/adam05.html]
[sacred-texts.com/isl/pro/adam06.html]
[sacred-texts.com/isl/pro/adam07.html]
[sacred-texts.com/isl/pro/adam08.html]
[sacred-texts.com/isl/pro/adam09.html]
[sacred-texts.com/isl/pro/adam10.html]
[sacred-texts.com/isl/pro/adam11.html]
[sacred-texts.com/isl/pro/adam12.html]
[sacred-texts.com/isl/pro/adam13.html]
[sacred-texts.com/isl/pro/adam14.html]
[sacred-texts.com/isl/pro/adam15.html]
[sacred-texts.com/isl/pro/enoc00.html]
[sacred-texts.com/isl/pro/enoc01.html]
[sacred-texts.com/isl/pro/noa00.html]
[sacred-texts.com/isl/pro/noa01.html]
[sacred-texts.com/isl/pro/noa02.html]
[sacred-texts.com/isl/pro/noa03.html]
[sacred-texts.com/isl/pro/hud00.html]
[sacred-texts.com/isl/pro/hud01.html]
[sacred-texts.com/isl/pro/hud02.html]
[sacred-texts.com/isl/pro/hud03.html]
[sacred-texts.com/isl/pro/hud04.html]
[sacred-texts.com/isl/pro/sal00.html]
[sacred-texts.com/isl/pro/sal01.html]
[sacred-texts.com/isl/pro/sal02.html]
[sacred-texts.com/isl/pro/abr01.html]
[sacred-texts.com/isl/pro/abr02.html]
[sacred-texts.com/isl/pro/abr03.html]
[sacred-texts.com/isl/pro/abr04.html]
[sacred-texts.com/isl/pro/abr05.html]
[sacred-texts.com/isl/pro/abr06.html]
[sacred-texts.com/isl/pro/abr07.html]
[sacred-texts.com/isl/pro/abr08.html]
[sacred-texts.com/isl/pro/abr09.html]
[sacred-texts.com/isl/pro/abr10.html]
[sacred-texts.com/isl/pro/abr11.html]
[sacred-texts.com/isl/pro/isa00.html]
[sacred-texts.com/isl/pro/lot00.html]
[sacred-texts.com/isl/pro/lot01.html]
[sacred-texts.com/isl/pro/lot02.html]
[sacred-texts.com/isl/pro/lot03.html]
[sacred-texts.com/isl/pro/lot04.html]
[sacred-texts.com/isl/pro/lot05.html]
[sacred-texts.com/isl/pro/jj00.html]
[sacred-texts.com/isl/pro/jj01.html]
[sacred-texts.com/isl/pro/jj02.html]
[sacred-texts.com/isl/pro/jj03.html]
[sacred-texts.com/isl/pro/jj04.html]
[sacred-texts.com/isl/pro/jj05.html]
[sacred-texts.com/isl/pro/jj06.html]
[sacred-texts.com/isl/pro/jj07.html]
[sacred-texts.com/isl/pro/jj08.html]
[sacred-texts.com/isl/pro/jj09.html]
[sacred-texts.com/isl/pro/qar00.html]
[sacred-texts.com/isl/pro/qar01.html]
[sacred-texts.com/isl/pro/qar02.html]
[sacred-texts.com/isl/pro/qar03.html]
[sacred-texts.com/isl/pro/job00.html]
[sacred-texts.com/isl/pro/job01.html]
[sacred-texts.com/isl/pro/job02.html]
[sacred-texts.com/isl/pro/jet00.html]
[sacred-texts.com/isl/pro/mos00.html]
[sacred-texts.com/isl/pro/mos01.html]
[sacred-texts.com/isl/pro/mos02.html]
[sacred-texts.com/isl/pro/mos03.html]
[sacred-texts.com/isl/pro/mos04.html]
[sacred-texts.com/isl/pro/mos05.html]
[sacred-texts.com/isl/pro/mos06.html]
[sacred-texts.com/isl/pro/mos07.html]
[sacred-texts.com/isl/pro/mos08.html]
[sacred-texts.com/isl/pro/mos09.html]
[sacred-texts.com/isl/pro/mos10.html]
[sacred-texts.com/isl/pro/mos11.html]
[sacred-texts.com/isl/pro/mos12.html]
[sacred-texts.com/isl/pro/mos13.html]
[sacred-texts.com/isl/pro/mos14.html]
[sacred-texts.com/isl/pro/mos15.html]
[sacred-texts.com/isl/pro/mos16.html]
[sacred-texts.com/isl/pro/mos17.html]
[sacred-texts.com/isl/pro/mos18.html]
[sacred-texts.com/isl/pro/mos19.html]
[sacred-texts.com/isl/pro/mos20.html]
[sacred-texts.com/isl/pro/mos21.html]
[sacred-texts.com/isl/pro/mos22.html]
[sacred-texts.com/isl/pro/mos23.html]
[sacred-texts.com/isl/pro/mos24.html]
[sacred-texts.com/isl/pro/mos25.html]
[sacred-texts.com/isl/pro/mos26.html]
[sacred-texts.com/isl/pro/mos27.html]
[sacred-texts.com/isl/pro/mos28.html]
[sacred-texts.com/isl/pro/mos29.html]
[sacred-texts.com/isl/pro/grp00.html]
[sacred-texts.com/isl/pro/grp01.html]
[sacred-texts.com/isl/pro/grp02.html]
[sacred-texts.com/isl/pro/grp03.html]
[sacred-texts.com/isl/pro/grp04.html]
[sacred-texts.com/isl/pro/dav00.html]
[sacred-texts.com/isl/pro/dav01.html]
[sacred-texts.com/isl/pro/dav02.html]
[sacred-texts.com/isl/pro/dav03.html]
[sacred-texts.com/isl/pro/dav04.html]
[sacred-texts.com/isl/pro/jon00.html]
[sacred-texts.com/isl/pro/zjo00.html]
[sacred-texts.com/isl/pro/zjo01.html]
[sacred-texts.com/isl/pro/jes00.html]
[sacred-texts.com/isl/pro/jes01.html]
[sacred-texts.com/isl/pro/jes02.html]
[sacred-texts.com/isl/pro/jes03.html]
[sacred-texts.com/isl/pro/jes04.html]
[sacred-texts.com/isl/pro/jes05.html]
[sacred-texts.com/isl/pro/jes06.html]
[sacred-texts.com/isl/pro/jes07.html]
[sacred-texts.com/isl/pro/jes08.html]
[sacred-texts.com/isl/pro/jes09.html]
[sacred-texts.com/isl/pro/jes10.html]
[sacred-texts.com/isl/pro/jes11.html]
[sacred-texts.com/isl/pro/jes12.html]
[sacred-texts.com/isl/pro/dan00.html]
[sacred-texts.com/isl/pro/eja00.html]
[sacred-texts.com/isl/pro/eja01.html]
[sacred-texts.com/isl/pro/eja02.html]
[sacred-texts.com/isl/pro/geo00.html]
[sacred-texts.com/isl/pro/geo01.html]
[sacred-texts.com/isl/hus/hus01.html]
[sacred-texts.com/isl/hus/hus02.html]
[sacred-texts.com/isl/hus/hus03.html]
[sacred-texts.com/isl/hus/hus04.html]
[sacred-texts.com/isl/hpi/errata.html]
[sacred-texts.com/isl/sal/sal000.html]
[sacred-texts.com/isl/sal/sal001.html]
[sacred-texts.com/isl/sal/sal002.html]
[sacred-texts.com/isl/sal/sal003.html]
[sacred-texts.com/isl/sal/sal004.html]
[sacred-texts.com/isl/sal/sal005.html]
[sacred-texts.com/isl/sal/sal006.html]
[sacred-texts.com/isl/sal/sal007.html]
[sacred-texts.com/isl/sal/sal008.html]
[sacred-texts.com/isl/sal/sal009.html]
[sacred-texts.com/isl/sal/sal010.html]
[sacred-texts.com/isl/sal/sal011.html]
[sacred-texts.com/isl/sal/sal012.html]
[sacred-texts.com/isl/sal/sal013.html]
[sacred-texts.com/isl/sal/sal014.html]
[sacred-texts.com/isl/sal/sal015.html]
[sacred-texts.com/isl/sal/sal016.html]
[sacred-texts.com/isl/sal/sal017.html]
[sacred-texts.com/isl/sal/sal018.html]
[sacred-texts.com/isl/sal/sal019.html]
[sacred-texts.com/isl/sal/sal020.html]
[sacred-texts.com/isl/sal/sal021.html]
[sacred-texts.com/isl/sal/sal022.html]
[sacred-texts.com/isl/sal/sal023.html]
[sacred-texts.com/isl/sal/sal024.html]
[sacred-texts.com/isl/sal/sal025.html]
[sacred-texts.com/isl/sal/sal026.html]
[sacred-texts.com/isl/sal/sal027.html]
[sacred-texts.com/isl/sal/sal028.html]
[sacred-texts.com/isl/sal/sal029.html]
[sacred-texts.com/isl/sal/sal030.html]
[sacred-texts.com/isl/sal/sal031.html]
[sacred-texts.com/isl/sal/sal032.html]
[sacred-texts.com/isl/sal/sal033.html]
[sacred-texts.com/isl/sal/sal034.html]
[sacred-texts.com/isl/sal/sal035.html]
[sacred-texts.com/isl/sal/sal036.html]
[sacred-texts.com/isl/sal/sal037.html]
[sacred-texts.com/isl/sal/sal038.html]
[sacred-texts.com/isl/sal/sal039.html]
[sacred-texts.com/isl/sal/sal040.html]
[sacred-texts.com/isl/sal/sal041.html]
[sacred-texts.com/isl/sal/sal042.html]
[sacred-texts.com/isl/sal/sal043.html]
[sacred-texts.com/isl/sal/sal044.html]
[sacred-texts.com/isl/sal/sal045.html]
[sacred-texts.com/isl/sal/sal046.html]
[sacred-texts.com/isl/sal/sal047.html]
[sacred-texts.com/isl/sal/sal048.html]
[sacred-texts.com/isl/sal/sal049.html]
[sacred-texts.com/isl/sal/sal050.html]
[sacred-texts.com/isl/sal/sal051.html]
[sacred-texts.com/isl/sal/sal052.html]
[sacred-texts.com/isl/sal/sal053.html]
[sacred-texts.com/isl/sal/sal054.html]
[sacred-texts.com/isl/sal/sal055.html]
[sacred-texts.com/isl/sal/sal056.html]
[sacred-texts.com/isl/sal/sal057.html]
[sacred-texts.com/isl/sal/sal058.html]
[sacred-texts.com/isl/sal/sal059.html]
[sacred-texts.com/isl/sal/sal060.html]
[sacred-texts.com/isl/sal/sal061.html]
[sacred-texts.com/isl/sal/sal062.html]
[sacred-texts.com/isl/sal/sal063.html]
[sacred-texts.com/isl/sal/sal064.html]
[sacred-texts.com/isl/sal/sal065.html]
[sacred-texts.com/isl/sal/sal066.html]
[sacred-texts.com/isl/sal/sal067.html]
[sacred-texts.com/isl/sal/sal068.html]
[sacred-texts.com/isl/sal/sal069.html]
[sacred-texts.com/isl/sal/sal070.html]
[sacred-texts.com/isl/sal/sal071.html]
[sacred-texts.com/isl/sal/sal072.html]
[sacred-texts.com/isl/sal/sal073.html]
[sacred-texts.com/isl/sal/sal074.html]
[sacred-texts.com/isl/sal/sal075.html]
[sacred-texts.com/isl/sal/sal076.html]
[sacred-texts.com/isl/sal/sal077.html]
[sacred-texts.com/isl/sal/sal078.html]
[sacred-texts.com/isl/sal/sal079.html]
[sacred-texts.com/isl/sal/sal080.html]
[sacred-texts.com/isl/sal/sal081.html]
[sacred-texts.com/isl/sal/sal082.html]
[sacred-texts.com/isl/sal/sal083.html]
[sacred-texts.com/isl/sal/sal084.html]
[sacred-texts.com/isl/sal/sal085.html]
[sacred-texts.com/isl/sal/sal086.html]
[sacred-texts.com/isl/sal/sal087.html]
[sacred-texts.com/isl/sal/sal088.html]
[sacred-texts.com/isl/sal/sal089.html]
[sacred-texts.com/isl/sal/sal090.html]
[sacred-texts.com/isl/sal/sal091.html]
[sacred-texts.com/isl/sal/sal092.html]
[sacred-texts.com/isl/sal/sal093.html]
[sacred-texts.com/isl/sal/sal094.html]
[sacred-texts.com/isl/sal/sal095.html]
[sacred-texts.com/isl/sal/sal096.html]
[sacred-texts.com/isl/sal/sal097.html]
[sacred-texts.com/isl/sal/sal098.html]
[sacred-texts.com/isl/sal/sal099.html]
[sacred-texts.com/isl/sal/sal100.html]
[sacred-texts.com/isl/sal/sal101.html]
[sacred-texts.com/isl/sal/sal102.html]
[sacred-texts.com/isl/sal/sal103.html]
[sacred-texts.com/isl/sal/sal104.html]
[sacred-texts.com/isl/sal/sal105.html]
[sacred-texts.com/isl/sal/sal106.html]
[sacred-texts.com/isl/sal/sal107.html]
[sacred-texts.com/isl/sal/sal108.html]
[sacred-texts.com/isl/sal/sal109.html]
[sacred-texts.com/isl/sal/sal110.html]
[sacred-texts.com/isl/sal/sal111.html]
[sacred-texts.com/isl/sal/sal112.html]
[sacred-texts.com/isl/sal/sal113.html]
[sacred-texts.com/isl/sal/sal114.html]
[sacred-texts.com/isl/sal/sal115.html]
[sacred-texts.com/isl/sal/sal116.html]
[sacred-texts.com/isl/sal/sal117.html]
[sacred-texts.com/isl/sal/sal118.html]
[sacred-texts.com/isl/sal/sal119.html]
[sacred-texts.com/isl/sal/sal120.html]
[sacred-texts.com/isl/sal/sal121.html]
[sacred-texts.com/isl/sal/sal122.html]
[sacred-texts.com/isl/sal/sal123.html]
[sacred-texts.com/isl/sal/sal124.html]
[sacred-texts.com/isl/sal/sal125.html]
[sacred-texts.com/isl/sal/sal126.html]
[sacred-texts.com/isl/sal/sal127.html]
[sacred-texts.com/isl/sal/sal128.html]
[sacred-texts.com/isl/sal/sal129.html]
[sacred-texts.com/isl/sal/sal130.html]
[sacred-texts.com/isl/sal/sal131.html]
[sacred-texts.com/isl/sal/sal132.html]
[sacred-texts.com/isl/sal/sal133.html]
[sacred-texts.com/isl/sal/sal134.html]
[sacred-texts.com/isl/sal/sal135.html]
[sacred-texts.com/isl/sal/sal136.html]
[sacred-texts.com/isl/sal/sal137.html]
[sacred-texts.com/isl/sal/sal138.html]
[sacred-texts.com/isl/sal/sal139.html]
[sacred-texts.com/isl/sal/sal140.html]
[sacred-texts.com/isl/sal/sal141.html]
[sacred-texts.com/isl/sal/sal142.html]
[sacred-texts.com/isl/sal/sal143.html]
[sacred-texts.com/isl/sal/sal144.html]
[sacred-texts.com/isl/sal/sal145.html]
[sacred-texts.com/isl/sal/sal146.html]
[sacred-texts.com/isl/sal/sal147.html]
[sacred-texts.com/isl/sal/sal148.html]
[sacred-texts.com/isl/sal/sal149.html]
[sacred-texts.com/isl/sal/sal150.html]
[sacred-texts.com/isl/sal/sal151.html]
[sacred-texts.com/isl/sal/sal152.html]
[sacred-texts.com/isl/sal/sal153.html]
[sacred-texts.com/isl/sal/sal154.html]
[sacred-texts.com/isl/sal/sal155.html]
[sacred-texts.com/isl/sal/sal156.html]
[sacred-texts.com/isl/sal/sal157.html]
[sacred-texts.com/isl/sal/sal158.html]
[sacred-texts.com/isl/sal/sal159.html]
[sacred-texts.com/isl/sal/sal160.html]
[sacred-texts.com/isl/sal/sal161.html]
[sacred-texts.com/isl/sal/sal162.html]
[sacred-texts.com/isl/adg/adg00.html]
[sacred-texts.com/isl/adg/adg01.html]
[sacred-texts.com/isl/adg/adg02.html]
[sacred-texts.com/isl/adg/adg03.html]
[sacred-texts.com/isl/adg/adg04.html]
[sacred-texts.com/isl/adg/adg05.html]
[sacred-texts.com/isl/adg/adg06.html]
[sacred-texts.com/isl/adg/adg07.html]
[sacred-texts.com/isl/adg/adg08.html]
[sacred-texts.com/isl/adg/adg09.html]
[sacred-texts.com/isl/adg/adg10.html]
[sacred-texts.com/isl/adg/adg11.html]
[sacred-texts.com/isl/adg/adg12.html]
[sacred-texts.com/isl/adg/adg13.html]
[sacred-texts.com/isl/adg/adg14.html]
[sacred-texts.com/isl/adg/adg15.html]
[sacred-texts.com/isl/quran/00202.html]
[sacred-texts.com/isl/quran/00240.html]
[sacred-texts.com/isl/quran/00302.html]
[sacred-texts.com/isl/quran/00320.html]
[sacred-texts.com/isl/quran/00402.html]
[sacred-texts.com/isl/quran/00424.html]
[sacred-texts.com/isl/quran/00502.html]
[sacred-texts.com/isl/quran/00516.html]
[sacred-texts.com/isl/quran/00602.html]
[sacred-texts.com/isl/quran/00620.html]
[sacred-texts.com/isl/quran/00702.html]
[sacred-texts.com/isl/quran/00724.html]
[sacred-texts.com/isl/quran/00802.html]
[sacred-texts.com/isl/quran/00810.html]
[sacred-texts.com/isl/quran/00902.html]
[sacred-texts.com/isl/quran/00916.html]
[sacred-texts.com/isl/quran/01002.html]
[sacred-texts.com/isl/quran/01011.html]
[sacred-texts.com/isl/quran/01102.html]
[sacred-texts.com/isl/quran/01110.html]
[sacred-texts.com/isl/quran/01202.html]
[sacred-texts.com/isl/quran/01212.html]
[sacred-texts.com/isl/quran/01302.html]
[sacred-texts.com/isl/quran/01306.html]
[sacred-texts.com/isl/quran/01402.html]
[sacred-texts.com/isl/quran/01407.html]
[sacred-texts.com/isl/quran/01502.html]
[sacred-texts.com/isl/quran/01506.html]
[sacred-texts.com/isl/quran/01602.html]
[sacred-texts.com/isl/quran/01616.html]
[sacred-texts.com/isl/quran/01702.html]
[sacred-texts.com/isl/quran/01712.html]
[sacred-texts.com/isl/quran/01802.html]
[sacred-texts.com/isl/quran/01812.html]
[sacred-texts.com/isl/quran/01902.html]
[sacred-texts.com/isl/quran/01906.html]
[sacred-texts.com/isl/quran/02002.html]
[sacred-texts.com/isl/quran/02008.html]
[sacred-texts.com/isl/quran/02102.html]
[sacred-texts.com/isl/quran/02106.html]
[sacred-texts.com/isl/quran/02202.html]
[sacred-texts.com/isl/quran/02210.html]
[sacred-texts.com/isl/quran/02302.html]
[sacred-texts.com/isl/quran/02306.html]
[sacred-texts.com/isl/quran/02402.html]
[sacred-texts.com/isl/quran/02409.html]
[sacred-texts.com/isl/quran/02502.html]
[sacred-texts.com/isl/quran/02506.html]
[sacred-texts.com/isl/quran/02602.html]
[sacred-texts.com/isl/quran/02611.html]
[sacred-texts.com/isl/quran/02702.html]
[sacred-texts.com/isl/quran/02707.html]
[sacred-texts.com/isl/quran/02802.html]
[sacred-texts.com/isl/quran/02809.html]
[sacred-texts.com/isl/quran/02902.html]
[sacred-texts.com/isl/quran/02907.html]
[sacred-texts.com/isl/quran/03002.html]
[sacred-texts.com/isl/quran/03006.html]
[sacred-texts.com/isl/quran/03102.html]
[sacred-texts.com/isl/quran/03104.html]
[sacred-texts.com/isl/quran/03202.html]
[sacred-texts.com/isl/quran/03203.html]
[sacred-texts.com/isl/quran/03302.html]
[sacred-texts.com/isl/quran/03309.html]
[sacred-texts.com/isl/quran/03402.html]
[sacred-texts.com/isl/quran/03406.html]
[sacred-texts.com/isl/quran/03502.html]
[sacred-texts.com/isl/quran/03505.html]
[sacred-texts.com/isl/quran/03602.html]
[sacred-texts.com/isl/quran/03605.html]
[sacred-texts.com/isl/quran/03702.html]
[sacred-texts.com/isl/quran/03705.html]
[sacred-texts.com/isl/quran/03802.html]
[sacred-texts.com/isl/quran/03805.html]
[sacred-texts.com/isl/quran/03902.html]
[sacred-texts.com/isl/quran/03908.html]
[sacred-texts.com/isl/quran/04002.html]
[sacred-texts.com/isl/quran/04009.html]
[sacred-texts.com/isl/quran/04102.html]
[sacred-texts.com/isl/quran/04106.html]
[sacred-texts.com/isl/quran/04202.html]
[sacred-texts.com/isl/quran/04205.html]
[sacred-texts.com/isl/quran/04302.html]
[sacred-texts.com/isl/quran/04403.html]
[sacred-texts.com/isl/quran/04502.html]
[sacred-texts.com/isl/quran/04504.html]
[sacred-texts.com/isl/quran/04602.html]
[sacred-texts.com/isl/quran/04604.html]
[sacred-texts.com/isl/quran/04702.html]
[sacred-texts.com/isl/quran/04704.html]
[sacred-texts.com/isl/quran/04802.html]
[sacred-texts.com/isl/quran/04804.html]
[sacred-texts.com/isl/quran/04902.html]
[sacred-texts.com/isl/quran/05002.html]
[sacred-texts.com/isl/quran/05003.html]
[sacred-texts.com/isl/quran/05102.html]
[sacred-texts.com/isl/quran/05103.html]
[sacred-texts.com/isl/quran/05202.html]
[sacred-texts.com/isl/quran/05302.html]
[sacred-texts.com/isl/quran/05303.html]
[sacred-texts.com/isl/quran/05402.html]
[sacred-texts.com/isl/quran/05403.html]
[sacred-texts.com/isl/quran/05502.html]
[sacred-texts.com/isl/quran/05503.html]
[sacred-texts.com/isl/quran/05602.html]
[sacred-texts.com/isl/quran/05603.html]
[sacred-texts.com/isl/quran/05702.html]
[sacred-texts.com/isl/quran/05704.html]
[sacred-texts.com/isl/quran/05802.html]
[sacred-texts.com/isl/quran/05803.html]
[sacred-texts.com/isl/quran/05902.html]
[sacred-texts.com/isl/quran/05903.html]
[sacred-texts.com/isl/quran/06002.html]
[sacred-texts.com/isl/quran/06102.html]
[sacred-texts.com/isl/quran/06202.html]
[sacred-texts.com/isl/quran/06302.html]
[sacred-texts.com/isl/quran/06402.html]
[sacred-texts.com/isl/quran/06502.html]
[sacred-texts.com/isl/quran/06602.html]
[sacred-texts.com/isl/quran/06702.html]
[sacred-texts.com/isl/quran/06802.html]
[sacred-texts.com/isl/quran/06902.html]
[sacred-texts.com/isl/quran/07002.html]
[sacred-texts.com/isl/quran/07102.html]
[sacred-texts.com/isl/quran/07202.html]
[sacred-texts.com/isl/quran/07302.html]
[sacred-texts.com/isl/quran/07402.html]
[sacred-texts.com/isl/quran/07502.html]
[sacred-texts.com/isl/quran/07602.html]
[sacred-texts.com/isl/quran/07702.html]
[sacred-texts.com/isl/quran/07802.html]
[sacred-texts.com/isl/quran/07902.html]
[sacred-texts.com/isl/quran/00203.html]
[sacred-texts.com/isl/quran/00204.html]
[sacred-texts.com/isl/quran/00205.html]
[sacred-texts.com/isl/quran/00206.html]
[sacred-texts.com/isl/quran/00207.html]
[sacred-texts.com/isl/quran/00208.html]
[sacred-texts.com/isl/quran/00209.html]
[sacred-texts.com/isl/quran/00210.html]
[sacred-texts.com/isl/quran/00211.html]
[sacred-texts.com/isl/quran/00212.html]
[sacred-texts.com/isl/quran/00213.html]
[sacred-texts.com/isl/quran/00214.html]
[sacred-texts.com/isl/quran/00215.html]
[sacred-texts.com/isl/quran/00216.html]
[sacred-texts.com/isl/quran/00217.html]
[sacred-texts.com/isl/quran/00218.html]
[sacred-texts.com/isl/quran/00219.html]
[sacred-texts.com/isl/quran/00220.html]
[sacred-texts.com/isl/quran/00221.html]
[sacred-texts.com/isl/quran/00222.html]
[sacred-texts.com/isl/quran/00223.html]
[sacred-texts.com/isl/quran/00224.html]
[sacred-texts.com/isl/quran/00225.html]
[sacred-texts.com/isl/quran/00226.html]
[sacred-texts.com/isl/quran/00227.html]
[sacred-texts.com/isl/quran/00228.html]
[sacred-texts.com/isl/quran/00229.html]
[sacred-texts.com/isl/quran/00230.html]
[sacred-texts.com/isl/quran/00231.html]
[sacred-texts.com/isl/quran/00232.html]
[sacred-texts.com/isl/quran/00233.html]
[sacred-texts.com/isl/quran/00234.html]
[sacred-texts.com/isl/quran/00235.html]
[sacred-texts.com/isl/quran/00236.html]
[sacred-texts.com/isl/quran/00237.html]
[sacred-texts.com/isl/quran/00238.html]
[sacred-texts.com/isl/quran/00239.html]
[sacred-texts.com/isl/quran/00303.html]
[sacred-texts.com/isl/quran/00304.html]
[sacred-texts.com/isl/quran/00305.html]
[sacred-texts.com/isl/quran/00306.html]
[sacred-texts.com/isl/quran/00307.html]
[sacred-texts.com/isl/quran/00308.html]
[sacred-texts.com/isl/quran/00309.html]
[sacred-texts.com/isl/quran/00310.html]
[sacred-texts.com/isl/quran/00311.html]
[sacred-texts.com/isl/quran/00312.html]
[sacred-texts.com/isl/quran/00313.html]
[sacred-texts.com/isl/quran/00314.html]
[sacred-texts.com/isl/quran/00315.html]
[sacred-texts.com/isl/quran/00316.html]
[sacred-texts.com/isl/quran/00317.html]
[sacred-texts.com/isl/quran/00318.html]
[sacred-texts.com/isl/quran/00319.html]
[sacred-texts.com/isl/quran/00403.html]
[sacred-texts.com/isl/quran/00404.html]
[sacred-texts.com/isl/quran/00405.html]
[sacred-texts.com/isl/quran/00406.html]
[sacred-texts.com/isl/quran/00407.html]
[sacred-texts.com/isl/quran/00408.html]
[sacred-texts.com/isl/quran/00409.html]
[sacred-texts.com/isl/quran/00410.html]
[sacred-texts.com/isl/quran/00411.html]
[sacred-texts.com/isl/quran/00412.html]
[sacred-texts.com/isl/quran/00413.html]
[sacred-texts.com/isl/quran/00414.html]
[sacred-texts.com/isl/quran/00415.html]
[sacred-texts.com/isl/quran/00416.html]
[sacred-texts.com/isl/quran/00417.html]
[sacred-texts.com/isl/quran/00418.html]
[sacred-texts.com/isl/quran/00419.html]
[sacred-texts.com/isl/quran/00420.html]
[sacred-texts.com/isl/quran/00421.html]
[sacred-texts.com/isl/quran/00422.html]
[sacred-texts.com/isl/quran/00423.html]
[sacred-texts.com/isl/quran/00503.html]
[sacred-texts.com/isl/quran/00504.html]
[sacred-texts.com/isl/quran/00505.html]
[sacred-texts.com/isl/quran/00506.html]
[sacred-texts.com/isl/quran/00507.html]
[sacred-texts.com/isl/quran/00508.html]
[sacred-texts.com/isl/quran/00509.html]
[sacred-texts.com/isl/quran/00510.html]
[sacred-texts.com/isl/quran/00511.html]
[sacred-texts.com/isl/quran/00512.html]
[sacred-texts.com/isl/quran/00513.html]
[sacred-texts.com/isl/quran/00514.html]
[sacred-texts.com/isl/quran/00515.html]
[sacred-texts.com/isl/quran/00603.html]
[sacred-texts.com/isl/quran/00604.html]
[sacred-texts.com/isl/quran/00605.html]
[sacred-texts.com/isl/quran/00606.html]
[sacred-texts.com/isl/quran/00607.html]
[sacred-texts.com/isl/quran/00608.html]
[sacred-texts.com/isl/quran/00609.html]
[sacred-texts.com/isl/quran/00610.html]
[sacred-texts.com/isl/quran/00611.html]
[sacred-texts.com/isl/quran/00612.html]
[sacred-texts.com/isl/quran/00613.html]
[sacred-texts.com/isl/quran/00614.html]
[sacred-texts.com/isl/quran/00615.html]
[sacred-texts.com/isl/quran/00616.html]
[sacred-texts.com/isl/quran/00617.html]
[sacred-texts.com/isl/quran/00618.html]
[sacred-texts.com/isl/quran/00619.html]
[sacred-texts.com/isl/quran/00703.html]
[sacred-texts.com/isl/quran/00704.html]
[sacred-texts.com/isl/quran/00705.html]
[sacred-texts.com/isl/quran/00706.html]
[sacred-texts.com/isl/quran/00707.html]
[sacred-texts.com/isl/quran/00708.html]
[sacred-texts.com/isl/quran/00709.html]
[sacred-texts.com/isl/quran/00710.html]
[sacred-texts.com/isl/quran/00711.html]
[sacred-texts.com/isl/quran/00712.html]
[sacred-texts.com/isl/quran/00713.html]
[sacred-texts.com/isl/quran/00714.html]
[sacred-texts.com/isl/quran/00715.html]
[sacred-texts.com/isl/quran/00716.html]
[sacred-texts.com/isl/quran/00717.html]
[sacred-texts.com/isl/quran/00718.html]
[sacred-texts.com/isl/quran/00719.html]
[sacred-texts.com/isl/quran/00720.html]
[sacred-texts.com/isl/quran/00721.html]
[sacred-texts.com/isl/quran/00722.html]
[sacred-texts.com/isl/quran/00723.html]
[sacred-texts.com/isl/quran/00803.html]
[sacred-texts.com/isl/quran/00804.html]
[sacred-texts.com/isl/quran/00805.html]
[sacred-texts.com/isl/quran/00806.html]
[sacred-texts.com/isl/quran/00807.html]
[sacred-texts.com/isl/quran/00808.html]
[sacred-texts.com/isl/quran/00809.html]
[sacred-texts.com/isl/quran/00903.html]
[sacred-texts.com/isl/quran/00904.html]
[sacred-texts.com/isl/quran/00905.html]
[sacred-texts.com/isl/quran/00906.html]
[sacred-texts.com/isl/quran/00907.html]
[sacred-texts.com/isl/quran/00908.html]
[sacred-texts.com/isl/quran/00909.html]
[sacred-texts.com/isl/quran/00910.html]
[sacred-texts.com/isl/quran/00911.html]
[sacred-texts.com/isl/quran/00912.html]
[sacred-texts.com/isl/quran/00913.html]
[sacred-texts.com/isl/quran/00914.html]
[sacred-texts.com/isl/quran/00915.html]
[sacred-texts.com/isl/quran/01003.html]
[sacred-texts.com/isl/quran/01004.html]
[sacred-texts.com/isl/quran/01005.html]
[sacred-texts.com/isl/quran/01006.html]
[sacred-texts.com/isl/quran/01007.html]
[sacred-texts.com/isl/quran/01008.html]
[sacred-texts.com/isl/quran/01009.html]
[sacred-texts.com/isl/quran/01010.html]
[sacred-texts.com/isl/quran/01103.html]
[sacred-texts.com/isl/quran/01104.html]
[sacred-texts.com/isl/quran/01105.html]
[sacred-texts.com/isl/quran/01106.html]
[sacred-texts.com/isl/quran/01107.html]
[sacred-texts.com/isl/quran/01108.html]
[sacred-texts.com/isl/quran/01109.html]
[sacred-texts.com/isl/quran/01203.html]
[sacred-texts.com/isl/quran/01204.html]
[sacred-texts.com/isl/quran/01205.html]
[sacred-texts.com/isl/quran/01206.html]
[sacred-texts.com/isl/quran/01207.html]
[sacred-texts.com/isl/quran/01208.html]
[sacred-texts.com/isl/quran/01209.html]
[sacred-texts.com/isl/quran/01210.html]
[sacred-texts.com/isl/quran/01211.html]
[sacred-texts.com/isl/quran/01303.html]
[sacred-texts.com/isl/quran/01304.html]
[sacred-texts.com/isl/quran/01305.html]
[sacred-texts.com/isl/quran/01403.html]
[sacred-texts.com/isl/quran/01404.html]
[sacred-texts.com/isl/quran/01405.html]
[sacred-texts.com/isl/quran/01406.html]
[sacred-texts.com/isl/quran/01503.html]
[sacred-texts.com/isl/quran/01504.html]
[sacred-texts.com/isl/quran/01505.html]
[sacred-texts.com/isl/quran/01603.html]
[sacred-texts.com/isl/quran/01604.html]
[sacred-texts.com/isl/quran/01605.html]
[sacred-texts.com/isl/quran/01606.html]
[sacred-texts.com/isl/quran/01607.html]
[sacred-texts.com/isl/quran/01608.html]
[sacred-texts.com/isl/quran/01609.html]
[sacred-texts.com/isl/quran/01610.html]
[sacred-texts.com/isl/quran/01611.html]
[sacred-texts.com/isl/quran/01612.html]
[sacred-texts.com/isl/quran/01613.html]
[sacred-texts.com/isl/quran/01614.html]
[sacred-texts.com/isl/quran/01615.html]
[sacred-texts.com/isl/quran/01703.html]
[sacred-texts.com/isl/quran/01704.html]
[sacred-texts.com/isl/quran/01705.html]
[sacred-texts.com/isl/quran/01706.html]
[sacred-texts.com/isl/quran/01707.html]
[sacred-texts.com/isl/quran/01708.html]
[sacred-texts.com/isl/quran/01709.html]
[sacred-texts.com/isl/quran/01710.html]
[sacred-texts.com/isl/quran/01711.html]
[sacred-texts.com/isl/quran/01803.html]
[sacred-texts.com/isl/quran/01804.html]
[sacred-texts.com/isl/quran/01805.html]
[sacred-texts.com/isl/quran/01806.html]
[sacred-texts.com/isl/quran/01807.html]
[sacred-texts.com/isl/quran/01808.html]
[sacred-texts.com/isl/quran/01809.html]
[sacred-texts.com/isl/quran/01810.html]
[sacred-texts.com/isl/quran/01811.html]
[sacred-texts.com/isl/quran/01903.html]
[sacred-texts.com/isl/quran/01904.html]
[sacred-texts.com/isl/quran/01905.html]
[sacred-texts.com/isl/quran/02003.html]
[sacred-texts.com/isl/quran/02004.html]
[sacred-texts.com/isl/quran/02005.html]
[sacred-texts.com/isl/quran/02006.html]
[sacred-texts.com/isl/quran/02007.html]
[sacred-texts.com/isl/quran/02103.html]
[sacred-texts.com/isl/quran/02104.html]
[sacred-texts.com/isl/quran/02105.html]
[sacred-texts.com/isl/quran/02203.html]
[sacred-texts.com/isl/quran/02204.html]
[sacred-texts.com/isl/quran/02205.html]
[sacred-texts.com/isl/quran/02206.html]
[sacred-texts.com/isl/quran/02207.html]
[sacred-texts.com/isl/quran/02208.html]
[sacred-texts.com/isl/quran/02209.html]
[sacred-texts.com/isl/quran/02303.html]
[sacred-texts.com/isl/quran/02304.html]
[sacred-texts.com/isl/quran/02305.html]
[sacred-texts.com/isl/quran/02403.html]
[sacred-texts.com/isl/quran/02404.html]
[sacred-texts.com/isl/quran/02405.html]
[sacred-texts.com/isl/quran/02406.html]
[sacred-texts.com/isl/quran/02407.html]
[sacred-texts.com/isl/quran/02408.html]
[sacred-texts.com/isl/quran/02503.html]
[sacred-texts.com/isl/quran/02504.html]
[sacred-texts.com/isl/quran/02505.html]
[sacred-texts.com/isl/quran/02603.html]
[sacred-texts.com/isl/quran/02604.html]
[sacred-texts.com/isl/quran/02605.html]
[sacred-texts.com/isl/quran/02606.html]
[sacred-texts.com/isl/quran/02607.html]
[sacred-texts.com/isl/quran/02608.html]
[sacred-texts.com/isl/quran/02609.html]
[sacred-texts.com/isl/quran/02610.html]
[sacred-texts.com/isl/quran/02703.html]
[sacred-texts.com/isl/quran/02704.html]
[sacred-texts.com/isl/quran/02705.html]
[sacred-texts.com/isl/quran/02706.html]
[sacred-texts.com/isl/quran/02803.html]
[sacred-texts.com/isl/quran/02804.html]
[sacred-texts.com/isl/quran/02805.html]
[sacred-texts.com/isl/quran/02806.html]
[sacred-texts.com/isl/quran/02807.html]
[sacred-texts.com/isl/quran/02808.html]
[sacred-texts.com/isl/quran/02903.html]
[sacred-texts.com/isl/quran/02904.html]
[sacred-texts.com/isl/quran/02905.html]
[sacred-texts.com/isl/quran/02906.html]
[sacred-texts.com/isl/quran/03003.html]
[sacred-texts.com/isl/quran/03004.html]
[sacred-texts.com/isl/quran/03005.html]
[sacred-texts.com/isl/quran/03103.html]
[sacred-texts.com/isl/quran/03303.html]
[sacred-texts.com/isl/quran/03304.html]
[sacred-texts.com/isl/quran/03305.html]
[sacred-texts.com/isl/quran/03306.html]
[sacred-texts.com/isl/quran/03307.html]
[sacred-texts.com/isl/quran/03308.html]
[sacred-texts.com/isl/quran/03403.html]
[sacred-texts.com/isl/quran/03404.html]
[sacred-texts.com/isl/quran/03405.html]
[sacred-texts.com/isl/quran/03503.html]
[sacred-texts.com/isl/quran/03504.html]
[sacred-texts.com/isl/quran/03603.html]
[sacred-texts.com/isl/quran/03604.html]
[sacred-texts.com/isl/quran/03703.html]
[sacred-texts.com/isl/quran/03704.html]
[sacred-texts.com/isl/quran/03803.html]
[sacred-texts.com/isl/quran/03804.html]
[sacred-texts.com/isl/quran/03903.html]
[sacred-texts.com/isl/quran/03904.html]
[sacred-texts.com/isl/quran/03905.html]
[sacred-texts.com/isl/quran/03906.html]
[sacred-texts.com/isl/quran/03907.html]
[sacred-texts.com/isl/quran/04003.html]
[sacred-texts.com/isl/quran/04004.html]
[sacred-texts.com/isl/quran/04005.html]
[sacred-texts.com/isl/quran/04006.html]
[sacred-texts.com/isl/quran/04007.html]
[sacred-texts.com/isl/quran/04008.html]
[sacred-texts.com/isl/quran/04103.html]
[sacred-texts.com/isl/quran/04104.html]
[sacred-texts.com/isl/quran/04105.html]
[sacred-texts.com/isl/quran/04203.html]
[sacred-texts.com/isl/quran/04204.html]
[sacred-texts.com/isl/quran/04303.html]
[sacred-texts.com/isl/quran/04304.html]
[sacred-texts.com/isl/quran/04305.html]
[sacred-texts.com/isl/quran/04306.html]
[sacred-texts.com/isl/quran/04503.html]
[sacred-texts.com/isl/quran/04603.html]
[sacred-texts.com/isl/quran/04703.html]
[sacred-texts.com/isl/quran/04803.html]
[sacred-texts.com/isl/quran/05703.html]
[sacred-texts.com/isl/hafiz.html]
[sacred-texts.com/isl/bukhari/bh1/bh1_01.html]
[sacred-texts.com/isl/bukhari/bh1/bh1_02.html]
[sacred-texts.com/isl/bukhari/bh1/bh1_03.html]
[sacred-texts.com/isl/bukhari/bh1/bh1_04.html]
[sacred-texts.com/isl/bukhari/bh1/bh1_05.html]
[sacred-texts.com/isl/bukhari/bh1/bh1_06.html]
[sacred-texts.com/isl/bukhari/bh1/bh1_07.html]
[sacred-texts.com/isl/bukhari/bh1/bh1_08.html]
[sacred-texts.com/isl/bukhari/bh1/bh1_09.html]
[sacred-texts.com/isl/bukhari/bh1/bh1_10.html]
[sacred-texts.com/isl/bukhari/bh1/bh1_11.html]
[sacred-texts.com/isl/bukhari/bh1/bh1_12.html]
[sacred-texts.com/isl/bukhari/bh1/bh1_13.html]
[sacred-texts.com/isl/bukhari/bh1/bh1_14.html]
[sacred-texts.com/isl/bukhari/bh1/bh1_15.html]
[sacred-texts.com/isl/bukhari/bh1/bh1_16.html]
[sacred-texts.com/isl/bukhari/bh1/bh1_17.html]
[sacred-texts.com/isl/bukhari/bh1/bh1_18.html]
[sacred-texts.com/isl/bukhari/bh1/bh1_19.html]
[sacred-texts.com/isl/bukhari/bh1/bh1_20.html]
[sacred-texts.com/isl/bukhari/bh1/bh1_21.html]
[sacred-texts.com/isl/bukhari/bh1/bh1_22.html]
[sacred-texts.com/isl/bukhari/bh1/bh1_23.html]
[sacred-texts.com/isl/bukhari/bh1/bh1_24.html]
[sacred-texts.com/isl/bukhari/bh1/bh1_25.html]
[sacred-texts.com/isl/bukhari/bh1/bh1_26.html]
[sacred-texts.com/isl/bukhari/bh1/bh1_27.html]
[sacred-texts.com/isl/bukhari/bh1/bh1_28.html]
[sacred-texts.com/isl/bukhari/bh1/bh1_29.html]
[sacred-texts.com/isl/bukhari/bh1/bh1_30.html]
[sacred-texts.com/isl/bukhari/bh1/bh1_31.html]
[sacred-texts.com/isl/bukhari/bh1/bh1_32.html]
[sacred-texts.com/isl/bukhari/bh1/bh1_33.html]
[sacred-texts.com/isl/bukhari/bh1/bh1_34.html]
[sacred-texts.com/isl/bukhari/bh1/bh1_35.html]
[sacred-texts.com/isl/bukhari/bh1/bh1_36.html]
[sacred-texts.com/isl/bukhari/bh1/bh1_37.html]
[sacred-texts.com/isl/bukhari/bh1/bh1_38.html]
[sacred-texts.com/isl/bukhari/bh1/bh1_39.html]
[sacred-texts.com/isl/bukhari/bh1/bh1_40.html]
[sacred-texts.com/isl/bukhari/bh1/bh1_41.html]
[sacred-texts.com/isl/bukhari/bh1/bh1_42.html]
[sacred-texts.com/isl/bukhari/bh1/bh1_43.html]
[sacred-texts.com/isl/bukhari/bh1/bh1_44.html]
[sacred-texts.com/isl/bukhari/bh1/bh1_45.html]
[sacred-texts.com/isl/bukhari/bh1/bh1_46.html]
[sacred-texts.com/isl/bukhari/bh1/bh1_47.html]
[sacred-texts.com/isl/bukhari/bh1/bh1_48.html]
[sacred-texts.com/isl/bukhari/bh1/bh1_49.html]
[sacred-texts.com/isl/bukhari/bh1/bh1_50.html]
[sacred-texts.com/isl/bukhari/bh1/bh1_51.html]
[sacred-texts.com/isl/bukhari/bh1/bh1_52.html]
[sacred-texts.com/isl/bukhari/bh1/bh1_53.html]
[sacred-texts.com/isl/bukhari/bh1/bh1_54.html]
[sacred-texts.com/isl/bukhari/bh1/bh1_55.html]
[sacred-texts.com/isl/bukhari/bh1/bh1_56.html]
[sacred-texts.com/isl/bukhari/bh1/bh1_57.html]
[sacred-texts.com/isl/bukhari/bh1/bh1_58.html]
[sacred-texts.com/isl/bukhari/bh1/bh1_59.html]
[sacred-texts.com/isl/bukhari/bh1/bh1_60.html]
[sacred-texts.com/isl/bukhari/bh1/bh1_61.html]
[sacred-texts.com/isl/bukhari/bh1/bh1_62.html]
[sacred-texts.com/isl/bukhari/bh1/bh1_63.html]
[sacred-texts.com/isl/bukhari/bh1/bh1_64.html]
[sacred-texts.com/isl/bukhari/bh1/bh1_65.html]
[sacred-texts.com/isl/bukhari/bh1/bh1_66.html]
[sacred-texts.com/isl/bukhari/bh1/bh1_67.html]
[sacred-texts.com/isl/bukhari/bh1/bh1_68.html]
[sacred-texts.com/isl/bukhari/bh1/bh1_69.html]
[sacred-texts.com/isl/bukhari/bh1/bh1_70.html]
[sacred-texts.com/isl/bukhari/bh1/bh1_71.html]
[sacred-texts.com/isl/bukhari/bh1/bh1_72.html]
[sacred-texts.com/isl/bukhari/bh1/bh1_73.html]
[sacred-texts.com/isl/bukhari/bh1/bh1_74.html]
[sacred-texts.com/isl/bukhari/bh1/bh1_75.html]
[sacred-texts.com/isl/bukhari/bh1/bh1_76.html]
[sacred-texts.com/isl/bukhari/bh1/bh1_77.html]
[sacred-texts.com/isl/bukhari/bh1/bh1_78.html]
[sacred-texts.com/isl/bukhari/bh1/bh1_79.html]
[sacred-texts.com/isl/bukhari/bh1/bh1_80.html]
[sacred-texts.com/isl/bukhari/bh1/bh1_81.html]
[sacred-texts.com/isl/bukhari/bh1/bh1_82.html]
[sacred-texts.com/isl/bukhari/bh1/bh1_83.html]
[sacred-texts.com/isl/bukhari/bh1/bh1_84.html]
[sacred-texts.com/isl/bukhari/bh1/bh1_85.html]
[sacred-texts.com/isl/bukhari/bh1/bh1_86.html]
[sacred-texts.com/isl/bukhari/bh1/bh1_87.html]
[sacred-texts.com/isl/bukhari/bh1/bh1_88.html]
[sacred-texts.com/isl/bukhari/bh1/bh1_89.html]
[sacred-texts.com/isl/bukhari/bh1/bh1_90.html]
[sacred-texts.com/isl/bukhari/bh1/bh1_91.html]
[sacred-texts.com/isl/bukhari/bh1/bh1_92.html]
[sacred-texts.com/isl/bukhari/bh1/bh1_93.html]
[sacred-texts.com/isl/bukhari/bh1/bh1_94.html]
[sacred-texts.com/isl/bukhari/bh1/bh1_95.html]
[sacred-texts.com/isl/bukhari/bh1/bh1_96.html]
[sacred-texts.com/isl/bukhari/bh1/bh1_97.html]
[sacred-texts.com/isl/bukhari/bh1/bh1_98.html]
[sacred-texts.com/isl/bukhari/bh1/bh1_99.html]
[sacred-texts.com/isl/bukhari/bh1/bh1_100.html]
[sacred-texts.com/isl/bukhari/bh1/bh1_101.html]
[sacred-texts.com/isl/bukhari/bh1/bh1_102.html]
[sacred-texts.com/isl/bukhari/bh1/bh1_103.html]
[sacred-texts.com/isl/bukhari/bh1/bh1_104.html]
[sacred-texts.com/isl/bukhari/bh1/bh1_105.html]
[sacred-texts.com/isl/bukhari/bh1/bh1_106.html]
[sacred-texts.com/isl/bukhari/bh1/bh1_107.html]
[sacred-texts.com/isl/bukhari/bh1/bh1_108.html]
[sacred-texts.com/isl/bukhari/bh1/bh1_109.html]
[sacred-texts.com/isl/bukhari/bh1/bh1_110.html]
[sacred-texts.com/isl/bukhari/bh1/bh1_111.html]
[sacred-texts.com/isl/bukhari/bh1/bh1_112.html]
[sacred-texts.com/isl/bukhari/bh1/bh1_113.html]
[sacred-texts.com/isl/bukhari/bh1/bh1_114.html]
[sacred-texts.com/isl/bukhari/bh1/bh1_115.html]
[sacred-texts.com/isl/bukhari/bh1/bh1_116.html]
[sacred-texts.com/isl/bukhari/bh1/bh1_117.html]
[sacred-texts.com/isl/bukhari/bh1/bh1_118.html]
[sacred-texts.com/isl/bukhari/bh1/bh1_119.html]
[sacred-texts.com/isl/bukhari/bh1/bh1_120.html]
[sacred-texts.com/isl/bukhari/bh1/bh1_121.html]
[sacred-texts.com/isl/bukhari/bh1/bh1_122.html]
[sacred-texts.com/isl/bukhari/bh1/bh1_123.html]
[sacred-texts.com/isl/bukhari/bh1/bh1_124.html]
[sacred-texts.com/isl/bukhari/bh1/bh1_125.html]
[sacred-texts.com/isl/bukhari/bh1/bh1_126.html]
[sacred-texts.com/isl/bukhari/bh1/bh1_127.html]
[sacred-texts.com/isl/bukhari/bh1/bh1_128.html]
[sacred-texts.com/isl/bukhari/bh1/bh1_129.html]
[sacred-texts.com/isl/bukhari/bh1/bh1_130.html]
[sacred-texts.com/isl/bukhari/bh1/bh1_131.html]
[sacred-texts.com/isl/bukhari/bh1/bh1_132.html]
[sacred-texts.com/isl/bukhari/bh1/bh1_133.html]
[sacred-texts.com/isl/bukhari/bh1/bh1_134.html]
[sacred-texts.com/isl/bukhari/bh1/bh1_135.html]
[sacred-texts.com/isl/bukhari/bh1/bh1_136.html]
[sacred-texts.com/isl/bukhari/bh1/bh1_137.html]
[sacred-texts.com/isl/bukhari/bh1/bh1_138.html]
[sacred-texts.com/isl/bukhari/bh1/bh1_139.html]
[sacred-texts.com/isl/bukhari/bh1/bh1_140.html]
[sacred-texts.com/isl/bukhari/bh1/bh1_141.html]
[sacred-texts.com/isl/bukhari/bh1/bh1_142.html]
[sacred-texts.com/isl/bukhari/bh1/bh1_143.html]
[sacred-texts.com/isl/bukhari/bh1/bh1_144.html]
[sacred-texts.com/isl/bukhari/bh1/bh1_145.html]
[sacred-texts.com/isl/bukhari/bh1/bh1_146.html]
[sacred-texts.com/isl/bukhari/bh1/bh1_147.html]
[sacred-texts.com/isl/bukhari/bh1/bh1_148.html]
[sacred-texts.com/isl/bukhari/bh1/bh1_149.html]
[sacred-texts.com/isl/bukhari/bh1/bh1_150.html]
[sacred-texts.com/isl/bukhari/bh1/bh1_151.html]
[sacred-texts.com/isl/bukhari/bh1/bh1_152.html]
[sacred-texts.com/isl/bukhari/bh1/bh1_153.html]
[sacred-texts.com/isl/bukhari/bh1/bh1_154.html]
[sacred-texts.com/isl/bukhari/bh1/bh1_155.html]
[sacred-texts.com/isl/bukhari/bh1/bh1_156.html]
[sacred-texts.com/isl/bukhari/bh1/bh1_157.html]
[sacred-texts.com/isl/bukhari/bh1/bh1_158.html]
[sacred-texts.com/isl/bukhari/bh1/bh1_159.html]
[sacred-texts.com/isl/bukhari/bh1/bh1_160.html]
[sacred-texts.com/isl/bukhari/bh1/bh1_161.html]
[sacred-texts.com/isl/bukhari/bh1/bh1_162.html]
[sacred-texts.com/isl/bukhari/bh1/bh1_163.html]
[sacred-texts.com/isl/bukhari/bh1/bh1_164.html]
[sacred-texts.com/isl/bukhari/bh1/bh1_165.html]
[sacred-texts.com/isl/bukhari/bh1/bh1_166.html]
[sacred-texts.com/isl/bukhari/bh1/bh1_167.html]
[sacred-texts.com/isl/bukhari/bh1/bh1_168.html]
[sacred-texts.com/isl/bukhari/bh1/bh1_169.html]
[sacred-texts.com/isl/bukhari/bh1/bh1_170.html]
[sacred-texts.com/isl/bukhari/bh1/bh1_171.html]
[sacred-texts.com/isl/bukhari/bh1/bh1_172.html]
[sacred-texts.com/isl/bukhari/bh1/bh1_173.html]
[sacred-texts.com/isl/bukhari/bh1/bh1_174.html]
[sacred-texts.com/isl/bukhari/bh1/bh1_175.html]
[sacred-texts.com/isl/bukhari/bh1/bh1_176.html]
[sacred-texts.com/isl/bukhari/bh1/bh1_177.html]
[sacred-texts.com/isl/bukhari/bh1/bh1_178.html]
[sacred-texts.com/isl/bukhari/bh1/bh1_179.html]
[sacred-texts.com/isl/bukhari/bh1/bh1_180.html]
[sacred-texts.com/isl/bukhari/bh1/bh1_181.html]
[sacred-texts.com/isl/bukhari/bh1/bh1_182.html]
[sacred-texts.com/isl/bukhari/bh1/bh1_183.html]
[sacred-texts.com/isl/bukhari/bh1/bh1_184.html]
[sacred-texts.com/isl/bukhari/bh1/bh1_185.html]
[sacred-texts.com/isl/bukhari/bh1/bh1_186.html]
[sacred-texts.com/isl/bukhari/bh1/bh1_187.html]
[sacred-texts.com/isl/bukhari/bh1/bh1_188.html]
[sacred-texts.com/isl/bukhari/bh1/bh1_189.html]
[sacred-texts.com/isl/bukhari/bh1/bh1_190.html]
[sacred-texts.com/isl/bukhari/bh1/bh1_191.html]
[sacred-texts.com/isl/bukhari/bh1/bh1_192.html]
[sacred-texts.com/isl/bukhari/bh1/bh1_193.html]
[sacred-texts.com/isl/bukhari/bh1/bh1_194.html]
[sacred-texts.com/isl/bukhari/bh1/bh1_195.html]
[sacred-texts.com/isl/bukhari/bh1/bh1_196.html]
[sacred-texts.com/isl/bukhari/bh1/bh1_197.html]
[sacred-texts.com/isl/bukhari/bh1/bh1_198.html]
[sacred-texts.com/isl/bukhari/bh1/bh1_199.html]
[sacred-texts.com/isl/bukhari/bh1/bh1_200.html]
[sacred-texts.com/isl/bukhari/bh1/bh1_201.html]
[sacred-texts.com/isl/bukhari/bh1/bh1_202.html]
[sacred-texts.com/isl/bukhari/bh1/bh1_203.html]
[sacred-texts.com/isl/bukhari/bh1/bh1_204.html]
[sacred-texts.com/isl/bukhari/bh1/bh1_205.html]
[sacred-texts.com/isl/bukhari/bh1/bh1_206.html]
[sacred-texts.com/isl/bukhari/bh1/bh1_207.html]
[sacred-texts.com/isl/bukhari/bh1/bh1_208.html]
[sacred-texts.com/isl/bukhari/bh1/bh1_209.html]
[sacred-texts.com/isl/bukhari/bh1/bh1_210.html]
[sacred-texts.com/isl/bukhari/bh1/bh1_211.html]
[sacred-texts.com/isl/bukhari/bh1/bh1_212.html]
[sacred-texts.com/isl/bukhari/bh1/bh1_213.html]
[sacred-texts.com/isl/bukhari/bh1/bh1_214.html]
[sacred-texts.com/isl/bukhari/bh1/bh1_215.html]
[sacred-texts.com/isl/bukhari/bh1/bh1_216.html]
[sacred-texts.com/isl/bukhari/bh1/bh1_217.html]
[sacred-texts.com/isl/bukhari/bh1/bh1_218.html]
[sacred-texts.com/isl/bukhari/bh1/bh1_219.html]
[sacred-texts.com/isl/bukhari/bh1/bh1_220.html]
[sacred-texts.com/isl/bukhari/bh1/bh1_221.html]
[sacred-texts.com/isl/bukhari/bh1/bh1_222.html]
[sacred-texts.com/isl/bukhari/bh1/bh1_223.html]
[sacred-texts.com/isl/bukhari/bh1/bh1_224.html]
[sacred-texts.com/isl/bukhari/bh1/bh1_225.html]
[sacred-texts.com/isl/bukhari/bh1/bh1_226.html]
[sacred-texts.com/isl/bukhari/bh1/bh1_227.html]
[sacred-texts.com/isl/bukhari/bh1/bh1_228.html]
[sacred-texts.com/isl/bukhari/bh1/bh1_229.html]
[sacred-texts.com/isl/bukhari/bh1/bh1_230.html]
[sacred-texts.com/isl/bukhari/bh1/bh1_231.html]
[sacred-texts.com/isl/bukhari/bh1/bh1_232.html]
[sacred-texts.com/isl/bukhari/bh1/bh1_233.html]
[sacred-texts.com/isl/bukhari/bh1/bh1_234.html]
[sacred-texts.com/isl/bukhari/bh1/bh1_235.html]
[sacred-texts.com/isl/bukhari/bh1/bh1_236.html]
[sacred-texts.com/isl/bukhari/bh1/bh1_237.html]
[sacred-texts.com/isl/bukhari/bh1/bh1_238.html]
[sacred-texts.com/isl/bukhari/bh1/bh1_239.html]
[sacred-texts.com/isl/bukhari/bh1/bh1_240.html]
[sacred-texts.com/isl/bukhari/bh1/bh1_241.html]
[sacred-texts.com/isl/bukhari/bh1/bh1_242.html]
[sacred-texts.com/isl/bukhari/bh1/bh1_243.html]
[sacred-texts.com/isl/bukhari/bh1/bh1_244.html]
[sacred-texts.com/isl/bukhari/bh1/bh1_245.html]
[sacred-texts.com/isl/bukhari/bh1/bh1_246.html]
[sacred-texts.com/isl/bukhari/bh1/bh1_247.html]
[sacred-texts.com/isl/bukhari/bh1/bh1_248.html]
[sacred-texts.com/isl/bukhari/bh1/bh1_249.html]
[sacred-texts.com/isl/bukhari/bh1/bh1_250.html]
[sacred-texts.com/isl/bukhari/bh1/bh1_251.html]
[sacred-texts.com/isl/bukhari/bh1/bh1_252.html]
[sacred-texts.com/isl/bukhari/bh1/bh1_253.html]
[sacred-texts.com/isl/bukhari/bh1/bh1_254.html]
[sacred-texts.com/isl/bukhari/bh1/bh1_255.html]
[sacred-texts.com/isl/bukhari/bh1/bh1_256.html]
[sacred-texts.com/isl/bukhari/bh1/bh1_257.html]
[sacred-texts.com/isl/bukhari/bh1/bh1_258.html]
[sacred-texts.com/isl/bukhari/bh1/bh1_259.html]
[sacred-texts.com/isl/bukhari/bh1/bh1_260.html]
[sacred-texts.com/isl/bukhari/bh1/bh1_261.html]
[sacred-texts.com/isl/bukhari/bh1/bh1_262.html]
[sacred-texts.com/isl/bukhari/bh1/bh1_263.html]
[sacred-texts.com/isl/bukhari/bh1/bh1_264.html]
[sacred-texts.com/isl/bukhari/bh1/bh1_265.html]
[sacred-texts.com/isl/bukhari/bh1/bh1_266.html]
[sacred-texts.com/isl/bukhari/bh1/bh1_267.html]
[sacred-texts.com/isl/bukhari/bh1/bh1_268.html]
[sacred-texts.com/isl/bukhari/bh1/bh1_269.html]
[sacred-texts.com/isl/bukhari/bh1/bh1_270.html]
[sacred-texts.com/isl/bukhari/bh1/bh1_271.html]
[sacred-texts.com/isl/bukhari/bh1/bh1_272.html]
[sacred-texts.com/isl/bukhari/bh1/bh1_273.html]
[sacred-texts.com/isl/bukhari/bh1/bh1_274.html]
[sacred-texts.com/isl/bukhari/bh1/bh1_275.html]
[sacred-texts.com/isl/bukhari/bh1/bh1_276.html]
[sacred-texts.com/isl/bukhari/bh1/bh1_277.html]
[sacred-texts.com/isl/bukhari/bh1/bh1_278.html]
[sacred-texts.com/isl/bukhari/bh1/bh1_279.html]
[sacred-texts.com/isl/bukhari/bh1/bh1_280.html]
[sacred-texts.com/isl/bukhari/bh1/bh1_281.html]
[sacred-texts.com/isl/bukhari/bh1/bh1_282.html]
[sacred-texts.com/isl/bukhari/bh1/bh1_283.html]
[sacred-texts.com/isl/bukhari/bh1/bh1_284.html]
[sacred-texts.com/isl/bukhari/bh1/bh1_285.html]
[sacred-texts.com/isl/bukhari/bh1/bh1_286.html]
[sacred-texts.com/isl/bukhari/bh1/bh1_287.html]
[sacred-texts.com/isl/bukhari/bh1/bh1_288.html]
[sacred-texts.com/isl/bukhari/bh1/bh1_289.html]
[sacred-texts.com/isl/bukhari/bh1/bh1_290.html]
[sacred-texts.com/isl/bukhari/bh1/bh1_291.html]
[sacred-texts.com/isl/bukhari/bh1/bh1_292.html]
[sacred-texts.com/isl/bukhari/bh1/bh1_293.html]
[sacred-texts.com/isl/bukhari/bh1/bh1_294.html]
[sacred-texts.com/isl/bukhari/bh1/bh1_295.html]
[sacred-texts.com/isl/bukhari/bh1/bh1_296.html]
[sacred-texts.com/isl/bukhari/bh1/bh1_297.html]
[sacred-texts.com/isl/bukhari/bh1/bh1_298.html]
[sacred-texts.com/isl/bukhari/bh1/bh1_299.html]
[sacred-texts.com/isl/bukhari/bh1/bh1_300.html]
[sacred-texts.com/isl/bukhari/bh1/bh1_301.html]
[sacred-texts.com/isl/bukhari/bh1/bh1_302.html]
[sacred-texts.com/isl/bukhari/bh1/bh1_303.html]
[sacred-texts.com/isl/bukhari/bh1/bh1_304.html]
[sacred-texts.com/isl/bukhari/bh1/bh1_305.html]
[sacred-texts.com/isl/bukhari/bh1/bh1_306.html]
[sacred-texts.com/isl/bukhari/bh1/bh1_307.html]
[sacred-texts.com/isl/bukhari/bh1/bh1_308.html]
[sacred-texts.com/isl/bukhari/bh1/bh1_309.html]
[sacred-texts.com/isl/bukhari/bh1/bh1_310.html]
[sacred-texts.com/isl/bukhari/bh1/bh1_311.html]
[sacred-texts.com/isl/bukhari/bh1/bh1_312.html]
[sacred-texts.com/isl/bukhari/bh1/bh1_313.html]
[sacred-texts.com/isl/bukhari/bh1/bh1_314.html]
[sacred-texts.com/isl/bukhari/bh1/bh1_315.html]
[sacred-texts.com/isl/bukhari/bh1/bh1_316.html]
[sacred-texts.com/isl/bukhari/bh1/bh1_317.html]
[sacred-texts.com/isl/bukhari/bh1/bh1_318.html]
[sacred-texts.com/isl/bukhari/bh1/bh1_319.html]
[sacred-texts.com/isl/bukhari/bh1/bh1_320.html]
[sacred-texts.com/isl/bukhari/bh1/bh1_321.html]
[sacred-texts.com/isl/bukhari/bh1/bh1_322.html]
[sacred-texts.com/isl/bukhari/bh1/bh1_323.html]
[sacred-texts.com/isl/bukhari/bh1/bh1_324.html]
[sacred-texts.com/isl/bukhari/bh1/bh1_325.html]
[sacred-texts.com/isl/bukhari/bh1/bh1_326.html]
[sacred-texts.com/isl/bukhari/bh1/bh1_327.html]
[sacred-texts.com/isl/bukhari/bh1/bh1_328.html]
[sacred-texts.com/isl/bukhari/bh1/bh1_329.html]
[sacred-texts.com/isl/bukhari/bh1/bh1_330.html]
[sacred-texts.com/isl/bukhari/bh1/bh1_331.html]
[sacred-texts.com/isl/bukhari/bh1/bh1_332.html]
[sacred-texts.com/isl/bukhari/bh1/bh1_333.html]
[sacred-texts.com/isl/bukhari/bh1/bh1_334.html]
[sacred-texts.com/isl/bukhari/bh1/bh1_335.html]
[sacred-texts.com/isl/bukhari/bh1/bh1_336.html]
[sacred-texts.com/isl/bukhari/bh1/bh1_337.html]
[sacred-texts.com/isl/bukhari/bh1/bh1_338.html]
[sacred-texts.com/isl/bukhari/bh1/bh1_339.html]
[sacred-texts.com/isl/bukhari/bh1/bh1_340.html]
[sacred-texts.com/isl/bukhari/bh1/bh1_341.html]
[sacred-texts.com/isl/bukhari/bh1/bh1_342.html]
[sacred-texts.com/isl/bukhari/bh1/bh1_343.html]
[sacred-texts.com/isl/bukhari/bh1/bh1_344.html]
[sacred-texts.com/isl/bukhari/bh1/bh1_345.html]
[sacred-texts.com/isl/bukhari/bh1/bh1_346.html]
[sacred-texts.com/isl/bukhari/bh1/bh1_347.html]
[sacred-texts.com/isl/bukhari/bh1/bh1_348.html]
[sacred-texts.com/isl/bukhari/bh1/bh1_349.html]
[sacred-texts.com/isl/bukhari/bh1/bh1_350.html]
[sacred-texts.com/isl/bukhari/bh1/bh1_351.html]
[sacred-texts.com/isl/bukhari/bh1/bh1_352.html]
[sacred-texts.com/isl/bukhari/bh1/bh1_353.html]
[sacred-texts.com/isl/bukhari/bh1/bh1_354.html]
[sacred-texts.com/isl/bukhari/bh1/bh1_355.html]
[sacred-texts.com/isl/bukhari/bh1/bh1_356.html]
[sacred-texts.com/isl/bukhari/bh1/bh1_357.html]
[sacred-texts.com/isl/bukhari/bh1/bh1_358.html]
[sacred-texts.com/isl/bukhari/bh1/bh1_359.html]
[sacred-texts.com/isl/bukhari/bh1/bh1_360.html]
[sacred-texts.com/isl/bukhari/bh1/bh1_361.html]
[sacred-texts.com/isl/bukhari/bh1/bh1_362.html]
[sacred-texts.com/isl/bukhari/bh1/bh1_363.html]
[sacred-texts.com/isl/bukhari/bh1/bh1_364.html]
[sacred-texts.com/isl/bukhari/bh1/bh1_365.html]
[sacred-texts.com/isl/bukhari/bh1/bh1_366.html]
[sacred-texts.com/isl/bukhari/bh1/bh1_367.html]
[sacred-texts.com/isl/bukhari/bh1/bh1_368.html]
[sacred-texts.com/isl/bukhari/bh1/bh1_369.html]
[sacred-texts.com/isl/bukhari/bh1/bh1_370.html]
[sacred-texts.com/isl/bukhari/bh1/bh1_371.html]
[sacred-texts.com/isl/bukhari/bh1/bh1_372.html]
[sacred-texts.com/isl/bukhari/bh1/bh1_373.html]
[sacred-texts.com/isl/bukhari/bh1/bh1_374.html]
[sacred-texts.com/isl/bukhari/bh1/bh1_375.html]
[sacred-texts.com/isl/bukhari/bh1/bh1_376.html]
[sacred-texts.com/isl/bukhari/bh1/bh1_377.html]
[sacred-texts.com/isl/bukhari/bh1/bh1_378.html]
[sacred-texts.com/isl/bukhari/bh1/bh1_379.html]
[sacred-texts.com/isl/bukhari/bh1/bh1_380.html]
[sacred-texts.com/isl/bukhari/bh1/bh1_381.html]
[sacred-texts.com/isl/bukhari/bh1/bh1_382.html]
[sacred-texts.com/isl/bukhari/bh1/bh1_383.html]
[sacred-texts.com/isl/bukhari/bh1/bh1_384.html]
[sacred-texts.com/isl/bukhari/bh1/bh1_385.html]
[sacred-texts.com/isl/bukhari/bh1/bh1_386.html]
[sacred-texts.com/isl/bukhari/bh1/bh1_387.html]
[sacred-texts.com/isl/bukhari/bh1/bh1_388.html]
[sacred-texts.com/isl/bukhari/bh1/bh1_389.html]
[sacred-texts.com/isl/bukhari/bh1/bh1_390.html]
[sacred-texts.com/isl/bukhari/bh1/bh1_391.html]
[sacred-texts.com/isl/bukhari/bh1/bh1_392.html]
[sacred-texts.com/isl/bukhari/bh1/bh1_393.html]
[sacred-texts.com/isl/bukhari/bh1/bh1_394.html]
[sacred-texts.com/isl/bukhari/bh1/bh1_395.html]
[sacred-texts.com/isl/bukhari/bh1/bh1_396.html]
[sacred-texts.com/isl/bukhari/bh1/bh1_397.html]
[sacred-texts.com/isl/bukhari/bh1/bh1_398.html]
[sacred-texts.com/isl/bukhari/bh1/bh1_399.html]
[sacred-texts.com/isl/bukhari/bh1/bh1_400.html]
[sacred-texts.com/isl/bukhari/bh1/bh1_401.html]
[sacred-texts.com/isl/bukhari/bh1/bh1_402.html]
[sacred-texts.com/isl/bukhari/bh1/bh1_403.html]
[sacred-texts.com/isl/bukhari/bh1/bh1_404.html]
[sacred-texts.com/isl/bukhari/bh1/bh1_405.html]
[sacred-texts.com/isl/bukhari/bh1/bh1_406.html]
[sacred-texts.com/isl/bukhari/bh1/bh1_407.html]
[sacred-texts.com/isl/bukhari/bh1/bh1_408.html]
[sacred-texts.com/isl/bukhari/bh1/bh1_409.html]
[sacred-texts.com/isl/bukhari/bh1/bh1_410.html]
[sacred-texts.com/isl/bukhari/bh1/bh1_411.html]
[sacred-texts.com/isl/bukhari/bh1/bh1_412.html]
[sacred-texts.com/isl/bukhari/bh1/bh1_413.html]
[sacred-texts.com/isl/bukhari/bh1/bh1_414.html]
[sacred-texts.com/isl/bukhari/bh1/bh1_415.html]
[sacred-texts.com/isl/bukhari/bh1/bh1_416.html]
[sacred-texts.com/isl/bukhari/bh1/bh1_417.html]
[sacred-texts.com/isl/bukhari/bh1/bh1_418.html]
[sacred-texts.com/isl/bukhari/bh1/bh1_419.html]
[sacred-texts.com/isl/bukhari/bh1/bh1_420.html]
[sacred-texts.com/isl/bukhari/bh1/bh1_421.html]
[sacred-texts.com/isl/bukhari/bh1/bh1_422.html]
[sacred-texts.com/isl/bukhari/bh1/bh1_423.html]
[sacred-texts.com/isl/bukhari/bh1/bh1_424.html]
[sacred-texts.com/isl/bukhari/bh1/bh1_425.html]
[sacred-texts.com/isl/bukhari/bh1/bh1_426.html]
[sacred-texts.com/isl/bukhari/bh1/bh1_427.html]
[sacred-texts.com/isl/bukhari/bh1/bh1_428.html]
[sacred-texts.com/isl/bukhari/bh1/bh1_429.html]
[sacred-texts.com/isl/bukhari/bh1/bh1_430.html]
[sacred-texts.com/isl/bukhari/bh1/bh1_431.html]
[sacred-texts.com/isl/bukhari/bh1/bh1_432.html]
[sacred-texts.com/isl/bukhari/bh1/bh1_433.html]
[sacred-texts.com/isl/bukhari/bh1/bh1_434.html]
[sacred-texts.com/isl/bukhari/bh1/bh1_435.html]
[sacred-texts.com/isl/bukhari/bh1/bh1_436.html]
[sacred-texts.com/isl/bukhari/bh1/bh1_437.html]
[sacred-texts.com/isl/bukhari/bh1/bh1_438.html]
[sacred-texts.com/isl/bukhari/bh1/bh1_439.html]
[sacred-texts.com/isl/bukhari/bh1/bh1_440.html]
[sacred-texts.com/isl/bukhari/bh1/bh1_441.html]
[sacred-texts.com/isl/bukhari/bh1/bh1_442.html]
[sacred-texts.com/isl/bukhari/bh1/bh1_443.html]
[sacred-texts.com/isl/bukhari/bh1/bh1_444.html]
[sacred-texts.com/isl/bukhari/bh1/bh1_445.html]
[sacred-texts.com/isl/bukhari/bh1/bh1_446.html]
[sacred-texts.com/isl/bukhari/bh1/bh1_447.html]
[sacred-texts.com/isl/bukhari/bh1/bh1_448.html]
[sacred-texts.com/isl/bukhari/bh1/bh1_449.html]
[sacred-texts.com/isl/bukhari/bh1/bh1_450.html]
[sacred-texts.com/isl/bukhari/bh1/bh1_451.html]
[sacred-texts.com/isl/bukhari/bh1/bh1_452.html]
[sacred-texts.com/isl/bukhari/bh1/bh1_453.html]
[sacred-texts.com/isl/bukhari/bh1/bh1_454.html]
[sacred-texts.com/isl/bukhari/bh1/bh1_455.html]
[sacred-texts.com/isl/bukhari/bh1/bh1_456.html]
[sacred-texts.com/isl/bukhari/bh1/bh1_457.html]
[sacred-texts.com/isl/bukhari/bh1/bh1_458.html]
[sacred-texts.com/isl/bukhari/bh1/bh1_459.html]
[sacred-texts.com/isl/bukhari/bh1/bh1_460.html]
[sacred-texts.com/isl/bukhari/bh1/bh1_461.html]
[sacred-texts.com/isl/bukhari/bh1/bh1_462.html]
[sacred-texts.com/isl/bukhari/bh1/bh1_463.html]
[sacred-texts.com/isl/bukhari/bh1/bh1_464.html]
[sacred-texts.com/isl/bukhari/bh1/bh1_465.html]
[sacred-texts.com/isl/bukhari/bh1/bh1_466.html]
[sacred-texts.com/isl/bukhari/bh1/bh1_467.html]
[sacred-texts.com/isl/bukhari/bh1/bh1_468.html]
[sacred-texts.com/isl/bukhari/bh1/bh1_469.html]
[sacred-texts.com/isl/bukhari/bh1/bh1_470.html]
[sacred-texts.com/isl/bukhari/bh1/bh1_471.html]
[sacred-texts.com/isl/bukhari/bh1/bh1_472.html]
[sacred-texts.com/isl/bukhari/bh1/bh1_473.html]
[sacred-texts.com/isl/bukhari/bh1/bh1_474.html]
[sacred-texts.com/isl/bukhari/bh1/bh1_475.html]
[sacred-texts.com/isl/bukhari/bh1/bh1_476.html]
[sacred-texts.com/isl/bukhari/bh1/bh1_477.html]
[sacred-texts.com/isl/bukhari/bh1/bh1_478.html]
[sacred-texts.com/isl/bukhari/bh1/bh1_479.html]
[sacred-texts.com/isl/bukhari/bh1/bh1_480.html]
[sacred-texts.com/isl/bukhari/bh1/bh1_481.html]
[sacred-texts.com/isl/bukhari/bh1/bh1_482.html]
[sacred-texts.com/isl/bukhari/bh1/bh1_483.html]
[sacred-texts.com/isl/bukhari/bh1/bh1_484.html]
[sacred-texts.com/isl/bukhari/bh1/bh1_485.html]
[sacred-texts.com/isl/bukhari/bh1/bh1_486.html]
[sacred-texts.com/isl/bukhari/bh1/bh1_487.html]
[sacred-texts.com/isl/bukhari/bh1/bh1_488.html]
[sacred-texts.com/isl/bukhari/bh1/bh1_489.html]
[sacred-texts.com/isl/bukhari/bh1/bh1_490.html]
[sacred-texts.com/isl/bukhari/bh1/bh1_491.html]
[sacred-texts.com/isl/bukhari/bh1/bh1_492.html]
[sacred-texts.com/isl/bukhari/bh1/bh1_493.html]
[sacred-texts.com/isl/bukhari/bh1/bh1_494.html]
[sacred-texts.com/isl/bukhari/bh1/bh1_495.html]
[sacred-texts.com/isl/bukhari/bh1/bh1_496.html]
[sacred-texts.com/isl/bukhari/bh1/bh1_497.html]
[sacred-texts.com/isl/bukhari/bh1/bh1_498.html]
[sacred-texts.com/isl/bukhari/bh1/bh1_499.html]
[sacred-texts.com/isl/bukhari/bh1/bh1_500.html]
[sacred-texts.com/isl/bukhari/bh1/bh1_501.html]
[sacred-texts.com/isl/bukhari/bh1/bh1_502.html]
[sacred-texts.com/isl/bukhari/bh1/bh1_503.html]
[sacred-texts.com/isl/bukhari/bh1/bh1_504.html]
[sacred-texts.com/isl/bukhari/bh1/bh1_505.html]
[sacred-texts.com/isl/bukhari/bh1/bh1_506.html]
[sacred-texts.com/isl/bukhari/bh1/bh1_507.html]
[sacred-texts.com/isl/bukhari/bh1/bh1_508.html]
[sacred-texts.com/isl/bukhari/bh1/bh1_509.html]
[sacred-texts.com/isl/bukhari/bh1/bh1_510.html]
[sacred-texts.com/isl/bukhari/bh1/bh1_511.html]
[sacred-texts.com/isl/bukhari/bh1/bh1_512.html]
[sacred-texts.com/isl/bukhari/bh1/bh1_513.html]
[sacred-texts.com/isl/bukhari/bh1/bh1_514.html]
[sacred-texts.com/isl/bukhari/bh1/bh1_515.html]
[sacred-texts.com/isl/bukhari/bh1/bh1_516.html]
[sacred-texts.com/isl/bukhari/bh1/bh1_517.html]
[sacred-texts.com/isl/bukhari/bh1/bh1_518.html]
[sacred-texts.com/isl/bukhari/bh1/bh1_519.html]
[sacred-texts.com/isl/bukhari/bh1/bh1_520.html]
[sacred-texts.com/isl/bukhari/bh1/bh1_521.html]
[sacred-texts.com/isl/bukhari/bh1/bh1_522.html]
[sacred-texts.com/isl/bukhari/bh1/bh1_523.html]
[sacred-texts.com/isl/bukhari/bh1/bh1_524.html]
[sacred-texts.com/isl/bukhari/bh1/bh1_525.html]
[sacred-texts.com/isl/bukhari/bh1/bh1_526.html]
[sacred-texts.com/isl/bukhari/bh1/bh1_527.html]
[sacred-texts.com/isl/bukhari/bh1/bh1_528.html]
[sacred-texts.com/isl/bukhari/bh1/bh1_529.html]
[sacred-texts.com/isl/bukhari/bh1/bh1_530.html]
[sacred-texts.com/isl/bukhari/bh1/bh1_531.html]
[sacred-texts.com/isl/bukhari/bh1/bh1_532.html]
[sacred-texts.com/isl/bukhari/bh1/bh1_533.html]
[sacred-texts.com/isl/bukhari/bh1/bh1_534.html]
[sacred-texts.com/isl/bukhari/bh1/bh1_535.html]
[sacred-texts.com/isl/bukhari/bh1/bh1_536.html]
[sacred-texts.com/isl/bukhari/bh1/bh1_537.html]
[sacred-texts.com/isl/bukhari/bh1/bh1_538.html]
[sacred-texts.com/isl/bukhari/bh1/bh1_539.html]
[sacred-texts.com/isl/bukhari/bh1/bh1_540.html]
[sacred-texts.com/isl/bukhari/bh1/bh1_541.html]
[sacred-texts.com/isl/bukhari/bh1/bh1_542.html]
[sacred-texts.com/isl/bukhari/bh1/bh1_543.html]
[sacred-texts.com/isl/bukhari/bh1/bh1_544.html]
[sacred-texts.com/isl/bukhari/bh1/bh1_545.html]
[sacred-texts.com/isl/bukhari/bh1/bh1_546.html]
[sacred-texts.com/isl/bukhari/bh1/bh1_547.html]
[sacred-texts.com/isl/bukhari/bh1/bh1_548.html]
[sacred-texts.com/isl/bukhari/bh1/bh1_549.html]
[sacred-texts.com/isl/bukhari/bh1/bh1_550.html]
[sacred-texts.com/isl/bukhari/bh1/bh1_551.html]
[sacred-texts.com/isl/bukhari/bh1/bh1_552.html]
[sacred-texts.com/isl/bukhari/bh1/bh1_553.html]
[sacred-texts.com/isl/bukhari/bh1/bh1_554.html]
[sacred-texts.com/isl/bukhari/bh1/bh1_555.html]
[sacred-texts.com/isl/bukhari/bh1/bh1_556.html]
[sacred-texts.com/isl/bukhari/bh1/bh1_557.html]
[sacred-texts.com/isl/bukhari/bh1/bh1_558.html]
[sacred-texts.com/isl/bukhari/bh1/bh1_559.html]
[sacred-texts.com/isl/bukhari/bh1/bh1_560.html]
[sacred-texts.com/isl/bukhari/bh1/bh1_561.html]
[sacred-texts.com/isl/bukhari/bh1/bh1_562.html]
[sacred-texts.com/isl/bukhari/bh1/bh1_563.html]
[sacred-texts.com/isl/bukhari/bh1/bh1_564.html]
[sacred-texts.com/isl/bukhari/bh1/bh1_565.html]
[sacred-texts.com/isl/bukhari/bh1/bh1_566.html]
[sacred-texts.com/isl/bukhari/bh1/bh1_567.html]
[sacred-texts.com/isl/bukhari/bh1/bh1_568.html]
[sacred-texts.com/isl/bukhari/bh1/bh1_569.html]
[sacred-texts.com/isl/bukhari/bh1/bh1_570.html]
[sacred-texts.com/isl/bukhari/bh1/bh1_571.html]
[sacred-texts.com/isl/bukhari/bh1/bh1_572.html]
[sacred-texts.com/isl/bukhari/bh1/bh1_573.html]
[sacred-texts.com/isl/bukhari/bh1/bh1_574.html]
[sacred-texts.com/isl/bukhari/bh1/bh1_575.html]
[sacred-texts.com/isl/bukhari/bh1/bh1_576.html]
[sacred-texts.com/isl/bukhari/bh1/bh1_577.html]
[sacred-texts.com/isl/bukhari/bh1/bh1_578.html]
[sacred-texts.com/isl/bukhari/bh1/bh1_579.html]
[sacred-texts.com/isl/bukhari/bh1/bh1_580.html]
[sacred-texts.com/isl/bukhari/bh1/bh1_581.html]
[sacred-texts.com/isl/bukhari/bh1/bh1_582.html]
[sacred-texts.com/isl/bukhari/bh1/bh1_583.html]
[sacred-texts.com/isl/bukhari/bh1/bh1_584.html]
[sacred-texts.com/isl/bukhari/bh1/bh1_585.html]
[sacred-texts.com/isl/bukhari/bh1/bh1_586.html]
[sacred-texts.com/isl/bukhari/bh1/bh1_587.html]
[sacred-texts.com/isl/bukhari/bh1/bh1_588.html]
[sacred-texts.com/isl/bukhari/bh1/bh1_589.html]
[sacred-texts.com/isl/bukhari/bh1/bh1_590.html]
[sacred-texts.com/isl/bukhari/bh1/bh1_591.html]
[sacred-texts.com/isl/bukhari/bh1/bh1_592.html]
[sacred-texts.com/isl/bukhari/bh1/bh1_593.html]
[sacred-texts.com/isl/bukhari/bh1/bh1_594.html]
[sacred-texts.com/isl/bukhari/bh1/bh1_595.html]
[sacred-texts.com/isl/bukhari/bh1/bh1_596.html]
[sacred-texts.com/isl/bukhari/bh1/bh1_597.html]
[sacred-texts.com/isl/bukhari/bh1/bh1_598.html]
[sacred-texts.com/isl/bukhari/bh1/bh1_599.html]
[sacred-texts.com/isl/bukhari/bh1/bh1_600.html]
[sacred-texts.com/isl/bukhari/bh1/bh1_601.html]
[sacred-texts.com/isl/bukhari/bh1/bh1_602.html]
[sacred-texts.com/isl/bukhari/bh1/bh1_603.html]
[sacred-texts.com/isl/bukhari/bh1/bh1_604.html]
[sacred-texts.com/isl/bukhari/bh1/bh1_605.html]
[sacred-texts.com/isl/bukhari/bh1/bh1_606.html]
[sacred-texts.com/isl/bukhari/bh1/bh1_607.html]
[sacred-texts.com/isl/bukhari/bh1/bh1_608.html]
[sacred-texts.com/isl/bukhari/bh1/bh1_609.html]
[sacred-texts.com/isl/bukhari/bh1/bh1_610.html]
[sacred-texts.com/isl/bukhari/bh1/bh1_611.html]
[sacred-texts.com/isl/bukhari/bh1/bh1_612.html]
[sacred-texts.com/isl/bukhari/bh1/bh1_613.html]
[sacred-texts.com/isl/bukhari/bh1/bh1_614.html]
[sacred-texts.com/isl/bukhari/bh1/bh1_615.html]
[sacred-texts.com/isl/bukhari/bh1/bh1_616.html]
[sacred-texts.com/isl/bukhari/bh1/bh1_617.html]
[sacred-texts.com/isl/bukhari/bh1/bh1_618.html]
[sacred-texts.com/isl/bukhari/bh1/bh1_619.html]
[sacred-texts.com/isl/bukhari/bh1/bh1_620.html]
[sacred-texts.com/isl/bukhari/bh1/bh1_621.html]
[sacred-texts.com/isl/bukhari/bh1/bh1_622.html]
[sacred-texts.com/isl/bukhari/bh1/bh1_623.html]
[sacred-texts.com/isl/bukhari/bh1/bh1_624.html]
[sacred-texts.com/isl/bukhari/bh1/bh1_625.html]
[sacred-texts.com/isl/bukhari/bh1/bh1_626.html]
[sacred-texts.com/isl/bukhari/bh1/bh1_627.html]
[sacred-texts.com/isl/bukhari/bh1/bh1_628.html]
[sacred-texts.com/isl/bukhari/bh1/bh1_629.html]
[sacred-texts.com/isl/bukhari/bh1/bh1_630.html]
[sacred-texts.com/isl/bukhari/bh1/bh1_631.html]
[sacred-texts.com/isl/bukhari/bh1/bh1_632.html]
[sacred-texts.com/isl/bukhari/bh1/bh1_633.html]
[sacred-texts.com/isl/bukhari/bh1/bh1_634.html]
[sacred-texts.com/isl/bukhari/bh1/bh1_635.html]
[sacred-texts.com/isl/bukhari/bh1/bh1_636.html]
[sacred-texts.com/isl/bukhari/bh1/bh1_637.html]
[sacred-texts.com/isl/bukhari/bh1/bh1_638.html]
[sacred-texts.com/isl/bukhari/bh1/bh1_639.html]
[sacred-texts.com/isl/bukhari/bh1/bh1_640.html]
[sacred-texts.com/isl/bukhari/bh1/bh1_641.html]
[sacred-texts.com/isl/bukhari/bh1/bh1_642.html]
[sacred-texts.com/isl/bukhari/bh1/bh1_643.html]
[sacred-texts.com/isl/bukhari/bh1/bh1_644.html]
[sacred-texts.com/isl/bukhari/bh1/bh1_645.html]
[sacred-texts.com/isl/bukhari/bh1/bh1_646.html]
[sacred-texts.com/isl/bukhari/bh1/bh1_647.html]
[sacred-texts.com/isl/bukhari/bh1/bh1_648.html]
[sacred-texts.com/isl/bukhari/bh1/bh1_649.html]
[sacred-texts.com/isl/bukhari/bh1/bh1_650.html]
[sacred-texts.com/isl/bukhari/bh1/bh1_651.html]
[sacred-texts.com/isl/bukhari/bh1/bh1_652.html]
[sacred-texts.com/isl/bukhari/bh1/bh1_653.html]
[sacred-texts.com/isl/bukhari/bh1/bh1_654.html]
[sacred-texts.com/isl/bukhari/bh1/bh1_655.html]
[sacred-texts.com/isl/bukhari/bh1/bh1_656.html]
[sacred-texts.com/isl/bukhari/bh1/bh1_657.html]
[sacred-texts.com/isl/bukhari/bh1/bh1_658.html]
[sacred-texts.com/isl/bukhari/bh1/bh1_659.html]
[sacred-texts.com/isl/bukhari/bh1/bh1_660.html]
[sacred-texts.com/isl/bukhari/bh1/bh1_661.html]
[sacred-texts.com/isl/bukhari/bh1/bh1_662.html]
[sacred-texts.com/isl/bukhari/bh1/bh1_663.html]
[sacred-texts.com/isl/bukhari/bh1/bh1_664.html]
[sacred-texts.com/isl/bukhari/bh1/bh1_665.html]
[sacred-texts.com/isl/bukhari/bh1/bh1_666.html]
[sacred-texts.com/isl/bukhari/bh1/bh1_667.html]
[sacred-texts.com/isl/bukhari/bh1/bh1_668.html]
[sacred-texts.com/isl/bukhari/bh1/bh1_669.html]
[sacred-texts.com/isl/bukhari/bh1/bh1_670.html]
[sacred-texts.com/isl/bukhari/bh1/bh1_671.html]
[sacred-texts.com/isl/bukhari/bh1/bh1_672.html]
[sacred-texts.com/isl/bukhari/bh1/bh1_673.html]
[sacred-texts.com/isl/bukhari/bh1/bh1_674.html]
[sacred-texts.com/isl/bukhari/bh1/bh1_675.html]
[sacred-texts.com/isl/bukhari/bh1/bh1_676.html]
[sacred-texts.com/isl/bukhari/bh1/bh1_677.html]
[sacred-texts.com/isl/bukhari/bh1/bh1_678.html]
[sacred-texts.com/isl/bukhari/bh1/bh1_679.html]
[sacred-texts.com/isl/bukhari/bh1/bh1_680.html]
[sacred-texts.com/isl/bukhari/bh1/bh1_681.html]
[sacred-texts.com/isl/bukhari/bh1/bh1_682.html]
[sacred-texts.com/isl/bukhari/bh1/bh1_683.html]
[sacred-texts.com/isl/bukhari/bh1/bh1_684.html]
[sacred-texts.com/isl/bukhari/bh1/bh1_685.html]
[sacred-texts.com/isl/bukhari/bh1/bh1_686.html]
[sacred-texts.com/isl/bukhari/bh1/bh1_687.html]
[sacred-texts.com/isl/bukhari/bh1/bh1_688.html]
[sacred-texts.com/isl/bukhari/bh1/bh1_689.html]
[sacred-texts.com/isl/bukhari/bh1/bh1_690.html]
[sacred-texts.com/isl/bukhari/bh1/bh1_691.html]
[sacred-texts.com/isl/bukhari/bh1/bh1_692.html]
[sacred-texts.com/isl/bukhari/bh1/bh1_693.html]
[sacred-texts.com/isl/bukhari/bh1/bh1_694.html]
[sacred-texts.com/isl/bukhari/bh1/bh1_695.html]
[sacred-texts.com/isl/bukhari/bh1/bh1_696.html]
[sacred-texts.com/isl/bukhari/bh1/bh1_697.html]
[sacred-texts.com/isl/bukhari/bh1/bh1_698.html]
[sacred-texts.com/isl/bukhari/bh1/bh1_699.html]
[sacred-texts.com/isl/bukhari/bh1/bh1_700.html]
[sacred-texts.com/isl/bukhari/bh1/bh1_701.html]
[sacred-texts.com/isl/bukhari/bh1/bh1_702.html]
[sacred-texts.com/isl/bukhari/bh1/bh1_703.html]
[sacred-texts.com/isl/bukhari/bh1/bh1_704.html]
[sacred-texts.com/isl/bukhari/bh1/bh1_705.html]
[sacred-texts.com/isl/bukhari/bh1/bh1_706.html]
[sacred-texts.com/isl/bukhari/bh1/bh1_707.html]
[sacred-texts.com/isl/bukhari/bh1/bh1_708.html]
[sacred-texts.com/isl/bukhari/bh1/bh1_709.html]
[sacred-texts.com/isl/bukhari/bh1/bh1_710.html]
[sacred-texts.com/isl/bukhari/bh1/bh1_711.html]
[sacred-texts.com/isl/bukhari/bh1/bh1_712.html]
[sacred-texts.com/isl/bukhari/bh1/bh1_713.html]
[sacred-texts.com/isl/bukhari/bh1/bh1_714.html]
[sacred-texts.com/isl/bukhari/bh1/bh1_715.html]
[sacred-texts.com/isl/bukhari/bh1/bh1_716.html]
[sacred-texts.com/isl/bukhari/bh1/bh1_717.html]
[sacred-texts.com/isl/bukhari/bh1/bh1_718.html]
[sacred-texts.com/isl/bukhari/bh1/bh1_719.html]
[sacred-texts.com/isl/bukhari/bh1/bh1_720.html]
[sacred-texts.com/isl/bukhari/bh1/bh1_721.html]
[sacred-texts.com/isl/bukhari/bh1/bh1_722.html]
[sacred-texts.com/isl/bukhari/bh1/bh1_723.html]
[sacred-texts.com/isl/bukhari/bh1/bh1_724.html]
[sacred-texts.com/isl/bukhari/bh1/bh1_725.html]
[sacred-texts.com/isl/bukhari/bh1/bh1_726.html]
[sacred-texts.com/isl/bukhari/bh1/bh1_727.html]
[sacred-texts.com/isl/bukhari/bh1/bh1_728.html]
[sacred-texts.com/isl/bukhari/bh1/bh1_729.html]
[sacred-texts.com/isl/bukhari/bh1/bh1_730.html]
[sacred-texts.com/isl/bukhari/bh1/bh1_731.html]
[sacred-texts.com/isl/bukhari/bh1/bh1_732.html]
[sacred-texts.com/isl/bukhari/bh1/bh1_733.html]
[sacred-texts.com/isl/bukhari/bh1/bh1_734.html]
[sacred-texts.com/isl/bukhari/bh1/bh1_735.html]
[sacred-texts.com/isl/bukhari/bh1/bh1_736.html]
[sacred-texts.com/isl/bukhari/bh1/bh1_737.html]
[sacred-texts.com/isl/bukhari/bh1/bh1_738.html]
[sacred-texts.com/isl/bukhari/bh1/bh1_739.html]
[sacred-texts.com/isl/bukhari/bh1/bh1_740.html]
[sacred-texts.com/isl/bukhari/bh1/bh1_741.html]
[sacred-texts.com/isl/bukhari/bh1/bh1_742.html]
[sacred-texts.com/isl/bukhari/bh1/bh1_743.html]
[sacred-texts.com/isl/bukhari/bh1/bh1_744.html]
[sacred-texts.com/isl/bukhari/bh1/bh1_745.html]
[sacred-texts.com/isl/bukhari/bh1/bh1_746.html]
[sacred-texts.com/isl/bukhari/bh1/bh1_747.html]
[sacred-texts.com/isl/bukhari/bh1/bh1_748.html]
[sacred-texts.com/isl/bukhari/bh1/bh1_749.html]
[sacred-texts.com/isl/bukhari/bh1/bh1_750.html]
[sacred-texts.com/isl/bukhari/bh1/bh1_751.html]
[sacred-texts.com/isl/bukhari/bh1/bh1_752.html]
[sacred-texts.com/isl/bukhari/bh1/bh1_753.html]
[sacred-texts.com/isl/bukhari/bh1/bh1_754.html]
[sacred-texts.com/isl/bukhari/bh1/bh1_755.html]
[sacred-texts.com/isl/bukhari/bh1/bh1_756.html]
[sacred-texts.com/isl/bukhari/bh1/bh1_757.html]
[sacred-texts.com/isl/bukhari/bh1/bh1_758.html]
[sacred-texts.com/isl/bukhari/bh1/bh1_759.html]
[sacred-texts.com/isl/bukhari/bh1/bh1_760.html]
[sacred-texts.com/isl/bukhari/bh1/bh1_761.html]
[sacred-texts.com/isl/bukhari/bh1/bh1_762.html]
[sacred-texts.com/isl/bukhari/bh1/bh1_763.html]
[sacred-texts.com/isl/bukhari/bh1/bh1_764.html]
[sacred-texts.com/isl/bukhari/bh1/bh1_765.html]
[sacred-texts.com/isl/bukhari/bh1/bh1_766.html]
[sacred-texts.com/isl/bukhari/bh1/bh1_767.html]
[sacred-texts.com/isl/bukhari/bh1/bh1_768.html]
[sacred-texts.com/isl/bukhari/bh1/bh1_769.html]
[sacred-texts.com/isl/bukhari/bh1/bh1_770.html]
[sacred-texts.com/isl/bukhari/bh1/bh1_771.html]
[sacred-texts.com/isl/bukhari/bh1/bh1_772.html]
[sacred-texts.com/isl/bukhari/bh1/bh1_773.html]
[sacred-texts.com/isl/bukhari/bh1/bh1_774.html]
[sacred-texts.com/isl/bukhari/bh1/bh1_775.html]
[sacred-texts.com/isl/bukhari/bh1/bh1_776.html]
[sacred-texts.com/isl/bukhari/bh1/bh1_777.html]
[sacred-texts.com/isl/bukhari/bh1/bh1_778.html]
[sacred-texts.com/isl/bukhari/bh1/bh1_779.html]
[sacred-texts.com/isl/bukhari/bh1/bh1_780.html]
[sacred-texts.com/isl/bukhari/bh1/bh1_781.html]
[sacred-texts.com/isl/bukhari/bh1/bh1_782.html]
[sacred-texts.com/isl/bukhari/bh1/bh1_783.html]
[sacred-texts.com/isl/bukhari/bh1/bh1_784.html]
[sacred-texts.com/isl/bukhari/bh1/bh1_785.html]
[sacred-texts.com/isl/bukhari/bh1/bh1_786.html]
[sacred-texts.com/isl/bukhari/bh1/bh1_787.html]
[sacred-texts.com/isl/bukhari/bh1/bh1_788.html]
[sacred-texts.com/isl/bukhari/bh1/bh1_789.html]
[sacred-texts.com/isl/bukhari/bh1/bh1_790.html]
[sacred-texts.com/isl/bukhari/bh1/bh1_791.html]
[sacred-texts.com/isl/bukhari/bh1/bh1_792.html]
[sacred-texts.com/isl/bukhari/bh1/bh1_793.html]
[sacred-texts.com/isl/bukhari/bh1/bh1_794.html]
[sacred-texts.com/isl/bukhari/bh1/bh1_795.html]
[sacred-texts.com/isl/bukhari/bh1/bh1_796.html]
[sacred-texts.com/isl/bukhari/bh1/bh1_797.html]
[sacred-texts.com/isl/bukhari/bh1/bh1_798.html]
[sacred-texts.com/isl/bukhari/bh1/bh1_799.html]
[sacred-texts.com/isl/bukhari/bh1/bh1_800.html]
[sacred-texts.com/isl/bukhari/bh1/bh1_801.html]
[sacred-texts.com/isl/bukhari/bh1/bh1_802.html]
[sacred-texts.com/isl/bukhari/bh1/bh1_803.html]
[sacred-texts.com/isl/bukhari/bh1/bh1_804.html]
[sacred-texts.com/isl/bukhari/bh1/bh1_805.html]
[sacred-texts.com/isl/bukhari/bh1/bh1_806.html]
[sacred-texts.com/isl/bukhari/bh1/bh1_807.html]
[sacred-texts.com/isl/bukhari/bh1/bh1_808.html]
[sacred-texts.com/isl/bukhari/bh1/bh1_809.html]
[sacred-texts.com/isl/bukhari/bh1/bh1_810.html]
[sacred-texts.com/isl/bukhari/bh1/bh1_811.html]
[sacred-texts.com/isl/bukhari/bh1/bh1_812.html]
[sacred-texts.com/isl/bukhari/bh1/bh1_813.html]
[sacred-texts.com/isl/bukhari/bh1/bh1_814.html]
[sacred-texts.com/isl/bukhari/bh1/bh1_815.html]
[sacred-texts.com/isl/bukhari/bh1/bh1_816.html]
[sacred-texts.com/isl/bukhari/bh1/bh1_817.html]
[sacred-texts.com/isl/bukhari/bh1/bh1_818.html]
[sacred-texts.com/isl/bukhari/bh1/bh1_819.html]
[sacred-texts.com/isl/bukhari/bh1/bh1_820.html]
[sacred-texts.com/isl/bukhari/bh1/bh1_821.html]
[sacred-texts.com/isl/bukhari/bh1/bh1_822.html]
[sacred-texts.com/isl/bukhari/bh1/bh1_823.html]
[sacred-texts.com/isl/bukhari/bh1/bh1_824.html]
[sacred-texts.com/isl/bukhari/bh1/bh1_825.html]
[sacred-texts.com/isl/bukhari/bh1/bh1_826.html]
[sacred-texts.com/isl/bukhari/bh1/bh1_827.html]
[sacred-texts.com/isl/bukhari/bh1/bh1_828.html]
[sacred-texts.com/isl/bukhari/bh1/bh1_829.html]
[sacred-texts.com/isl/bukhari/bh1/bh1_830.html]
[sacred-texts.com/isl/bukhari/bh1/bh1_831.html]
[sacred-texts.com/isl/bukhari/bh1/bh1_832.html]
[sacred-texts.com/isl/bukhari/bh1/bh1_833.html]
[sacred-texts.com/isl/bukhari/bh1/bh1_834.html]
[sacred-texts.com/isl/bukhari/bh2/bh2_00.html]
[sacred-texts.com/isl/bukhari/bh2/bh2_01.html]
[sacred-texts.com/isl/bukhari/bh2/bh2_02.html]
[sacred-texts.com/isl/bukhari/bh2/bh2_03.html]
[sacred-texts.com/isl/bukhari/bh2/bh2_04.html]
[sacred-texts.com/isl/bukhari/bh2/bh2_05.html]
[sacred-texts.com/isl/bukhari/bh2/bh2_06.html]
[sacred-texts.com/isl/bukhari/bh2/bh2_07.html]
[sacred-texts.com/isl/bukhari/bh2/bh2_08.html]
[sacred-texts.com/isl/bukhari/bh2/bh2_09.html]
[sacred-texts.com/isl/bukhari/bh2/bh2_10.html]
[sacred-texts.com/isl/bukhari/bh2/bh2_11.html]
[sacred-texts.com/isl/bukhari/bh2/bh2_12.html]
[sacred-texts.com/isl/bukhari/bh2/bh2_13.html]
[sacred-texts.com/isl/bukhari/bh2/bh2_14.html]
[sacred-texts.com/isl/bukhari/bh2/bh2_15.html]
[sacred-texts.com/isl/bukhari/bh2/bh2_16.html]
[sacred-texts.com/isl/bukhari/bh2/bh2_17.html]
[sacred-texts.com/isl/bukhari/bh2/bh2_18.html]
[sacred-texts.com/isl/bukhari/bh2/bh2_19.html]
[sacred-texts.com/isl/bukhari/bh2/bh2_20.html]
[sacred-texts.com/isl/bukhari/bh2/bh2_21.html]
[sacred-texts.com/isl/bukhari/bh2/bh2_22.html]
[sacred-texts.com/isl/bukhari/bh2/bh2_23.html]
[sacred-texts.com/isl/bukhari/bh2/bh2_24.html]
[sacred-texts.com/isl/bukhari/bh2/bh2_25.html]
[sacred-texts.com/isl/bukhari/bh2/bh2_26.html]
[sacred-texts.com/isl/bukhari/bh2/bh2_27.html]
[sacred-texts.com/isl/bukhari/bh2/bh2_28.html]
[sacred-texts.com/isl/bukhari/bh2/bh2_29.html]
[sacred-texts.com/isl/bukhari/bh2/bh2_30.html]
[sacred-texts.com/isl/bukhari/bh2/bh2_31.html]
[sacred-texts.com/isl/bukhari/bh2/bh2_32.html]
[sacred-texts.com/isl/bukhari/bh2/bh2_33.html]
[sacred-texts.com/isl/bukhari/bh2/bh2_34.html]
[sacred-texts.com/isl/bukhari/bh2/bh2_35.html]
[sacred-texts.com/isl/bukhari/bh2/bh2_36.html]
[sacred-texts.com/isl/bukhari/bh2/bh2_37.html]
[sacred-texts.com/isl/bukhari/bh2/bh2_38.html]
[sacred-texts.com/isl/bukhari/bh2/bh2_39.html]
[sacred-texts.com/isl/bukhari/bh2/bh2_40.html]
[sacred-texts.com/isl/bukhari/bh2/bh2_41.html]
[sacred-texts.com/isl/bukhari/bh2/bh2_42.html]
[sacred-texts.com/isl/bukhari/bh2/bh2_43.html]
[sacred-texts.com/isl/bukhari/bh2/bh2_44.html]
[sacred-texts.com/isl/bukhari/bh2/bh2_45.html]
[sacred-texts.com/isl/bukhari/bh2/bh2_46.html]
[sacred-texts.com/isl/bukhari/bh2/bh2_47.html]
[sacred-texts.com/isl/bukhari/bh2/bh2_48.html]
[sacred-texts.com/isl/bukhari/bh2/bh2_49.html]
[sacred-texts.com/isl/bukhari/bh2/bh2_50.html]
[sacred-texts.com/isl/bukhari/bh2/bh2_51.html]
[sacred-texts.com/isl/bukhari/bh2/bh2_52.html]
[sacred-texts.com/isl/bukhari/bh2/bh2_53.html]
[sacred-texts.com/isl/bukhari/bh2/bh2_54.html]
[sacred-texts.com/isl/bukhari/bh2/bh2_55.html]
[sacred-texts.com/isl/bukhari/bh2/bh2_56.html]
[sacred-texts.com/isl/bukhari/bh2/bh2_57.html]
[sacred-texts.com/isl/bukhari/bh2/bh2_58.html]
[sacred-texts.com/isl/bukhari/bh2/bh2_59.html]
[sacred-texts.com/isl/bukhari/bh2/bh2_60.html]
[sacred-texts.com/isl/bukhari/bh2/bh2_61.html]
[sacred-texts.com/isl/bukhari/bh2/bh2_62.html]
[sacred-texts.com/isl/bukhari/bh2/bh2_63.html]
[sacred-texts.com/isl/bukhari/bh2/bh2_64.html]
[sacred-texts.com/isl/bukhari/bh2/bh2_65.html]
[sacred-texts.com/isl/bukhari/bh2/bh2_66.html]
[sacred-texts.com/isl/bukhari/bh2/bh2_67.html]
[sacred-texts.com/isl/bukhari/bh2/bh2_68.html]
[sacred-texts.com/isl/bukhari/bh2/bh2_69.html]
[sacred-texts.com/isl/bukhari/bh2/bh2_70.html]
[sacred-texts.com/isl/bukhari/bh2/bh2_71.html]
[sacred-texts.com/isl/bukhari/bh2/bh2_72.html]
[sacred-texts.com/isl/bukhari/bh2/bh2_73.html]
[sacred-texts.com/isl/bukhari/bh2/bh2_74.html]
[sacred-texts.com/isl/bukhari/bh2/bh2_75.html]
[sacred-texts.com/isl/bukhari/bh2/bh2_76.html]
[sacred-texts.com/isl/bukhari/bh2/bh2_77.html]
[sacred-texts.com/isl/bukhari/bh2/bh2_78.html]
[sacred-texts.com/isl/bukhari/bh2/bh2_79.html]
[sacred-texts.com/isl/bukhari/bh2/bh2_80.html]
[sacred-texts.com/isl/bukhari/bh2/bh2_81.html]
[sacred-texts.com/isl/bukhari/bh2/bh2_82.html]
[sacred-texts.com/isl/bukhari/bh2/bh2_83.html]
[sacred-texts.com/isl/bukhari/bh2/bh2_84.html]
[sacred-texts.com/isl/bukhari/bh2/bh2_85.html]
[sacred-texts.com/isl/bukhari/bh2/bh2_86.html]
[sacred-texts.com/isl/bukhari/bh2/bh2_87.html]
[sacred-texts.com/isl/bukhari/bh2/bh2_88.html]
[sacred-texts.com/isl/bukhari/bh2/bh2_89.html]
[sacred-texts.com/isl/bukhari/bh2/bh2_90.html]
[sacred-texts.com/isl/bukhari/bh2/bh2_91.html]
[sacred-texts.com/isl/bukhari/bh2/bh2_92.html]
[sacred-texts.com/isl/bukhari/bh2/bh2_93.html]
[sacred-texts.com/isl/bukhari/bh2/bh2_94.html]
[sacred-texts.com/isl/bukhari/bh2/bh2_95.html]
[sacred-texts.com/isl/bukhari/bh2/bh2_96.html]
[sacred-texts.com/isl/bukhari/bh2/bh2_97.html]
[sacred-texts.com/isl/bukhari/bh2/bh2_98.html]
[sacred-texts.com/isl/bukhari/bh2/bh2_99.html]
[sacred-texts.com/isl/bukhari/bh2/bh2_100.html]
[sacred-texts.com/isl/bukhari/bh2/bh2_101.html]
[sacred-texts.com/isl/bukhari/bh2/bh2_102.html]
[sacred-texts.com/isl/bukhari/bh2/bh2_103.html]
[sacred-texts.com/isl/bukhari/bh2/bh2_104.html]
[sacred-texts.com/isl/bukhari/bh2/bh2_105.html]
[sacred-texts.com/isl/bukhari/bh2/bh2_106.html]
[sacred-texts.com/isl/bukhari/bh2/bh2_107.html]
[sacred-texts.com/isl/bukhari/bh2/bh2_108.html]
[sacred-texts.com/isl/bukhari/bh2/bh2_109.html]
[sacred-texts.com/isl/bukhari/bh2/bh2_110.html]
[sacred-texts.com/isl/bukhari/bh2/bh2_111.html]
[sacred-texts.com/isl/bukhari/bh2/bh2_112.html]
[sacred-texts.com/isl/bukhari/bh2/bh2_113.html]
[sacred-texts.com/isl/bukhari/bh2/bh2_114.html]
[sacred-texts.com/isl/bukhari/bh2/bh2_115.html]
[sacred-texts.com/isl/bukhari/bh2/bh2_116.html]
[sacred-texts.com/isl/bukhari/bh2/bh2_117.html]
[sacred-texts.com/isl/bukhari/bh2/bh2_118.html]
[sacred-texts.com/isl/bukhari/bh2/bh2_119.html]
[sacred-texts.com/isl/bukhari/bh2/bh2_120.html]
[sacred-texts.com/isl/bukhari/bh2/bh2_121.html]
[sacred-texts.com/isl/bukhari/bh2/bh2_122.html]
[sacred-texts.com/isl/bukhari/bh2/bh2_123.html]
[sacred-texts.com/isl/bukhari/bh2/bh2_124.html]
[sacred-texts.com/isl/bukhari/bh2/bh2_125.html]
[sacred-texts.com/isl/bukhari/bh2/bh2_126.html]
[sacred-texts.com/isl/bukhari/bh2/bh2_127.html]
[sacred-texts.com/isl/bukhari/bh2/bh2_128.html]
[sacred-texts.com/isl/bukhari/bh2/bh2_129.html]
[sacred-texts.com/isl/bukhari/bh2/bh2_130.html]
[sacred-texts.com/isl/bukhari/bh2/bh2_131.html]
[sacred-texts.com/isl/bukhari/bh2/bh2_132.html]
[sacred-texts.com/isl/bukhari/bh2/bh2_133.html]
[sacred-texts.com/isl/bukhari/bh2/bh2_134.html]
[sacred-texts.com/isl/bukhari/bh2/bh2_135.html]
[sacred-texts.com/isl/bukhari/bh2/bh2_136.html]
[sacred-texts.com/isl/bukhari/bh2/bh2_137.html]
[sacred-texts.com/isl/bukhari/bh2/bh2_138.html]
[sacred-texts.com/isl/bukhari/bh2/bh2_139.html]
[sacred-texts.com/isl/bukhari/bh2/bh2_140.html]
[sacred-texts.com/isl/bukhari/bh2/bh2_141.html]
[sacred-texts.com/isl/bukhari/bh2/bh2_142.html]
[sacred-texts.com/isl/bukhari/bh2/bh2_143.html]
[sacred-texts.com/isl/bukhari/bh2/bh2_144.html]
[sacred-texts.com/isl/bukhari/bh2/bh2_145.html]
[sacred-texts.com/isl/bukhari/bh2/bh2_146.html]
[sacred-texts.com/isl/bukhari/bh2/bh2_147.html]
[sacred-texts.com/isl/bukhari/bh2/bh2_148.html]
[sacred-texts.com/isl/bukhari/bh2/bh2_149.html]
[sacred-texts.com/isl/bukhari/bh2/bh2_150.html]
[sacred-texts.com/isl/bukhari/bh2/bh2_151.html]
[sacred-texts.com/isl/bukhari/bh2/bh2_152.html]
[sacred-texts.com/isl/bukhari/bh2/bh2_153.html]
[sacred-texts.com/isl/bukhari/bh2/bh2_154.html]
[sacred-texts.com/isl/bukhari/bh2/bh2_155.html]
[sacred-texts.com/isl/bukhari/bh2/bh2_156.html]
[sacred-texts.com/isl/bukhari/bh2/bh2_157.html]
[sacred-texts.com/isl/bukhari/bh2/bh2_158.html]
[sacred-texts.com/isl/bukhari/bh2/bh2_159.html]
[sacred-texts.com/isl/bukhari/bh2/bh2_160.html]
[sacred-texts.com/isl/bukhari/bh2/bh2_161.html]
[sacred-texts.com/isl/bukhari/bh2/bh2_162.html]
[sacred-texts.com/isl/bukhari/bh2/bh2_163.html]
[sacred-texts.com/isl/bukhari/bh2/bh2_164.html]
[sacred-texts.com/isl/bukhari/bh2/bh2_165.html]
[sacred-texts.com/isl/bukhari/bh2/bh2_166.html]
[sacred-texts.com/isl/bukhari/bh2/bh2_167.html]
[sacred-texts.com/isl/bukhari/bh2/bh2_168.html]
[sacred-texts.com/isl/bukhari/bh2/bh2_169.html]
[sacred-texts.com/isl/bukhari/bh2/bh2_170.html]
[sacred-texts.com/isl/bukhari/bh2/bh2_171.html]
[sacred-texts.com/isl/bukhari/bh2/bh2_172.html]
[sacred-texts.com/isl/bukhari/bh2/bh2_173.html]
[sacred-texts.com/isl/bukhari/bh2/bh2_174.html]
[sacred-texts.com/isl/bukhari/bh2/bh2_175.html]
[sacred-texts.com/isl/bukhari/bh2/bh2_176.html]
[sacred-texts.com/isl/bukhari/bh2/bh2_177.html]
[sacred-texts.com/isl/bukhari/bh2/bh2_178.html]
[sacred-texts.com/isl/bukhari/bh2/bh2_179.html]
[sacred-texts.com/isl/bukhari/bh2/bh2_180.html]
[sacred-texts.com/isl/bukhari/bh2/bh2_181.html]
[sacred-texts.com/isl/bukhari/bh2/bh2_182.html]
[sacred-texts.com/isl/bukhari/bh2/bh2_183.html]
[sacred-texts.com/isl/bukhari/bh2/bh2_184.html]
[sacred-texts.com/isl/bukhari/bh2/bh2_185.html]
[sacred-texts.com/isl/bukhari/bh2/bh2_186.html]
[sacred-texts.com/isl/bukhari/bh2/bh2_187.html]
[sacred-texts.com/isl/bukhari/bh2/bh2_188.html]
[sacred-texts.com/isl/bukhari/bh2/bh2_189.html]
[sacred-texts.com/isl/bukhari/bh2/bh2_190.html]
[sacred-texts.com/isl/bukhari/bh2/bh2_191.html]
[sacred-texts.com/isl/bukhari/bh2/bh2_192.html]
[sacred-texts.com/isl/bukhari/bh2/bh2_193.html]
[sacred-texts.com/isl/bukhari/bh2/bh2_194.html]
[sacred-texts.com/isl/bukhari/bh2/bh2_195.html]
[sacred-texts.com/isl/bukhari/bh2/bh2_196.html]
[sacred-texts.com/isl/bukhari/bh2/bh2_197.html]
[sacred-texts.com/isl/bukhari/bh2/bh2_198.html]
[sacred-texts.com/isl/bukhari/bh2/bh2_199.html]
[sacred-texts.com/isl/bukhari/bh2/bh2_200.html]
[sacred-texts.com/isl/bukhari/bh2/bh2_201.html]
[sacred-texts.com/isl/bukhari/bh2/bh2_202.html]
[sacred-texts.com/isl/bukhari/bh2/bh2_203.html]
[sacred-texts.com/isl/bukhari/bh2/bh2_204.html]
[sacred-texts.com/isl/bukhari/bh2/bh2_205.html]
[sacred-texts.com/isl/bukhari/bh2/bh2_206.html]
[sacred-texts.com/isl/bukhari/bh2/bh2_207.html]
[sacred-texts.com/isl/bukhari/bh2/bh2_208.html]
[sacred-texts.com/isl/bukhari/bh2/bh2_209.html]
[sacred-texts.com/isl/bukhari/bh2/bh2_210.html]
[sacred-texts.com/isl/bukhari/bh2/bh2_211.html]
[sacred-texts.com/isl/bukhari/bh2/bh2_212.html]
[sacred-texts.com/isl/bukhari/bh2/bh2_213.html]
[sacred-texts.com/isl/bukhari/bh2/bh2_214.html]
[sacred-texts.com/isl/bukhari/bh2/bh2_215.html]
[sacred-texts.com/isl/bukhari/bh2/bh2_216.html]
[sacred-texts.com/isl/bukhari/bh2/bh2_217.html]
[sacred-texts.com/isl/bukhari/bh2/bh2_218.html]
[sacred-texts.com/isl/bukhari/bh2/bh2_219.html]
[sacred-texts.com/isl/bukhari/bh2/bh2_220.html]
[sacred-texts.com/isl/bukhari/bh2/bh2_221.html]
[sacred-texts.com/isl/bukhari/bh2/bh2_222.html]
[sacred-texts.com/isl/bukhari/bh2/bh2_223.html]
[sacred-texts.com/isl/bukhari/bh2/bh2_224.html]
[sacred-texts.com/isl/bukhari/bh2/bh2_225.html]
[sacred-texts.com/isl/bukhari/bh2/bh2_226.html]
[sacred-texts.com/isl/bukhari/bh2/bh2_227.html]
[sacred-texts.com/isl/bukhari/bh2/bh2_228.html]
[sacred-texts.com/isl/bukhari/bh2/bh2_229.html]
[sacred-texts.com/isl/bukhari/bh2/bh2_230.html]
[sacred-texts.com/isl/bukhari/bh2/bh2_231.html]
[sacred-texts.com/isl/bukhari/bh2/bh2_232.html]
[sacred-texts.com/isl/bukhari/bh2/bh2_233.html]
[sacred-texts.com/isl/bukhari/bh2/bh2_234.html]
[sacred-texts.com/isl/bukhari/bh2/bh2_235.html]
[sacred-texts.com/isl/bukhari/bh2/bh2_236.html]
[sacred-texts.com/isl/bukhari/bh2/bh2_237.html]
[sacred-texts.com/isl/bukhari/bh2/bh2_238.html]
[sacred-texts.com/isl/bukhari/bh2/bh2_239.html]
[sacred-texts.com/isl/bukhari/bh2/bh2_240.html]
[sacred-texts.com/isl/bukhari/bh2/bh2_241.html]
[sacred-texts.com/isl/bukhari/bh2/bh2_242.html]
[sacred-texts.com/isl/bukhari/bh2/bh2_243.html]
[sacred-texts.com/isl/bukhari/bh2/bh2_244.html]
[sacred-texts.com/isl/bukhari/bh2/bh2_245.html]
[sacred-texts.com/isl/bukhari/bh2/bh2_246.html]
[sacred-texts.com/isl/bukhari/bh2/bh2_247.html]
[sacred-texts.com/isl/bukhari/bh2/bh2_248.html]
[sacred-texts.com/isl/bukhari/bh2/bh2_249.html]
[sacred-texts.com/isl/bukhari/bh2/bh2_250.html]
[sacred-texts.com/isl/bukhari/bh2/bh2_251.html]
[sacred-texts.com/isl/bukhari/bh2/bh2_252.html]
[sacred-texts.com/isl/bukhari/bh2/bh2_253.html]
[sacred-texts.com/isl/bukhari/bh2/bh2_254.html]
[sacred-texts.com/isl/bukhari/bh2/bh2_255.html]
[sacred-texts.com/isl/bukhari/bh2/bh2_256.html]
[sacred-texts.com/isl/bukhari/bh2/bh2_257.html]
[sacred-texts.com/isl/bukhari/bh2/bh2_258.html]
[sacred-texts.com/isl/bukhari/bh2/bh2_259.html]
[sacred-texts.com/isl/bukhari/bh2/bh2_260.html]
[sacred-texts.com/isl/bukhari/bh2/bh2_261.html]
[sacred-texts.com/isl/bukhari/bh2/bh2_262.html]
[sacred-texts.com/isl/bukhari/bh2/bh2_263.html]
[sacred-texts.com/isl/bukhari/bh2/bh2_264.html]
[sacred-texts.com/isl/bukhari/bh2/bh2_265.html]
[sacred-texts.com/isl/bukhari/bh2/bh2_266.html]
[sacred-texts.com/isl/bukhari/bh2/bh2_267.html]
[sacred-texts.com/isl/bukhari/bh2/bh2_268.html]
[sacred-texts.com/isl/bukhari/bh2/bh2_269.html]
[sacred-texts.com/isl/bukhari/bh2/bh2_270.html]
[sacred-texts.com/isl/bukhari/bh2/bh2_271.html]
[sacred-texts.com/isl/bukhari/bh2/bh2_272.html]
[sacred-texts.com/isl/bukhari/bh2/bh2_273.html]
[sacred-texts.com/isl/bukhari/bh2/bh2_274.html]
[sacred-texts.com/isl/bukhari/bh2/bh2_275.html]
[sacred-texts.com/isl/bukhari/bh2/bh2_276.html]
[sacred-texts.com/isl/bukhari/bh2/bh2_277.html]
[sacred-texts.com/isl/bukhari/bh2/bh2_278.html]
[sacred-texts.com/isl/bukhari/bh2/bh2_279.html]
[sacred-texts.com/isl/bukhari/bh2/bh2_280.html]
[sacred-texts.com/isl/bukhari/bh2/bh2_281.html]
[sacred-texts.com/isl/bukhari/bh2/bh2_282.html]
[sacred-texts.com/isl/bukhari/bh2/bh2_283.html]
[sacred-texts.com/isl/bukhari/bh2/bh2_284.html]
[sacred-texts.com/isl/bukhari/bh2/bh2_285.html]
[sacred-texts.com/isl/bukhari/bh2/bh2_286.html]
[sacred-texts.com/isl/bukhari/bh2/bh2_287.html]
[sacred-texts.com/isl/bukhari/bh2/bh2_288.html]
[sacred-texts.com/isl/bukhari/bh2/bh2_289.html]
[sacred-texts.com/isl/bukhari/bh2/bh2_290.html]
[sacred-texts.com/isl/bukhari/bh2/bh2_291.html]
[sacred-texts.com/isl/bukhari/bh2/bh2_292.html]
[sacred-texts.com/isl/bukhari/bh2/bh2_293.html]
[sacred-texts.com/isl/bukhari/bh2/bh2_294.html]
[sacred-texts.com/isl/bukhari/bh2/bh2_295.html]
[sacred-texts.com/isl/bukhari/bh2/bh2_296.html]
[sacred-texts.com/isl/bukhari/bh2/bh2_297.html]
[sacred-texts.com/isl/bukhari/bh2/bh2_298.html]
[sacred-texts.com/isl/bukhari/bh2/bh2_299.html]
[sacred-texts.com/isl/bukhari/bh2/bh2_300.html]
[sacred-texts.com/isl/bukhari/bh2/bh2_301.html]
[sacred-texts.com/isl/bukhari/bh2/bh2_302.html]
[sacred-texts.com/isl/bukhari/bh2/bh2_303.html]
[sacred-texts.com/isl/bukhari/bh2/bh2_304.html]
[sacred-texts.com/isl/bukhari/bh2/bh2_305.html]
[sacred-texts.com/isl/bukhari/bh2/bh2_306.html]
[sacred-texts.com/isl/bukhari/bh2/bh2_307.html]
[sacred-texts.com/isl/bukhari/bh2/bh2_308.html]
[sacred-texts.com/isl/bukhari/bh2/bh2_309.html]
[sacred-texts.com/isl/bukhari/bh2/bh2_310.html]
[sacred-texts.com/isl/bukhari/bh2/bh2_311.html]
[sacred-texts.com/isl/bukhari/bh2/bh2_312.html]
[sacred-texts.com/isl/bukhari/bh2/bh2_313.html]
[sacred-texts.com/isl/bukhari/bh2/bh2_314.html]
[sacred-texts.com/isl/bukhari/bh2/bh2_315.html]
[sacred-texts.com/isl/bukhari/bh2/bh2_316.html]
[sacred-texts.com/isl/bukhari/bh2/bh2_317.html]
[sacred-texts.com/isl/bukhari/bh2/bh2_318.html]
[sacred-texts.com/isl/bukhari/bh2/bh2_319.html]
[sacred-texts.com/isl/bukhari/bh2/bh2_320.html]
[sacred-texts.com/isl/bukhari/bh2/bh2_321.html]
[sacred-texts.com/isl/bukhari/bh2/bh2_322.html]
[sacred-texts.com/isl/bukhari/bh2/bh2_323.html]
[sacred-texts.com/isl/bukhari/bh2/bh2_324.html]
[sacred-texts.com/isl/bukhari/bh2/bh2_325.html]
[sacred-texts.com/isl/bukhari/bh2/bh2_326.html]
[sacred-texts.com/isl/bukhari/bh2/bh2_327.html]
[sacred-texts.com/isl/bukhari/bh2/bh2_328.html]
[sacred-texts.com/isl/bukhari/bh2/bh2_329.html]
[sacred-texts.com/isl/bukhari/bh2/bh2_330.html]
[sacred-texts.com/isl/bukhari/bh2/bh2_331.html]
[sacred-texts.com/isl/bukhari/bh2/bh2_332.html]
[sacred-texts.com/isl/bukhari/bh2/bh2_333.html]
[sacred-texts.com/isl/bukhari/bh2/bh2_334.html]
[sacred-texts.com/isl/bukhari/bh2/bh2_335.html]
[sacred-texts.com/isl/bukhari/bh2/bh2_336.html]
[sacred-texts.com/isl/bukhari/bh2/bh2_337.html]
[sacred-texts.com/isl/bukhari/bh2/bh2_338.html]
[sacred-texts.com/isl/bukhari/bh2/bh2_339.html]
[sacred-texts.com/isl/bukhari/bh2/bh2_340.html]
[sacred-texts.com/isl/bukhari/bh2/bh2_341.html]
[sacred-texts.com/isl/bukhari/bh2/bh2_342.html]
[sacred-texts.com/isl/bukhari/bh2/bh2_343.html]
[sacred-texts.com/isl/bukhari/bh2/bh2_344.html]
[sacred-texts.com/isl/bukhari/bh2/bh2_345.html]
[sacred-texts.com/isl/bukhari/bh2/bh2_346.html]
[sacred-texts.com/isl/bukhari/bh2/bh2_347.html]
[sacred-texts.com/isl/bukhari/bh2/bh2_348.html]
[sacred-texts.com/isl/bukhari/bh2/bh2_349.html]
[sacred-texts.com/isl/bukhari/bh2/bh2_350.html]
[sacred-texts.com/isl/bukhari/bh2/bh2_351.html]
[sacred-texts.com/isl/bukhari/bh2/bh2_352.html]
[sacred-texts.com/isl/bukhari/bh2/bh2_353.html]
[sacred-texts.com/isl/bukhari/bh2/bh2_354.html]
[sacred-texts.com/isl/bukhari/bh2/bh2_355.html]
[sacred-texts.com/isl/bukhari/bh2/bh2_356.html]
[sacred-texts.com/isl/bukhari/bh2/bh2_357.html]
[sacred-texts.com/isl/bukhari/bh2/bh2_358.html]
[sacred-texts.com/isl/bukhari/bh2/bh2_359.html]
[sacred-texts.com/isl/bukhari/bh2/bh2_360.html]
[sacred-texts.com/isl/bukhari/bh2/bh2_361.html]
[sacred-texts.com/isl/bukhari/bh2/bh2_362.html]
[sacred-texts.com/isl/bukhari/bh2/bh2_363.html]
[sacred-texts.com/isl/bukhari/bh2/bh2_364.html]
[sacred-texts.com/isl/bukhari/bh2/bh2_365.html]
[sacred-texts.com/isl/bukhari/bh2/bh2_366.html]
[sacred-texts.com/isl/bukhari/bh2/bh2_367.html]
[sacred-texts.com/isl/bukhari/bh2/bh2_368.html]
[sacred-texts.com/isl/bukhari/bh2/bh2_369.html]
[sacred-texts.com/isl/bukhari/bh2/bh2_370.html]
[sacred-texts.com/isl/bukhari/bh2/bh2_371.html]
[sacred-texts.com/isl/bukhari/bh2/bh2_372.html]
[sacred-texts.com/isl/bukhari/bh2/bh2_373.html]
[sacred-texts.com/isl/bukhari/bh2/bh2_374.html]
[sacred-texts.com/isl/bukhari/bh2/bh2_375.html]
[sacred-texts.com/isl/bukhari/bh2/bh2_376.html]
[sacred-texts.com/isl/bukhari/bh2/bh2_377.html]
[sacred-texts.com/isl/bukhari/bh2/bh2_378.html]
[sacred-texts.com/isl/bukhari/bh2/bh2_379.html]
[sacred-texts.com/isl/bukhari/bh2/bh2_380.html]
[sacred-texts.com/isl/bukhari/bh2/bh2_381.html]
[sacred-texts.com/isl/bukhari/bh2/bh2_382.html]
[sacred-texts.com/isl/bukhari/bh2/bh2_383.html]
[sacred-texts.com/isl/bukhari/bh2/bh2_384.html]
[sacred-texts.com/isl/bukhari/bh2/bh2_385.html]
[sacred-texts.com/isl/bukhari/bh2/bh2_386.html]
[sacred-texts.com/isl/bukhari/bh2/bh2_387.html]
[sacred-texts.com/isl/bukhari/bh2/bh2_388.html]
[sacred-texts.com/isl/bukhari/bh2/bh2_389.html]
[sacred-texts.com/isl/bukhari/bh2/bh2_390.html]
[sacred-texts.com/isl/bukhari/bh2/bh2_391.html]
[sacred-texts.com/isl/bukhari/bh2/bh2_392.html]
[sacred-texts.com/isl/bukhari/bh2/bh2_393.html]
[sacred-texts.com/isl/bukhari/bh2/bh2_394.html]
[sacred-texts.com/isl/bukhari/bh2/bh2_395.html]
[sacred-texts.com/isl/bukhari/bh2/bh2_396.html]
[sacred-texts.com/isl/bukhari/bh2/bh2_397.html]
[sacred-texts.com/isl/bukhari/bh2/bh2_398.html]
[sacred-texts.com/isl/bukhari/bh2/bh2_399.html]
[sacred-texts.com/isl/bukhari/bh2/bh2_400.html]
[sacred-texts.com/isl/bukhari/bh2/bh2_401.html]
[sacred-texts.com/isl/bukhari/bh2/bh2_402.html]
[sacred-texts.com/isl/bukhari/bh2/bh2_403.html]
[sacred-texts.com/isl/bukhari/bh2/bh2_404.html]
[sacred-texts.com/isl/bukhari/bh2/bh2_405.html]
[sacred-texts.com/isl/bukhari/bh2/bh2_406.html]
[sacred-texts.com/isl/bukhari/bh2/bh2_407.html]
[sacred-texts.com/isl/bukhari/bh2/bh2_408.html]
[sacred-texts.com/isl/bukhari/bh2/bh2_409.html]
[sacred-texts.com/isl/bukhari/bh2/bh2_410.html]
[sacred-texts.com/isl/bukhari/bh2/bh2_411.html]
[sacred-texts.com/isl/bukhari/bh2/bh2_412.html]
[sacred-texts.com/isl/bukhari/bh2/bh2_413.html]
[sacred-texts.com/isl/bukhari/bh2/bh2_414.html]
[sacred-texts.com/isl/bukhari/bh2/bh2_415.html]
[sacred-texts.com/isl/bukhari/bh2/bh2_416.html]
[sacred-texts.com/isl/bukhari/bh2/bh2_417.html]
[sacred-texts.com/isl/bukhari/bh2/bh2_418.html]
[sacred-texts.com/isl/bukhari/bh2/bh2_419.html]
[sacred-texts.com/isl/bukhari/bh2/bh2_420.html]
[sacred-texts.com/isl/bukhari/bh2/bh2_421.html]
[sacred-texts.com/isl/bukhari/bh2/bh2_422.html]
[sacred-texts.com/isl/bukhari/bh2/bh2_423.html]
[sacred-texts.com/isl/bukhari/bh2/bh2_424.html]
[sacred-texts.com/isl/bukhari/bh2/bh2_425.html]
[sacred-texts.com/isl/bukhari/bh2/bh2_426.html]
[sacred-texts.com/isl/bukhari/bh2/bh2_427.html]
[sacred-texts.com/isl/bukhari/bh2/bh2_428.html]
[sacred-texts.com/isl/bukhari/bh2/bh2_429.html]
[sacred-texts.com/isl/bukhari/bh2/bh2_430.html]
[sacred-texts.com/isl/bukhari/bh2/bh2_431.html]
[sacred-texts.com/isl/bukhari/bh2/bh2_432.html]
[sacred-texts.com/isl/bukhari/bh2/bh2_433.html]
[sacred-texts.com/isl/bukhari/bh2/bh2_434.html]
[sacred-texts.com/isl/bukhari/bh2/bh2_435.html]
[sacred-texts.com/isl/bukhari/bh2/bh2_436.html]
[sacred-texts.com/isl/bukhari/bh2/bh2_437.html]
[sacred-texts.com/isl/bukhari/bh2/bh2_438.html]
[sacred-texts.com/isl/bukhari/bh2/bh2_439.html]
[sacred-texts.com/isl/bukhari/bh2/bh2_440.html]
[sacred-texts.com/isl/bukhari/bh2/bh2_441.html]
[sacred-texts.com/isl/bukhari/bh2/bh2_442.html]
[sacred-texts.com/isl/bukhari/bh2/bh2_443.html]
[sacred-texts.com/isl/bukhari/bh2/bh2_444.html]
[sacred-texts.com/isl/bukhari/bh2/bh2_445.html]
[sacred-texts.com/isl/bukhari/bh2/bh2_446.html]
[sacred-texts.com/isl/bukhari/bh2/bh2_447.html]
[sacred-texts.com/isl/bukhari/bh2/bh2_448.html]
[sacred-texts.com/isl/bukhari/bh2/bh2_449.html]
[sacred-texts.com/isl/bukhari/bh2/bh2_450.html]
[sacred-texts.com/isl/bukhari/bh2/bh2_451.html]
[sacred-texts.com/isl/bukhari/bh2/bh2_452.html]
[sacred-texts.com/isl/bukhari/bh2/bh2_453.html]
[sacred-texts.com/isl/bukhari/bh2/bh2_454.html]
[sacred-texts.com/isl/bukhari/bh2/bh2_455.html]
[sacred-texts.com/isl/bukhari/bh2/bh2_456.html]
[sacred-texts.com/isl/bukhari/bh2/bh2_457.html]
[sacred-texts.com/isl/bukhari/bh2/bh2_458.html]
[sacred-texts.com/isl/bukhari/bh2/bh2_459.html]
[sacred-texts.com/isl/bukhari/bh2/bh2_460.html]
[sacred-texts.com/isl/bukhari/bh2/bh2_461.html]
[sacred-texts.com/isl/bukhari/bh2/bh2_462.html]
[sacred-texts.com/isl/bukhari/bh2/bh2_463.html]
[sacred-texts.com/isl/bukhari/bh2/bh2_464.html]
[sacred-texts.com/isl/bukhari/bh2/bh2_465.html]
[sacred-texts.com/isl/bukhari/bh2/bh2_466.html]
[sacred-texts.com/isl/bukhari/bh2/bh2_467.html]
[sacred-texts.com/isl/bukhari/bh2/bh2_468.html]
[sacred-texts.com/isl/bukhari/bh2/bh2_469.html]
[sacred-texts.com/isl/bukhari/bh2/bh2_470.html]
[sacred-texts.com/isl/bukhari/bh2/bh2_471.html]
[sacred-texts.com/isl/bukhari/bh2/bh2_472.html]
[sacred-texts.com/isl/bukhari/bh2/bh2_473.html]
[sacred-texts.com/isl/bukhari/bh2/bh2_474.html]
[sacred-texts.com/isl/bukhari/bh2/bh2_475.html]
[sacred-texts.com/isl/bukhari/bh2/bh2_476.html]
[sacred-texts.com/isl/bukhari/bh2/bh2_477.html]
[sacred-texts.com/isl/bukhari/bh2/bh2_478.html]
[sacred-texts.com/isl/bukhari/bh2/bh2_479.html]
[sacred-texts.com/isl/bukhari/bh2/bh2_480.html]
[sacred-texts.com/isl/bukhari/bh2/bh2_481.html]
[sacred-texts.com/isl/bukhari/bh2/bh2_482.html]
[sacred-texts.com/isl/bukhari/bh2/bh2_483.html]
[sacred-texts.com/isl/bukhari/bh2/bh2_484.html]
[sacred-texts.com/isl/bukhari/bh2/bh2_485.html]
[sacred-texts.com/isl/bukhari/bh2/bh2_486.html]
[sacred-texts.com/isl/bukhari/bh2/bh2_487.html]
[sacred-texts.com/isl/bukhari/bh2/bh2_488.html]
[sacred-texts.com/isl/bukhari/bh2/bh2_489.html]
[sacred-texts.com/isl/bukhari/bh2/bh2_490.html]
[sacred-texts.com/isl/bukhari/bh2/bh2_491.html]
[sacred-texts.com/isl/bukhari/bh2/bh2_492.html]
[sacred-texts.com/isl/bukhari/bh2/bh2_493.html]
[sacred-texts.com/isl/bukhari/bh2/bh2_494.html]
[sacred-texts.com/isl/bukhari/bh2/bh2_495.html]
[sacred-texts.com/isl/bukhari/bh2/bh2_496.html]
[sacred-texts.com/isl/bukhari/bh2/bh2_497.html]
[sacred-texts.com/isl/bukhari/bh2/bh2_498.html]
[sacred-texts.com/isl/bukhari/bh2/bh2_499.html]
[sacred-texts.com/isl/bukhari/bh2/bh2_500.html]
[sacred-texts.com/isl/bukhari/bh2/bh2_501.html]
[sacred-texts.com/isl/bukhari/bh2/bh2_502.html]
[sacred-texts.com/isl/bukhari/bh2/bh2_503.html]
[sacred-texts.com/isl/bukhari/bh2/bh2_504.html]
[sacred-texts.com/isl/bukhari/bh2/bh2_505.html]
[sacred-texts.com/isl/bukhari/bh2/bh2_506.html]
[sacred-texts.com/isl/bukhari/bh2/bh2_507.html]
[sacred-texts.com/isl/bukhari/bh2/bh2_508.html]
[sacred-texts.com/isl/bukhari/bh2/bh2_509.html]
[sacred-texts.com/isl/bukhari/bh2/bh2_510.html]
[sacred-texts.com/isl/bukhari/bh2/bh2_511.html]
[sacred-texts.com/isl/bukhari/bh2/bh2_512.html]
[sacred-texts.com/isl/bukhari/bh2/bh2_513.html]
[sacred-texts.com/isl/bukhari/bh2/bh2_514.html]
[sacred-texts.com/isl/bukhari/bh2/bh2_515.html]
[sacred-texts.com/isl/bukhari/bh2/bh2_516.html]
[sacred-texts.com/isl/bukhari/bh2/bh2_517.html]
[sacred-texts.com/isl/bukhari/bh2/bh2_518.html]
[sacred-texts.com/isl/bukhari/bh2/bh2_519.html]
[sacred-texts.com/isl/bukhari/bh2/bh2_520.html]
[sacred-texts.com/isl/bukhari/bh2/bh2_521.html]
[sacred-texts.com/isl/bukhari/bh2/bh2_522.html]
[sacred-texts.com/isl/bukhari/bh2/bh2_523.html]
[sacred-texts.com/isl/bukhari/bh2/bh2_524.html]
[sacred-texts.com/isl/bukhari/bh2/bh2_525.html]
[sacred-texts.com/isl/bukhari/bh2/bh2_526.html]
[sacred-texts.com/isl/bukhari/bh2/bh2_527.html]
[sacred-texts.com/isl/bukhari/bh2/bh2_528.html]
[sacred-texts.com/isl/bukhari/bh2/bh2_529.html]
[sacred-texts.com/isl/bukhari/bh2/bh2_530.html]
[sacred-texts.com/isl/bukhari/bh2/bh2_531.html]
[sacred-texts.com/isl/bukhari/bh2/bh2_532.html]
[sacred-texts.com/isl/bukhari/bh2/bh2_533.html]
[sacred-texts.com/isl/bukhari/bh2/bh2_534.html]
[sacred-texts.com/isl/bukhari/bh2/bh2_535.html]
[sacred-texts.com/isl/bukhari/bh2/bh2_536.html]
[sacred-texts.com/isl/bukhari/bh2/bh2_537.html]
[sacred-texts.com/isl/bukhari/bh2/bh2_538.html]
[sacred-texts.com/isl/bukhari/bh2/bh2_539.html]
[sacred-texts.com/isl/bukhari/bh2/bh2_540.html]
[sacred-texts.com/isl/bukhari/bh2/bh2_541.html]
[sacred-texts.com/isl/bukhari/bh2/bh2_542.html]
[sacred-texts.com/isl/bukhari/bh2/bh2_543.html]
[sacred-texts.com/isl/bukhari/bh2/bh2_544.html]
[sacred-texts.com/isl/bukhari/bh2/bh2_545.html]
[sacred-texts.com/isl/bukhari/bh2/bh2_546.html]
[sacred-texts.com/isl/bukhari/bh2/bh2_547.html]
[sacred-texts.com/isl/bukhari/bh2/bh2_548.html]
[sacred-texts.com/isl/bukhari/bh2/bh2_549.html]
[sacred-texts.com/isl/bukhari/bh2/bh2_550.html]
[sacred-texts.com/isl/bukhari/bh2/bh2_551.html]
[sacred-texts.com/isl/bukhari/bh2/bh2_552.html]
[sacred-texts.com/isl/bukhari/bh2/bh2_553.html]
[sacred-texts.com/isl/bukhari/bh2/bh2_554.html]
[sacred-texts.com/isl/bukhari/bh2/bh2_555.html]
[sacred-texts.com/isl/bukhari/bh2/bh2_556.html]
[sacred-texts.com/isl/bukhari/bh2/bh2_557.html]
[sacred-texts.com/isl/bukhari/bh2/bh2_558.html]
[sacred-texts.com/isl/bukhari/bh2/bh2_559.html]
[sacred-texts.com/isl/bukhari/bh2/bh2_560.html]
[sacred-texts.com/isl/bukhari/bh2/bh2_561.html]
[sacred-texts.com/isl/bukhari/bh2/bh2_562.html]
[sacred-texts.com/isl/bukhari/bh2/bh2_563.html]
[sacred-texts.com/isl/bukhari/bh2/bh2_564.html]
[sacred-texts.com/isl/bukhari/bh2/bh2_565.html]
[sacred-texts.com/isl/bukhari/bh2/bh2_566.html]
[sacred-texts.com/isl/bukhari/bh2/bh2_567.html]
[sacred-texts.com/isl/bukhari/bh2/bh2_568.html]
[sacred-texts.com/isl/bukhari/bh2/bh2_569.html]
[sacred-texts.com/isl/bukhari/bh2/bh2_570.html]
[sacred-texts.com/isl/bukhari/bh2/bh2_571.html]
[sacred-texts.com/isl/bukhari/bh2/bh2_572.html]
[sacred-texts.com/isl/bukhari/bh2/bh2_573.html]
[sacred-texts.com/isl/bukhari/bh2/bh2_574.html]
[sacred-texts.com/isl/bukhari/bh2/bh2_575.html]
[sacred-texts.com/isl/bukhari/bh2/bh2_576.html]
[sacred-texts.com/isl/bukhari/bh2/bh2_577.html]
[sacred-texts.com/isl/bukhari/bh2/bh2_578.html]
[sacred-texts.com/isl/bukhari/bh2/bh2_579.html]
[sacred-texts.com/isl/bukhari/bh2/bh2_580.html]
[sacred-texts.com/isl/bukhari/bh2/bh2_581.html]
[sacred-texts.com/isl/bukhari/bh2/bh2_582.html]
[sacred-texts.com/isl/bukhari/bh2/bh2_583.html]
[sacred-texts.com/isl/bukhari/bh2/bh2_584.html]
[sacred-texts.com/isl/bukhari/bh2/bh2_585.html]
[sacred-texts.com/isl/bukhari/bh2/bh2_586.html]
[sacred-texts.com/isl/bukhari/bh2/bh2_587.html]
[sacred-texts.com/isl/bukhari/bh2/bh2_588.html]
[sacred-texts.com/isl/bukhari/bh2/bh2_589.html]
[sacred-texts.com/isl/bukhari/bh2/bh2_590.html]
[sacred-texts.com/isl/bukhari/bh2/bh2_591.html]
[sacred-texts.com/isl/bukhari/bh2/bh2_592.html]
[sacred-texts.com/isl/bukhari/bh2/bh2_593.html]
[sacred-texts.com/isl/bukhari/bh2/bh2_594.html]
[sacred-texts.com/isl/bukhari/bh2/bh2_595.html]
[sacred-texts.com/isl/bukhari/bh2/bh2_596.html]
[sacred-texts.com/isl/bukhari/bh2/bh2_597.html]
[sacred-texts.com/isl/bukhari/bh2/bh2_598.html]
[sacred-texts.com/isl/bukhari/bh2/bh2_599.html]
[sacred-texts.com/isl/bukhari/bh2/bh2_600.html]
[sacred-texts.com/isl/bukhari/bh2/bh2_601.html]
[sacred-texts.com/isl/bukhari/bh2/bh2_602.html]
[sacred-texts.com/isl/bukhari/bh2/bh2_603.html]
[sacred-texts.com/isl/bukhari/bh2/bh2_604.html]
[sacred-texts.com/isl/bukhari/bh2/bh2_605.html]
[sacred-texts.com/isl/bukhari/bh2/bh2_606.html]
[sacred-texts.com/isl/bukhari/bh2/bh2_607.html]
[sacred-texts.com/isl/bukhari/bh2/bh2_608.html]
[sacred-texts.com/isl/bukhari/bh2/bh2_609.html]
[sacred-texts.com/isl/bukhari/bh2/bh2_610.html]
[sacred-texts.com/isl/bukhari/bh2/bh2_611.html]
[sacred-texts.com/isl/bukhari/bh2/bh2_612.html]
[sacred-texts.com/isl/bukhari/bh2/bh2_613.html]
[sacred-texts.com/isl/bukhari/bh2/bh2_614.html]
[sacred-texts.com/isl/bukhari/bh2/bh2_615.html]
[sacred-texts.com/isl/bukhari/bh2/bh2_616.html]
[sacred-texts.com/isl/bukhari/bh2/bh2_617.html]
[sacred-texts.com/isl/bukhari/bh2/bh2_618.html]
[sacred-texts.com/isl/bukhari/bh2/bh2_619.html]
[sacred-texts.com/isl/bukhari/bh2/bh2_620.html]
[sacred-texts.com/isl/bukhari/bh2/bh2_621.html]
[sacred-texts.com/isl/bukhari/bh2/bh2_622.html]
[sacred-texts.com/isl/bukhari/bh2/bh2_623.html]
[sacred-texts.com/isl/bukhari/bh2/bh2_624.html]
[sacred-texts.com/isl/bukhari/bh2/bh2_625.html]
[sacred-texts.com/isl/bukhari/bh2/bh2_626.html]
[sacred-texts.com/isl/bukhari/bh2/bh2_627.html]
[sacred-texts.com/isl/bukhari/bh2/bh2_628.html]
[sacred-texts.com/isl/bukhari/bh2/bh2_629.html]
[sacred-texts.com/isl/bukhari/bh2/bh2_630.html]
[sacred-texts.com/isl/bukhari/bh2/bh2_631.html]
[sacred-texts.com/isl/bukhari/bh2/bh2_632.html]
[sacred-texts.com/isl/bukhari/bh2/bh2_633.html]
[sacred-texts.com/isl/bukhari/bh2/bh2_634.html]
[sacred-texts.com/isl/bukhari/bh2/bh2_635.html]
[sacred-texts.com/isl/bukhari/bh2/bh2_636.html]
[sacred-texts.com/isl/bukhari/bh2/bh2_637.html]
[sacred-texts.com/isl/bukhari/bh2/bh2_638.html]
[sacred-texts.com/isl/bukhari/bh2/bh2_639.html]
[sacred-texts.com/isl/bukhari/bh2/bh2_640.html]
[sacred-texts.com/isl/bukhari/bh2/bh2_641.html]
[sacred-texts.com/isl/bukhari/bh2/bh2_642.html]
[sacred-texts.com/isl/bukhari/bh2/bh2_643.html]
[sacred-texts.com/isl/bukhari/bh2/bh2_644.html]
[sacred-texts.com/isl/bukhari/bh2/bh2_645.html]
[sacred-texts.com/isl/bukhari/bh2/bh2_646.html]
[sacred-texts.com/isl/bukhari/bh2/bh2_647.html]
[sacred-texts.com/isl/bukhari/bh2/bh2_648.html]
[sacred-texts.com/isl/bukhari/bh2/bh2_649.html]
[sacred-texts.com/isl/bukhari/bh2/bh2_650.html]
[sacred-texts.com/isl/bukhari/bh2/bh2_651.html]
[sacred-texts.com/isl/bukhari/bh2/bh2_652.html]
[sacred-texts.com/isl/bukhari/bh2/bh2_653.html]
[sacred-texts.com/isl/bukhari/bh2/bh2_654.html]
[sacred-texts.com/isl/bukhari/bh2/bh2_655.html]
[sacred-texts.com/isl/bukhari/bh2/bh2_656.html]
[sacred-texts.com/isl/bukhari/bh2/bh2_657.html]
[sacred-texts.com/isl/bukhari/bh2/bh2_658.html]
[sacred-texts.com/isl/bukhari/bh2/bh2_659.html]
[sacred-texts.com/isl/bukhari/bh2/bh2_660.html]
[sacred-texts.com/isl/bukhari/bh2/bh2_661.html]
[sacred-texts.com/isl/bukhari/bh2/bh2_662.html]
[sacred-texts.com/isl/bukhari/bh2/bh2_663.html]
[sacred-texts.com/isl/bukhari/bh2/bh2_664.html]
[sacred-texts.com/isl/bukhari/bh2/bh2_665.html]
[sacred-texts.com/isl/bukhari/bh2/bh2_666.html]
[sacred-texts.com/isl/bukhari/bh2/bh2_667.html]
[sacred-texts.com/isl/bukhari/bh2/bh2_668.html]
[sacred-texts.com/isl/bukhari/bh2/bh2_669.html]
[sacred-texts.com/isl/bukhari/bh2/bh2_670.html]
[sacred-texts.com/isl/bukhari/bh2/bh2_671.html]
[sacred-texts.com/isl/bukhari/bh2/bh2_672.html]
[sacred-texts.com/isl/bukhari/bh2/bh2_673.html]
[sacred-texts.com/isl/bukhari/bh2/bh2_674.html]
[sacred-texts.com/isl/bukhari/bh2/bh2_675.html]
[sacred-texts.com/isl/bukhari/bh2/bh2_676.html]
[sacred-texts.com/isl/bukhari/bh2/bh2_677.html]
[sacred-texts.com/isl/bukhari/bh2/bh2_678.html]
[sacred-texts.com/isl/bukhari/bh2/bh2_679.html]
[sacred-texts.com/isl/bukhari/bh2/bh2_680.html]
[sacred-texts.com/isl/bukhari/bh2/bh2_681.html]
[sacred-texts.com/isl/bukhari/bh2/bh2_682.html]
[sacred-texts.com/isl/bukhari/bh2/bh2_683.html]
[sacred-texts.com/isl/bukhari/bh2/bh2_684.html]
[sacred-texts.com/isl/bukhari/bh2/bh2_685.html]
[sacred-texts.com/isl/bukhari/bh2/bh2_686.html]
[sacred-texts.com/isl/bukhari/bh2/bh2_687.html]
[sacred-texts.com/isl/bukhari/bh2/bh2_688.html]
[sacred-texts.com/isl/bukhari/bh2/bh2_689.html]
[sacred-texts.com/isl/bukhari/bh2/bh2_690.html]
[sacred-texts.com/isl/bukhari/bh2/bh2_691.html]
[sacred-texts.com/isl/bukhari/bh2/bh2_692.html]
[sacred-texts.com/isl/bukhari/bh2/bh2_693.html]
[sacred-texts.com/isl/bukhari/bh2/bh2_694.html]
[sacred-texts.com/isl/bukhari/bh2/bh2_695.html]
[sacred-texts.com/isl/bukhari/bh2/bh2_696.html]
[sacred-texts.com/isl/bukhari/bh2/bh2_697.html]
[sacred-texts.com/isl/bukhari/bh2/bh2_698.html]
[sacred-texts.com/isl/bukhari/bh2/bh2_699.html]
[sacred-texts.com/isl/bukhari/bh2/bh2_700.html]
[sacred-texts.com/isl/bukhari/bh2/bh2_701.html]
[sacred-texts.com/isl/bukhari/bh2/bh2_702.html]
[sacred-texts.com/isl/bukhari/bh2/bh2_703.html]
[sacred-texts.com/isl/bukhari/bh2/bh2_704.html]
[sacred-texts.com/isl/bukhari/bh2/bh2_705.html]
[sacred-texts.com/isl/bukhari/bh2/bh2_706.html]
[sacred-texts.com/isl/bukhari/bh2/bh2_707.html]
[sacred-texts.com/isl/bukhari/bh2/bh2_708.html]
[sacred-texts.com/isl/bukhari/bh2/bh2_709.html]
[sacred-texts.com/isl/bukhari/bh2/bh2_710.html]
[sacred-texts.com/isl/bukhari/bh2/bh2_711.html]
[sacred-texts.com/isl/bukhari/bh2/bh2_712.html]
[sacred-texts.com/isl/bukhari/bh2/bh2_713.html]
[sacred-texts.com/isl/bukhari/bh2/bh2_714.html]
[sacred-texts.com/isl/bukhari/bh2/bh2_715.html]
[sacred-texts.com/isl/bukhari/bh2/bh2_716.html]
[sacred-texts.com/isl/bukhari/bh2/bh2_717.html]
[sacred-texts.com/isl/bukhari/bh2/bh2_718.html]
[sacred-texts.com/isl/bukhari/bh2/bh2_719.html]
[sacred-texts.com/isl/bukhari/bh2/bh2_720.html]
[sacred-texts.com/isl/bukhari/bh2/bh2_721.html]
[sacred-texts.com/isl/bukhari/bh2/bh2_722.html]
[sacred-texts.com/isl/bukhari/bh2/bh2_723.html]
[sacred-texts.com/isl/bukhari/bh2/bh2_724.html]
[sacred-texts.com/isl/bukhari/bh2/bh2_725.html]
[sacred-texts.com/isl/bukhari/bh2/bh2_726.html]
[sacred-texts.com/isl/bukhari/bh2/bh2_727.html]
[sacred-texts.com/isl/bukhari/bh2/bh2_728.html]
[sacred-texts.com/isl/bukhari/bh2/bh2_729.html]
[sacred-texts.com/isl/bukhari/bh2/bh2_730.html]
[sacred-texts.com/isl/bukhari/bh2/bh2_731.html]
[sacred-texts.com/isl/bukhari/bh2/bh2_732.html]
[sacred-texts.com/isl/bukhari/bh2/bh2_733.html]
[sacred-texts.com/isl/bukhari/bh2/bh2_734.html]
[sacred-texts.com/isl/bukhari/bh2/bh2_735.html]
[sacred-texts.com/isl/bukhari/bh2/bh2_736.html]
[sacred-texts.com/isl/bukhari/bh2/bh2_737.html]
[sacred-texts.com/isl/bukhari/bh2/bh2_738.html]
[sacred-texts.com/isl/bukhari/bh2/bh2_739.html]
[sacred-texts.com/isl/bukhari/bh2/bh2_740.html]
[sacred-texts.com/isl/bukhari/bh2/bh2_741.html]
[sacred-texts.com/isl/bukhari/bh2/bh2_742.html]
[sacred-texts.com/isl/bukhari/bh2/bh2_743.html]
[sacred-texts.com/isl/bukhari/bh2/bh2_744.html]
[sacred-texts.com/isl/bukhari/bh2/bh2_745.html]
[sacred-texts.com/isl/bukhari/bh2/bh2_746.html]
[sacred-texts.com/isl/bukhari/bh2/bh2_747.html]
[sacred-texts.com/isl/bukhari/bh2/bh2_748.html]
[sacred-texts.com/isl/bukhari/bh2/bh2_749.html]
[sacred-texts.com/isl/bukhari/bh2/bh2_750.html]
[sacred-texts.com/isl/bukhari/bh2/bh2_751.html]
[sacred-texts.com/isl/bukhari/bh2/bh2_752.html]
[sacred-texts.com/isl/bukhari/bh2/bh2_753.html]
[sacred-texts.com/isl/bukhari/bh2/bh2_754.html]
[sacred-texts.com/isl/bukhari/bh2/bh2_755.html]
[sacred-texts.com/isl/bukhari/bh2/bh2_756.html]
[sacred-texts.com/isl/bukhari/bh2/bh2_757.html]
[sacred-texts.com/isl/bukhari/bh2/bh2_758.html]
[sacred-texts.com/isl/bukhari/bh2/bh2_759.html]
[sacred-texts.com/isl/bukhari/bh2/bh2_760.html]
[sacred-texts.com/isl/bukhari/bh2/bh2_761.html]
[sacred-texts.com/isl/bukhari/bh2/bh2_762.html]
[sacred-texts.com/isl/bukhari/bh2/bh2_763.html]
[sacred-texts.com/isl/bukhari/bh2/bh2_764.html]
[sacred-texts.com/isl/bukhari/bh2/bh2_765.html]
[sacred-texts.com/isl/bukhari/bh2/bh2_766.html]
[sacred-texts.com/isl/bukhari/bh2/bh2_767.html]
[sacred-texts.com/isl/bukhari/bh2/bh2_768.html]
[sacred-texts.com/isl/bukhari/bh2/bh2_769.html]
[sacred-texts.com/isl/bukhari/bh2/bh2_770.html]
[sacred-texts.com/isl/bukhari/bh2/bh2_771.html]
[sacred-texts.com/isl/bukhari/bh2/bh2_772.html]
[sacred-texts.com/isl/bukhari/bh2/bh2_773.html]
[sacred-texts.com/isl/bukhari/bh2/bh2_774.html]
[sacred-texts.com/isl/bukhari/bh2/bh2_775.html]
[sacred-texts.com/isl/bukhari/bh2/bh2_776.html]
[sacred-texts.com/isl/bukhari/bh2/bh2_777.html]
[sacred-texts.com/isl/bukhari/bh2/bh2_778.html]
[sacred-texts.com/isl/bukhari/bh2/bh2_779.html]
[sacred-texts.com/isl/bukhari/bh2/bh2_780.html]
[sacred-texts.com/isl/bukhari/bh2/bh2_781.html]
[sacred-texts.com/isl/bukhari/bh2/bh2_782.html]
[sacred-texts.com/isl/bukhari/bh2/bh2_783.html]
[sacred-texts.com/isl/bukhari/bh2/bh2_784.html]
[sacred-texts.com/isl/bukhari/bh2/bh2_785.html]
[sacred-texts.com/isl/bukhari/bh2/bh2_786.html]
[sacred-texts.com/isl/bukhari/bh2/bh2_787.html]
[sacred-texts.com/isl/bukhari/bh2/bh2_788.html]
[sacred-texts.com/isl/bukhari/bh2/bh2_789.html]
[sacred-texts.com/isl/bukhari/bh2/bh2_790.html]
[sacred-texts.com/isl/bukhari/bh2/bh2_791.html]
[sacred-texts.com/isl/bukhari/bh2/bh2_792.html]
[sacred-texts.com/isl/bukhari/bh2/bh2_793.html]
[sacred-texts.com/isl/bukhari/bh2/bh2_794.html]
[sacred-texts.com/isl/bukhari/bh2/bh2_795.html]
[sacred-texts.com/isl/bukhari/bh2/bh2_796.html]
[sacred-texts.com/isl/bukhari/bh2/bh2_797.html]
[sacred-texts.com/isl/bukhari/bh2/bh2_798.html]
[sacred-texts.com/isl/bukhari/bh2/bh2_799.html]
[sacred-texts.com/isl/bukhari/bh2/bh2_800.html]
[sacred-texts.com/isl/bukhari/bh2/bh2_801.html]
[sacred-texts.com/isl/bukhari/bh2/bh2_802.html]
[sacred-texts.com/isl/bukhari/bh2/bh2_803.html]
[sacred-texts.com/isl/bukhari/bh2/bh2_804.html]
[sacred-texts.com/isl/bukhari/bh2/bh2_805.html]
[sacred-texts.com/isl/bukhari/bh2/bh2_806.html]
[sacred-texts.com/isl/bukhari/bh2/bh2_807.html]
[sacred-texts.com/isl/bukhari/bh2/bh2_808.html]
[sacred-texts.com/isl/bukhari/bh2/bh2_809.html]
[sacred-texts.com/isl/bukhari/bh2/bh2_810.html]
[sacred-texts.com/isl/bukhari/bh2/bh2_811.html]
[sacred-texts.com/isl/bukhari/bh2/bh2_812.html]
[sacred-texts.com/isl/bukhari/bh2/bh2_813.html]
[sacred-texts.com/isl/bukhari/bh2/bh2_814.html]
[sacred-texts.com/isl/bukhari/bh2/bh2_815.html]
[sacred-texts.com/isl/bukhari/bh2/bh2_816.html]
[sacred-texts.com/isl/bukhari/bh2/bh2_817.html]
[sacred-texts.com/isl/bukhari/bh2/bh2_818.html]
[sacred-texts.com/isl/bukhari/bh2/bh2_819.html]
[sacred-texts.com/isl/bukhari/bh2/bh2_820.html]
[sacred-texts.com/isl/bukhari/bh2/bh2_821.html]
[sacred-texts.com/isl/bukhari/bh2/bh2_822.html]
[sacred-texts.com/isl/bukhari/bh2/bh2_823.html]
[sacred-texts.com/isl/bukhari/bh2/bh2_824.html]
[sacred-texts.com/isl/bukhari/bh2/bh2_825.html]
[sacred-texts.com/isl/bukhari/bh3/bh3_00.html]
[sacred-texts.com/isl/bukhari/bh3/bh3_01.html]
[sacred-texts.com/isl/bukhari/bh3/bh3_02.html]
[sacred-texts.com/isl/bukhari/bh3/bh3_03.html]
[sacred-texts.com/isl/bukhari/bh3/bh3_04.html]
[sacred-texts.com/isl/bukhari/bh3/bh3_05.html]
[sacred-texts.com/isl/bukhari/bh3/bh3_06.html]
[sacred-texts.com/isl/bukhari/bh3/bh3_07.html]
[sacred-texts.com/isl/bukhari/bh3/bh3_08.html]
[sacred-texts.com/isl/bukhari/bh3/bh3_09.html]
[sacred-texts.com/isl/bukhari/bh3/bh3_10.html]
[sacred-texts.com/isl/bukhari/bh3/bh3_11.html]
[sacred-texts.com/isl/bukhari/bh3/bh3_12.html]
[sacred-texts.com/isl/bukhari/bh3/bh3_13.html]
[sacred-texts.com/isl/bukhari/bh3/bh3_14.html]
[sacred-texts.com/isl/bukhari/bh3/bh3_15.html]
[sacred-texts.com/isl/bukhari/bh3/bh3_16.html]
[sacred-texts.com/isl/bukhari/bh3/bh3_17.html]
[sacred-texts.com/isl/bukhari/bh3/bh3_18.html]
[sacred-texts.com/isl/bukhari/bh3/bh3_19.html]
[sacred-texts.com/isl/bukhari/bh3/bh3_20.html]
[sacred-texts.com/isl/bukhari/bh3/bh3_21.html]
[sacred-texts.com/isl/bukhari/bh3/bh3_22.html]
[sacred-texts.com/isl/bukhari/bh3/bh3_23.html]
[sacred-texts.com/isl/bukhari/bh3/bh3_24.html]
[sacred-texts.com/isl/bukhari/bh3/bh3_25.html]
[sacred-texts.com/isl/bukhari/bh3/bh3_26.html]
[sacred-texts.com/isl/bukhari/bh3/bh3_27.html]
[sacred-texts.com/isl/bukhari/bh3/bh3_28.html]
[sacred-texts.com/isl/bukhari/bh3/bh3_29.html]
[sacred-texts.com/isl/bukhari/bh3/bh3_30.html]
[sacred-texts.com/isl/bukhari/bh3/bh3_31.html]
[sacred-texts.com/isl/bukhari/bh3/bh3_32.html]
[sacred-texts.com/isl/bukhari/bh3/bh3_33.html]
[sacred-texts.com/isl/bukhari/bh3/bh3_34.html]
[sacred-texts.com/isl/bukhari/bh3/bh3_35.html]
[sacred-texts.com/isl/bukhari/bh3/bh3_36.html]
[sacred-texts.com/isl/bukhari/bh3/bh3_37.html]
[sacred-texts.com/isl/bukhari/bh3/bh3_38.html]
[sacred-texts.com/isl/bukhari/bh3/bh3_39.html]
[sacred-texts.com/isl/bukhari/bh3/bh3_40.html]
[sacred-texts.com/isl/bukhari/bh3/bh3_41.html]
[sacred-texts.com/isl/bukhari/bh3/bh3_42.html]
[sacred-texts.com/isl/bukhari/bh3/bh3_43.html]
[sacred-texts.com/isl/bukhari/bh3/bh3_44.html]
[sacred-texts.com/isl/bukhari/bh3/bh3_45.html]
[sacred-texts.com/isl/bukhari/bh3/bh3_46.html]
[sacred-texts.com/isl/bukhari/bh3/bh3_47.html]
[sacred-texts.com/isl/bukhari/bh3/bh3_48.html]
[sacred-texts.com/isl/bukhari/bh3/bh3_49.html]
[sacred-texts.com/isl/bukhari/bh3/bh3_50.html]
[sacred-texts.com/isl/bukhari/bh3/bh3_51.html]
[sacred-texts.com/isl/bukhari/bh3/bh3_52.html]
[sacred-texts.com/isl/bukhari/bh3/bh3_53.html]
[sacred-texts.com/isl/bukhari/bh3/bh3_54.html]
[sacred-texts.com/isl/bukhari/bh3/bh3_55.html]
[sacred-texts.com/isl/bukhari/bh3/bh3_56.html]
[sacred-texts.com/isl/bukhari/bh3/bh3_57.html]
[sacred-texts.com/isl/bukhari/bh3/bh3_58.html]
[sacred-texts.com/isl/bukhari/bh3/bh3_59.html]
[sacred-texts.com/isl/bukhari/bh3/bh3_60.html]
[sacred-texts.com/isl/bukhari/bh3/bh3_61.html]
[sacred-texts.com/isl/bukhari/bh3/bh3_62.html]
[sacred-texts.com/isl/bukhari/bh3/bh3_63.html]
[sacred-texts.com/isl/bukhari/bh3/bh3_64.html]
[sacred-texts.com/isl/bukhari/bh3/bh3_65.html]
[sacred-texts.com/isl/bukhari/bh3/bh3_66.html]
[sacred-texts.com/isl/bukhari/bh3/bh3_67.html]
[sacred-texts.com/isl/bukhari/bh3/bh3_68.html]
[sacred-texts.com/isl/bukhari/bh3/bh3_69.html]
[sacred-texts.com/isl/bukhari/bh3/bh3_70.html]
[sacred-texts.com/isl/bukhari/bh3/bh3_71.html]
[sacred-texts.com/isl/bukhari/bh3/bh3_72.html]
[sacred-texts.com/isl/bukhari/bh3/bh3_73.html]
[sacred-texts.com/isl/bukhari/bh3/bh3_74.html]
[sacred-texts.com/isl/bukhari/bh3/bh3_75.html]
[sacred-texts.com/isl/bukhari/bh3/bh3_76.html]
[sacred-texts.com/isl/bukhari/bh3/bh3_77.html]
[sacred-texts.com/isl/bukhari/bh3/bh3_78.html]
[sacred-texts.com/isl/bukhari/bh3/bh3_79.html]
[sacred-texts.com/isl/bukhari/bh3/bh3_80.html]
[sacred-texts.com/isl/bukhari/bh3/bh3_81.html]
[sacred-texts.com/isl/bukhari/bh3/bh3_82.html]
[sacred-texts.com/isl/bukhari/bh3/bh3_83.html]
[sacred-texts.com/isl/bukhari/bh3/bh3_84.html]
[sacred-texts.com/isl/bukhari/bh3/bh3_85.html]
[sacred-texts.com/isl/bukhari/bh3/bh3_86.html]
[sacred-texts.com/isl/bukhari/bh3/bh3_87.html]
[sacred-texts.com/isl/bukhari/bh3/bh3_88.html]
[sacred-texts.com/isl/bukhari/bh3/bh3_89.html]
[sacred-texts.com/isl/bukhari/bh3/bh3_90.html]
[sacred-texts.com/isl/bukhari/bh3/bh3_91.html]
[sacred-texts.com/isl/bukhari/bh3/bh3_92.html]
[sacred-texts.com/isl/bukhari/bh3/bh3_93.html]
[sacred-texts.com/isl/bukhari/bh3/bh3_94.html]
[sacred-texts.com/isl/bukhari/bh3/bh3_95.html]
[sacred-texts.com/isl/bukhari/bh3/bh3_96.html]
[sacred-texts.com/isl/bukhari/bh3/bh3_97.html]
[sacred-texts.com/isl/bukhari/bh3/bh3_98.html]
[sacred-texts.com/isl/bukhari/bh3/bh3_99.html]
[sacred-texts.com/isl/bukhari/bh3/bh3_100.html]
[sacred-texts.com/isl/bukhari/bh3/bh3_101.html]
[sacred-texts.com/isl/bukhari/bh3/bh3_102.html]
[sacred-texts.com/isl/bukhari/bh3/bh3_103.html]
[sacred-texts.com/isl/bukhari/bh3/bh3_104.html]
[sacred-texts.com/isl/bukhari/bh3/bh3_105.html]
[sacred-texts.com/isl/bukhari/bh3/bh3_106.html]
[sacred-texts.com/isl/bukhari/bh3/bh3_107.html]
[sacred-texts.com/isl/bukhari/bh3/bh3_108.html]
[sacred-texts.com/isl/bukhari/bh3/bh3_109.html]
[sacred-texts.com/isl/bukhari/bh3/bh3_110.html]
[sacred-texts.com/isl/bukhari/bh3/bh3_111.html]
[sacred-texts.com/isl/bukhari/bh3/bh3_112.html]
[sacred-texts.com/isl/bukhari/bh3/bh3_113.html]
[sacred-texts.com/isl/bukhari/bh3/bh3_114.html]
[sacred-texts.com/isl/bukhari/bh3/bh3_115.html]
[sacred-texts.com/isl/bukhari/bh3/bh3_116.html]
[sacred-texts.com/isl/bukhari/bh3/bh3_117.html]
[sacred-texts.com/isl/bukhari/bh3/bh3_118.html]
[sacred-texts.com/isl/bukhari/bh3/bh3_119.html]
[sacred-texts.com/isl/bukhari/bh3/bh3_120.html]
[sacred-texts.com/isl/bukhari/bh3/bh3_121.html]
[sacred-texts.com/isl/bukhari/bh3/bh3_122.html]
[sacred-texts.com/isl/bukhari/bh3/bh3_123.html]
[sacred-texts.com/isl/bukhari/bh3/bh3_124.html]
[sacred-texts.com/isl/bukhari/bh3/bh3_125.html]
[sacred-texts.com/isl/bukhari/bh3/bh3_126.html]
[sacred-texts.com/isl/bukhari/bh3/bh3_127.html]
[sacred-texts.com/isl/bukhari/bh3/bh3_128.html]
[sacred-texts.com/isl/bukhari/bh3/bh3_129.html]
[sacred-texts.com/isl/bukhari/bh3/bh3_130.html]
[sacred-texts.com/isl/bukhari/bh3/bh3_131.html]
[sacred-texts.com/isl/bukhari/bh3/bh3_132.html]
[sacred-texts.com/isl/bukhari/bh3/bh3_133.html]
[sacred-texts.com/isl/bukhari/bh3/bh3_134.html]
[sacred-texts.com/isl/bukhari/bh3/bh3_135.html]
[sacred-texts.com/isl/bukhari/bh3/bh3_136.html]
[sacred-texts.com/isl/bukhari/bh3/bh3_137.html]
[sacred-texts.com/isl/bukhari/bh3/bh3_138.html]
[sacred-texts.com/isl/bukhari/bh3/bh3_139.html]
[sacred-texts.com/isl/bukhari/bh3/bh3_140.html]
[sacred-texts.com/isl/bukhari/bh3/bh3_141.html]
[sacred-texts.com/isl/bukhari/bh3/bh3_142.html]
[sacred-texts.com/isl/bukhari/bh3/bh3_143.html]
[sacred-texts.com/isl/bukhari/bh3/bh3_144.html]
[sacred-texts.com/isl/bukhari/bh3/bh3_145.html]
[sacred-texts.com/isl/bukhari/bh3/bh3_146.html]
[sacred-texts.com/isl/bukhari/bh3/bh3_147.html]
[sacred-texts.com/isl/bukhari/bh3/bh3_148.html]
[sacred-texts.com/isl/bukhari/bh3/bh3_149.html]
[sacred-texts.com/isl/bukhari/bh3/bh3_150.html]
[sacred-texts.com/isl/bukhari/bh3/bh3_151.html]
[sacred-texts.com/isl/bukhari/bh3/bh3_152.html]
[sacred-texts.com/isl/bukhari/bh3/bh3_153.html]
[sacred-texts.com/isl/bukhari/bh3/bh3_154.html]
[sacred-texts.com/isl/bukhari/bh3/bh3_155.html]
[sacred-texts.com/isl/bukhari/bh3/bh3_156.html]
[sacred-texts.com/isl/bukhari/bh3/bh3_157.html]
[sacred-texts.com/isl/bukhari/bh3/bh3_158.html]
[sacred-texts.com/isl/bukhari/bh3/bh3_159.html]
[sacred-texts.com/isl/bukhari/bh3/bh3_160.html]
[sacred-texts.com/isl/bukhari/bh3/bh3_161.html]
[sacred-texts.com/isl/bukhari/bh3/bh3_162.html]
[sacred-texts.com/isl/bukhari/bh3/bh3_163.html]
[sacred-texts.com/isl/bukhari/bh3/bh3_164.html]
[sacred-texts.com/isl/bukhari/bh3/bh3_165.html]
[sacred-texts.com/isl/bukhari/bh3/bh3_166.html]
[sacred-texts.com/isl/bukhari/bh3/bh3_167.html]
[sacred-texts.com/isl/bukhari/bh3/bh3_168.html]
[sacred-texts.com/isl/bukhari/bh3/bh3_169.html]
[sacred-texts.com/isl/bukhari/bh3/bh3_170.html]
[sacred-texts.com/isl/bukhari/bh3/bh3_171.html]
[sacred-texts.com/isl/bukhari/bh3/bh3_172.html]
[sacred-texts.com/isl/bukhari/bh3/bh3_173.html]
[sacred-texts.com/isl/bukhari/bh3/bh3_174.html]
[sacred-texts.com/isl/bukhari/bh3/bh3_175.html]
[sacred-texts.com/isl/bukhari/bh3/bh3_176.html]
[sacred-texts.com/isl/bukhari/bh3/bh3_177.html]
[sacred-texts.com/isl/bukhari/bh3/bh3_178.html]
[sacred-texts.com/isl/bukhari/bh3/bh3_179.html]
[sacred-texts.com/isl/bukhari/bh3/bh3_180.html]
[sacred-texts.com/isl/bukhari/bh3/bh3_181.html]
[sacred-texts.com/isl/bukhari/bh3/bh3_182.html]
[sacred-texts.com/isl/bukhari/bh3/bh3_183.html]
[sacred-texts.com/isl/bukhari/bh3/bh3_184.html]
[sacred-texts.com/isl/bukhari/bh3/bh3_185.html]
[sacred-texts.com/isl/bukhari/bh3/bh3_186.html]
[sacred-texts.com/isl/bukhari/bh3/bh3_187.html]
[sacred-texts.com/isl/bukhari/bh3/bh3_188.html]
[sacred-texts.com/isl/bukhari/bh3/bh3_189.html]
[sacred-texts.com/isl/bukhari/bh3/bh3_190.html]
[sacred-texts.com/isl/bukhari/bh3/bh3_191.html]
[sacred-texts.com/isl/bukhari/bh3/bh3_192.html]
[sacred-texts.com/isl/bukhari/bh3/bh3_193.html]
[sacred-texts.com/isl/bukhari/bh3/bh3_194.html]
[sacred-texts.com/isl/bukhari/bh3/bh3_195.html]
[sacred-texts.com/isl/bukhari/bh3/bh3_196.html]
[sacred-texts.com/isl/bukhari/bh3/bh3_197.html]
[sacred-texts.com/isl/bukhari/bh3/bh3_198.html]
[sacred-texts.com/isl/bukhari/bh3/bh3_199.html]
[sacred-texts.com/isl/bukhari/bh3/bh3_200.html]
[sacred-texts.com/isl/bukhari/bh3/bh3_201.html]
[sacred-texts.com/isl/bukhari/bh3/bh3_202.html]
[sacred-texts.com/isl/bukhari/bh3/bh3_203.html]
[sacred-texts.com/isl/bukhari/bh3/bh3_204.html]
[sacred-texts.com/isl/bukhari/bh3/bh3_205.html]
[sacred-texts.com/isl/bukhari/bh3/bh3_206.html]
[sacred-texts.com/isl/bukhari/bh3/bh3_207.html]
[sacred-texts.com/isl/bukhari/bh3/bh3_208.html]
[sacred-texts.com/isl/bukhari/bh3/bh3_209.html]
[sacred-texts.com/isl/bukhari/bh3/bh3_210.html]
[sacred-texts.com/isl/bukhari/bh3/bh3_211.html]
[sacred-texts.com/isl/bukhari/bh3/bh3_212.html]
[sacred-texts.com/isl/bukhari/bh3/bh3_213.html]
[sacred-texts.com/isl/bukhari/bh3/bh3_214.html]
[sacred-texts.com/isl/bukhari/bh3/bh3_215.html]
[sacred-texts.com/isl/bukhari/bh3/bh3_216.html]
[sacred-texts.com/isl/bukhari/bh3/bh3_217.html]
[sacred-texts.com/isl/bukhari/bh3/bh3_218.html]
[sacred-texts.com/isl/bukhari/bh3/bh3_219.html]
[sacred-texts.com/isl/bukhari/bh3/bh3_220.html]
[sacred-texts.com/isl/bukhari/bh3/bh3_221.html]
[sacred-texts.com/isl/bukhari/bh3/bh3_222.html]
[sacred-texts.com/isl/bukhari/bh3/bh3_223.html]
[sacred-texts.com/isl/bukhari/bh3/bh3_224.html]
[sacred-texts.com/isl/bukhari/bh3/bh3_225.html]
[sacred-texts.com/isl/bukhari/bh3/bh3_226.html]
[sacred-texts.com/isl/bukhari/bh3/bh3_227.html]
[sacred-texts.com/isl/bukhari/bh3/bh3_228.html]
[sacred-texts.com/isl/bukhari/bh3/bh3_229.html]
[sacred-texts.com/isl/bukhari/bh3/bh3_230.html]
[sacred-texts.com/isl/bukhari/bh3/bh3_231.html]
[sacred-texts.com/isl/bukhari/bh3/bh3_232.html]
[sacred-texts.com/isl/bukhari/bh3/bh3_233.html]
[sacred-texts.com/isl/bukhari/bh3/bh3_234.html]
[sacred-texts.com/isl/bukhari/bh3/bh3_235.html]
[sacred-texts.com/isl/bukhari/bh3/bh3_236.html]
[sacred-texts.com/isl/bukhari/bh3/bh3_237.html]
[sacred-texts.com/isl/bukhari/bh3/bh3_238.html]
[sacred-texts.com/isl/bukhari/bh3/bh3_239.html]
[sacred-texts.com/isl/bukhari/bh3/bh3_240.html]
[sacred-texts.com/isl/bukhari/bh3/bh3_241.html]
[sacred-texts.com/isl/bukhari/bh3/bh3_242.html]
[sacred-texts.com/isl/bukhari/bh3/bh3_243.html]
[sacred-texts.com/isl/bukhari/bh3/bh3_244.html]
[sacred-texts.com/isl/bukhari/bh3/bh3_245.html]
[sacred-texts.com/isl/bukhari/bh3/bh3_246.html]
[sacred-texts.com/isl/bukhari/bh3/bh3_247.html]
[sacred-texts.com/isl/bukhari/bh3/bh3_248.html]
[sacred-texts.com/isl/bukhari/bh3/bh3_249.html]
[sacred-texts.com/isl/bukhari/bh3/bh3_250.html]
[sacred-texts.com/isl/bukhari/bh3/bh3_251.html]
[sacred-texts.com/isl/bukhari/bh3/bh3_252.html]
[sacred-texts.com/isl/bukhari/bh3/bh3_253.html]
[sacred-texts.com/isl/bukhari/bh3/bh3_254.html]
[sacred-texts.com/isl/bukhari/bh3/bh3_255.html]
[sacred-texts.com/isl/bukhari/bh3/bh3_256.html]
[sacred-texts.com/isl/bukhari/bh3/bh3_257.html]
[sacred-texts.com/isl/bukhari/bh3/bh3_258.html]
[sacred-texts.com/isl/bukhari/bh3/bh3_259.html]
[sacred-texts.com/isl/bukhari/bh3/bh3_260.html]
[sacred-texts.com/isl/bukhari/bh3/bh3_261.html]
[sacred-texts.com/isl/bukhari/bh3/bh3_262.html]
[sacred-texts.com/isl/bukhari/bh3/bh3_263.html]
[sacred-texts.com/isl/bukhari/bh3/bh3_264.html]
[sacred-texts.com/isl/bukhari/bh3/bh3_265.html]
[sacred-texts.com/isl/bukhari/bh3/bh3_266.html]
[sacred-texts.com/isl/bukhari/bh3/bh3_267.html]
[sacred-texts.com/isl/bukhari/bh3/bh3_268.html]
[sacred-texts.com/isl/bukhari/bh3/bh3_269.html]
[sacred-texts.com/isl/bukhari/bh3/bh3_270.html]
[sacred-texts.com/isl/bukhari/bh3/bh3_271.html]
[sacred-texts.com/isl/bukhari/bh3/bh3_272.html]
[sacred-texts.com/isl/bukhari/bh3/bh3_273.html]
[sacred-texts.com/isl/bukhari/bh3/bh3_274.html]
[sacred-texts.com/isl/bukhari/bh3/bh3_275.html]
[sacred-texts.com/isl/bukhari/bh3/bh3_276.html]
[sacred-texts.com/isl/bukhari/bh3/bh3_277.html]
[sacred-texts.com/isl/bukhari/bh3/bh3_278.html]
[sacred-texts.com/isl/bukhari/bh3/bh3_279.html]
[sacred-texts.com/isl/bukhari/bh3/bh3_280.html]
[sacred-texts.com/isl/bukhari/bh3/bh3_281.html]
[sacred-texts.com/isl/bukhari/bh3/bh3_282.html]
[sacred-texts.com/isl/bukhari/bh3/bh3_283.html]
[sacred-texts.com/isl/bukhari/bh3/bh3_284.html]
[sacred-texts.com/isl/bukhari/bh3/bh3_285.html]
[sacred-texts.com/isl/bukhari/bh3/bh3_286.html]
[sacred-texts.com/isl/bukhari/bh3/bh3_287.html]
[sacred-texts.com/isl/bukhari/bh3/bh3_288.html]
[sacred-texts.com/isl/bukhari/bh3/bh3_289.html]
[sacred-texts.com/isl/bukhari/bh3/bh3_290.html]
[sacred-texts.com/isl/bukhari/bh3/bh3_291.html]
[sacred-texts.com/isl/bukhari/bh3/bh3_292.html]
[sacred-texts.com/isl/bukhari/bh3/bh3_293.html]
[sacred-texts.com/isl/bukhari/bh3/bh3_294.html]
[sacred-texts.com/isl/bukhari/bh3/bh3_295.html]
[sacred-texts.com/isl/bukhari/bh3/bh3_296.html]
[sacred-texts.com/isl/bukhari/bh3/bh3_297.html]
[sacred-texts.com/isl/bukhari/bh3/bh3_298.html]
[sacred-texts.com/isl/bukhari/bh3/bh3_299.html]
[sacred-texts.com/isl/bukhari/bh3/bh3_300.html]
[sacred-texts.com/isl/bukhari/bh3/bh3_301.html]
[sacred-texts.com/isl/bukhari/bh3/bh3_302.html]
[sacred-texts.com/isl/bukhari/bh3/bh3_303.html]
[sacred-texts.com/isl/bukhari/bh3/bh3_304.html]
[sacred-texts.com/isl/bukhari/bh3/bh3_305.html]
[sacred-texts.com/isl/bukhari/bh3/bh3_306.html]
[sacred-texts.com/isl/bukhari/bh3/bh3_307.html]
[sacred-texts.com/isl/bukhari/bh3/bh3_308.html]
[sacred-texts.com/isl/bukhari/bh3/bh3_309.html]
[sacred-texts.com/isl/bukhari/bh3/bh3_310.html]
[sacred-texts.com/isl/bukhari/bh3/bh3_311.html]
[sacred-texts.com/isl/bukhari/bh3/bh3_312.html]
[sacred-texts.com/isl/bukhari/bh3/bh3_313.html]
[sacred-texts.com/isl/bukhari/bh3/bh3_314.html]
[sacred-texts.com/isl/bukhari/bh3/bh3_315.html]
[sacred-texts.com/isl/bukhari/bh3/bh3_316.html]
[sacred-texts.com/isl/bukhari/bh3/bh3_317.html]
[sacred-texts.com/isl/bukhari/bh3/bh3_318.html]
[sacred-texts.com/isl/bukhari/bh3/bh3_319.html]
[sacred-texts.com/isl/bukhari/bh3/bh3_320.html]
[sacred-texts.com/isl/bukhari/bh3/bh3_321.html]
[sacred-texts.com/isl/bukhari/bh3/bh3_322.html]
[sacred-texts.com/isl/bukhari/bh3/bh3_323.html]
[sacred-texts.com/isl/bukhari/bh3/bh3_324.html]
[sacred-texts.com/isl/bukhari/bh3/bh3_325.html]
[sacred-texts.com/isl/bukhari/bh3/bh3_326.html]
[sacred-texts.com/isl/bukhari/bh3/bh3_327.html]
[sacred-texts.com/isl/bukhari/bh3/bh3_328.html]
[sacred-texts.com/isl/bukhari/bh3/bh3_329.html]
[sacred-texts.com/isl/bukhari/bh3/bh3_330.html]
[sacred-texts.com/isl/bukhari/bh3/bh3_331.html]
[sacred-texts.com/isl/bukhari/bh3/bh3_332.html]
[sacred-texts.com/isl/bukhari/bh3/bh3_333.html]
[sacred-texts.com/isl/bukhari/bh3/bh3_334.html]
[sacred-texts.com/isl/bukhari/bh3/bh3_335.html]
[sacred-texts.com/isl/bukhari/bh3/bh3_336.html]
[sacred-texts.com/isl/bukhari/bh3/bh3_337.html]
[sacred-texts.com/isl/bukhari/bh3/bh3_338.html]
[sacred-texts.com/isl/bukhari/bh3/bh3_339.html]
[sacred-texts.com/isl/bukhari/bh3/bh3_340.html]
[sacred-texts.com/isl/bukhari/bh3/bh3_341.html]
[sacred-texts.com/isl/bukhari/bh3/bh3_342.html]
[sacred-texts.com/isl/bukhari/bh3/bh3_343.html]
[sacred-texts.com/isl/bukhari/bh3/bh3_344.html]
[sacred-texts.com/isl/bukhari/bh3/bh3_345.html]
[sacred-texts.com/isl/bukhari/bh3/bh3_346.html]
[sacred-texts.com/isl/bukhari/bh3/bh3_347.html]
[sacred-texts.com/isl/bukhari/bh3/bh3_348.html]
[sacred-texts.com/isl/bukhari/bh3/bh3_349.html]
[sacred-texts.com/isl/bukhari/bh3/bh3_350.html]
[sacred-texts.com/isl/bukhari/bh3/bh3_351.html]
[sacred-texts.com/isl/bukhari/bh3/bh3_352.html]
[sacred-texts.com/isl/bukhari/bh3/bh3_353.html]
[sacred-texts.com/isl/bukhari/bh3/bh3_354.html]
[sacred-texts.com/isl/bukhari/bh3/bh3_355.html]
[sacred-texts.com/isl/bukhari/bh3/bh3_356.html]
[sacred-texts.com/isl/bukhari/bh3/bh3_357.html]
[sacred-texts.com/isl/bukhari/bh3/bh3_358.html]
[sacred-texts.com/isl/bukhari/bh3/bh3_359.html]
[sacred-texts.com/isl/bukhari/bh3/bh3_360.html]
[sacred-texts.com/isl/bukhari/bh3/bh3_361.html]
[sacred-texts.com/isl/bukhari/bh3/bh3_362.html]
[sacred-texts.com/isl/bukhari/bh3/bh3_363.html]
[sacred-texts.com/isl/bukhari/bh3/bh3_364.html]
[sacred-texts.com/isl/bukhari/bh3/bh3_365.html]
[sacred-texts.com/isl/bukhari/bh3/bh3_366.html]
[sacred-texts.com/isl/bukhari/bh3/bh3_367.html]
[sacred-texts.com/isl/bukhari/bh3/bh3_368.html]
[sacred-texts.com/isl/bukhari/bh3/bh3_369.html]
[sacred-texts.com/isl/bukhari/bh3/bh3_370.html]
[sacred-texts.com/isl/bukhari/bh3/bh3_371.html]
[sacred-texts.com/isl/bukhari/bh3/bh3_372.html]
[sacred-texts.com/isl/bukhari/bh3/bh3_373.html]
[sacred-texts.com/isl/bukhari/bh3/bh3_374.html]
[sacred-texts.com/isl/bukhari/bh3/bh3_375.html]
[sacred-texts.com/isl/bukhari/bh3/bh3_376.html]
[sacred-texts.com/isl/bukhari/bh3/bh3_377.html]
[sacred-texts.com/isl/bukhari/bh3/bh3_378.html]
[sacred-texts.com/isl/bukhari/bh3/bh3_379.html]
[sacred-texts.com/isl/bukhari/bh3/bh3_380.html]
[sacred-texts.com/isl/bukhari/bh3/bh3_381.html]
[sacred-texts.com/isl/bukhari/bh3/bh3_382.html]
[sacred-texts.com/isl/bukhari/bh3/bh3_383.html]
[sacred-texts.com/isl/bukhari/bh3/bh3_384.html]
[sacred-texts.com/isl/bukhari/bh3/bh3_385.html]
[sacred-texts.com/isl/bukhari/bh3/bh3_386.html]
[sacred-texts.com/isl/bukhari/bh3/bh3_387.html]
[sacred-texts.com/isl/bukhari/bh3/bh3_388.html]
[sacred-texts.com/isl/bukhari/bh3/bh3_389.html]
[sacred-texts.com/isl/bukhari/bh3/bh3_390.html]
[sacred-texts.com/isl/bukhari/bh3/bh3_391.html]
[sacred-texts.com/isl/bukhari/bh3/bh3_392.html]
[sacred-texts.com/isl/bukhari/bh3/bh3_393.html]
[sacred-texts.com/isl/bukhari/bh3/bh3_394.html]
[sacred-texts.com/isl/bukhari/bh3/bh3_395.html]
[sacred-texts.com/isl/bukhari/bh3/bh3_396.html]
[sacred-texts.com/isl/bukhari/bh3/bh3_397.html]
[sacred-texts.com/isl/bukhari/bh3/bh3_398.html]
[sacred-texts.com/isl/bukhari/bh3/bh3_399.html]
[sacred-texts.com/isl/bukhari/bh3/bh3_400.html]
[sacred-texts.com/isl/bukhari/bh3/bh3_401.html]
[sacred-texts.com/isl/bukhari/bh3/bh3_402.html]
[sacred-texts.com/isl/bukhari/bh3/bh3_403.html]
[sacred-texts.com/isl/bukhari/bh3/bh3_404.html]
[sacred-texts.com/isl/bukhari/bh3/bh3_405.html]
[sacred-texts.com/isl/bukhari/bh3/bh3_406.html]
[sacred-texts.com/isl/bukhari/bh3/bh3_407.html]
[sacred-texts.com/isl/bukhari/bh3/bh3_408.html]
[sacred-texts.com/isl/bukhari/bh3/bh3_409.html]
[sacred-texts.com/isl/bukhari/bh3/bh3_410.html]
[sacred-texts.com/isl/bukhari/bh3/bh3_411.html]
[sacred-texts.com/isl/bukhari/bh3/bh3_412.html]
[sacred-texts.com/isl/bukhari/bh3/bh3_413.html]
[sacred-texts.com/isl/bukhari/bh3/bh3_414.html]
[sacred-texts.com/isl/bukhari/bh3/bh3_415.html]
[sacred-texts.com/isl/bukhari/bh3/bh3_416.html]
[sacred-texts.com/isl/bukhari/bh3/bh3_417.html]
[sacred-texts.com/isl/bukhari/bh3/bh3_418.html]
[sacred-texts.com/isl/bukhari/bh3/bh3_419.html]
[sacred-texts.com/isl/bukhari/bh3/bh3_420.html]
[sacred-texts.com/isl/bukhari/bh3/bh3_421.html]
[sacred-texts.com/isl/bukhari/bh3/bh3_422.html]
[sacred-texts.com/isl/bukhari/bh3/bh3_423.html]
[sacred-texts.com/isl/bukhari/bh3/bh3_424.html]
[sacred-texts.com/isl/bukhari/bh3/bh3_425.html]
[sacred-texts.com/isl/bukhari/bh3/bh3_426.html]
[sacred-texts.com/isl/bukhari/bh3/bh3_427.html]
[sacred-texts.com/isl/bukhari/bh3/bh3_428.html]
[sacred-texts.com/isl/bukhari/bh3/bh3_429.html]
[sacred-texts.com/isl/bukhari/bh3/bh3_430.html]
[sacred-texts.com/isl/bukhari/bh3/bh3_431.html]
[sacred-texts.com/isl/bukhari/bh3/bh3_432.html]
[sacred-texts.com/isl/bukhari/bh3/bh3_433.html]
[sacred-texts.com/isl/bukhari/bh3/bh3_434.html]
[sacred-texts.com/isl/bukhari/bh3/bh3_435.html]
[sacred-texts.com/isl/bukhari/bh3/bh3_436.html]
[sacred-texts.com/isl/bukhari/bh3/bh3_437.html]
[sacred-texts.com/isl/bukhari/bh3/bh3_438.html]
[sacred-texts.com/isl/bukhari/bh3/bh3_439.html]
[sacred-texts.com/isl/bukhari/bh3/bh3_440.html]
[sacred-texts.com/isl/bukhari/bh3/bh3_441.html]
[sacred-texts.com/isl/bukhari/bh3/bh3_442.html]
[sacred-texts.com/isl/bukhari/bh3/bh3_443.html]
[sacred-texts.com/isl/bukhari/bh3/bh3_444.html]
[sacred-texts.com/isl/bukhari/bh3/bh3_445.html]
[sacred-texts.com/isl/bukhari/bh3/bh3_446.html]
[sacred-texts.com/isl/bukhari/bh3/bh3_447.html]
[sacred-texts.com/isl/bukhari/bh3/bh3_448.html]
[sacred-texts.com/isl/bukhari/bh3/bh3_449.html]
[sacred-texts.com/isl/bukhari/bh3/bh3_450.html]
[sacred-texts.com/isl/bukhari/bh3/bh3_451.html]
[sacred-texts.com/isl/bukhari/bh3/bh3_452.html]
[sacred-texts.com/isl/bukhari/bh3/bh3_453.html]
[sacred-texts.com/isl/bukhari/bh3/bh3_454.html]
[sacred-texts.com/isl/bukhari/bh3/bh3_455.html]
[sacred-texts.com/isl/bukhari/bh3/bh3_456.html]
[sacred-texts.com/isl/bukhari/bh3/bh3_457.html]
[sacred-texts.com/isl/bukhari/bh3/bh3_458.html]
[sacred-texts.com/isl/bukhari/bh3/bh3_459.html]
[sacred-texts.com/isl/bukhari/bh3/bh3_460.html]
[sacred-texts.com/isl/bukhari/bh3/bh3_461.html]
[sacred-texts.com/isl/bukhari/bh3/bh3_462.html]
[sacred-texts.com/isl/bukhari/bh3/bh3_463.html]
[sacred-texts.com/isl/bukhari/bh3/bh3_464.html]
[sacred-texts.com/isl/bukhari/bh3/bh3_465.html]
[sacred-texts.com/isl/bukhari/bh3/bh3_466.html]
[sacred-texts.com/isl/bukhari/bh3/bh3_467.html]
[sacred-texts.com/isl/bukhari/bh3/bh3_468.html]
[sacred-texts.com/isl/bukhari/bh3/bh3_469.html]
[sacred-texts.com/isl/bukhari/bh3/bh3_470.html]
[sacred-texts.com/isl/bukhari/bh3/bh3_471.html]
[sacred-texts.com/isl/bukhari/bh3/bh3_472.html]
[sacred-texts.com/isl/bukhari/bh3/bh3_473.html]
[sacred-texts.com/isl/bukhari/bh3/bh3_474.html]
[sacred-texts.com/isl/bukhari/bh3/bh3_475.html]
[sacred-texts.com/isl/bukhari/bh3/bh3_476.html]
[sacred-texts.com/isl/bukhari/bh3/bh3_477.html]
[sacred-texts.com/isl/bukhari/bh3/bh3_478.html]
[sacred-texts.com/isl/bukhari/bh3/bh3_479.html]
[sacred-texts.com/isl/bukhari/bh3/bh3_480.html]
[sacred-texts.com/isl/bukhari/bh3/bh3_481.html]
[sacred-texts.com/isl/bukhari/bh3/bh3_482.html]
[sacred-texts.com/isl/bukhari/bh3/bh3_483.html]
[sacred-texts.com/isl/bukhari/bh3/bh3_484.html]
[sacred-texts.com/isl/bukhari/bh3/bh3_485.html]
[sacred-texts.com/isl/bukhari/bh3/bh3_486.html]
[sacred-texts.com/isl/bukhari/bh3/bh3_487.html]
[sacred-texts.com/isl/bukhari/bh3/bh3_488.html]
[sacred-texts.com/isl/bukhari/bh3/bh3_489.html]
[sacred-texts.com/isl/bukhari/bh3/bh3_490.html]
[sacred-texts.com/isl/bukhari/bh3/bh3_491.html]
[sacred-texts.com/isl/bukhari/bh3/bh3_492.html]
[sacred-texts.com/isl/bukhari/bh3/bh3_493.html]
[sacred-texts.com/isl/bukhari/bh3/bh3_494.html]
[sacred-texts.com/isl/bukhari/bh3/bh3_495.html]
[sacred-texts.com/isl/bukhari/bh3/bh3_496.html]
[sacred-texts.com/isl/bukhari/bh3/bh3_497.html]
[sacred-texts.com/isl/bukhari/bh3/bh3_498.html]
[sacred-texts.com/isl/bukhari/bh3/bh3_499.html]
[sacred-texts.com/isl/bukhari/bh3/bh3_500.html]
[sacred-texts.com/isl/bukhari/bh3/bh3_501.html]
[sacred-texts.com/isl/bukhari/bh3/bh3_502.html]
[sacred-texts.com/isl/bukhari/bh3/bh3_503.html]
[sacred-texts.com/isl/bukhari/bh3/bh3_504.html]
[sacred-texts.com/isl/bukhari/bh3/bh3_505.html]
[sacred-texts.com/isl/bukhari/bh3/bh3_506.html]
[sacred-texts.com/isl/bukhari/bh3/bh3_507.html]
[sacred-texts.com/isl/bukhari/bh3/bh3_508.html]
[sacred-texts.com/isl/bukhari/bh3/bh3_509.html]
[sacred-texts.com/isl/bukhari/bh3/bh3_510.html]
[sacred-texts.com/isl/bukhari/bh3/bh3_511.html]
[sacred-texts.com/isl/bukhari/bh3/bh3_512.html]
[sacred-texts.com/isl/bukhari/bh3/bh3_513.html]
[sacred-texts.com/isl/bukhari/bh3/bh3_514.html]
[sacred-texts.com/isl/bukhari/bh3/bh3_515.html]
[sacred-texts.com/isl/bukhari/bh3/bh3_516.html]
[sacred-texts.com/isl/bukhari/bh3/bh3_517.html]
[sacred-texts.com/isl/bukhari/bh3/bh3_518.html]
[sacred-texts.com/isl/bukhari/bh3/bh3_519.html]
[sacred-texts.com/isl/bukhari/bh3/bh3_520.html]
[sacred-texts.com/isl/bukhari/bh3/bh3_521.html]
[sacred-texts.com/isl/bukhari/bh3/bh3_522.html]
[sacred-texts.com/isl/bukhari/bh3/bh3_523.html]
[sacred-texts.com/isl/bukhari/bh3/bh3_524.html]
[sacred-texts.com/isl/bukhari/bh3/bh3_525.html]
[sacred-texts.com/isl/bukhari/bh3/bh3_526.html]
[sacred-texts.com/isl/bukhari/bh3/bh3_527.html]
[sacred-texts.com/isl/bukhari/bh3/bh3_528.html]
[sacred-texts.com/isl/bukhari/bh3/bh3_529.html]
[sacred-texts.com/isl/bukhari/bh3/bh3_530.html]
[sacred-texts.com/isl/bukhari/bh3/bh3_531.html]
[sacred-texts.com/isl/bukhari/bh3/bh3_532.html]
[sacred-texts.com/isl/bukhari/bh3/bh3_533.html]
[sacred-texts.com/isl/bukhari/bh3/bh3_534.html]
[sacred-texts.com/isl/bukhari/bh3/bh3_535.html]
[sacred-texts.com/isl/bukhari/bh3/bh3_536.html]
[sacred-texts.com/isl/bukhari/bh3/bh3_537.html]
[sacred-texts.com/isl/bukhari/bh3/bh3_538.html]
[sacred-texts.com/isl/bukhari/bh3/bh3_539.html]
[sacred-texts.com/isl/bukhari/bh3/bh3_540.html]
[sacred-texts.com/isl/bukhari/bh3/bh3_541.html]
[sacred-texts.com/isl/bukhari/bh3/bh3_542.html]
[sacred-texts.com/isl/bukhari/bh3/bh3_543.html]
[sacred-texts.com/isl/bukhari/bh3/bh3_544.html]
[sacred-texts.com/isl/bukhari/bh3/bh3_545.html]
[sacred-texts.com/isl/bukhari/bh3/bh3_546.html]
[sacred-texts.com/isl/bukhari/bh3/bh3_547.html]
[sacred-texts.com/isl/bukhari/bh3/bh3_548.html]
[sacred-texts.com/isl/bukhari/bh3/bh3_549.html]
[sacred-texts.com/isl/bukhari/bh3/bh3_550.html]
[sacred-texts.com/isl/bukhari/bh3/bh3_551.html]
[sacred-texts.com/isl/bukhari/bh3/bh3_552.html]
[sacred-texts.com/isl/bukhari/bh3/bh3_553.html]
[sacred-texts.com/isl/bukhari/bh3/bh3_554.html]
[sacred-texts.com/isl/bukhari/bh3/bh3_555.html]
[sacred-texts.com/isl/bukhari/bh3/bh3_556.html]
[sacred-texts.com/isl/bukhari/bh3/bh3_557.html]
[sacred-texts.com/isl/bukhari/bh3/bh3_558.html]
[sacred-texts.com/isl/bukhari/bh3/bh3_559.html]
[sacred-texts.com/isl/bukhari/bh3/bh3_560.html]
[sacred-texts.com/isl/bukhari/bh3/bh3_561.html]
[sacred-texts.com/isl/bukhari/bh3/bh3_562.html]
[sacred-texts.com/isl/bukhari/bh3/bh3_563.html]
[sacred-texts.com/isl/bukhari/bh3/bh3_564.html]
[sacred-texts.com/isl/bukhari/bh3/bh3_565.html]
[sacred-texts.com/isl/bukhari/bh3/bh3_566.html]
[sacred-texts.com/isl/bukhari/bh3/bh3_567.html]
[sacred-texts.com/isl/bukhari/bh3/bh3_568.html]
[sacred-texts.com/isl/bukhari/bh3/bh3_569.html]
[sacred-texts.com/isl/bukhari/bh3/bh3_570.html]
[sacred-texts.com/isl/bukhari/bh3/bh3_571.html]
[sacred-texts.com/isl/bukhari/bh3/bh3_572.html]
[sacred-texts.com/isl/bukhari/bh3/bh3_573.html]
[sacred-texts.com/isl/bukhari/bh3/bh3_574.html]
[sacred-texts.com/isl/bukhari/bh3/bh3_575.html]
[sacred-texts.com/isl/bukhari/bh3/bh3_576.html]
[sacred-texts.com/isl/bukhari/bh3/bh3_577.html]
[sacred-texts.com/isl/bukhari/bh3/bh3_578.html]
[sacred-texts.com/isl/bukhari/bh3/bh3_579.html]
[sacred-texts.com/isl/bukhari/bh3/bh3_580.html]
[sacred-texts.com/isl/bukhari/bh3/bh3_581.html]
[sacred-texts.com/isl/bukhari/bh3/bh3_582.html]
[sacred-texts.com/isl/bukhari/bh3/bh3_583.html]
[sacred-texts.com/isl/bukhari/bh3/bh3_584.html]
[sacred-texts.com/isl/bukhari/bh3/bh3_585.html]
[sacred-texts.com/isl/bukhari/bh3/bh3_586.html]
[sacred-texts.com/isl/bukhari/bh3/bh3_587.html]
[sacred-texts.com/isl/bukhari/bh3/bh3_588.html]
[sacred-texts.com/isl/bukhari/bh3/bh3_589.html]
[sacred-texts.com/isl/bukhari/bh3/bh3_590.html]
[sacred-texts.com/isl/bukhari/bh3/bh3_591.html]
[sacred-texts.com/isl/bukhari/bh3/bh3_592.html]
[sacred-texts.com/isl/bukhari/bh3/bh3_593.html]
[sacred-texts.com/isl/bukhari/bh3/bh3_594.html]
[sacred-texts.com/isl/bukhari/bh3/bh3_595.html]
[sacred-texts.com/isl/bukhari/bh3/bh3_596.html]
[sacred-texts.com/isl/bukhari/bh3/bh3_597.html]
[sacred-texts.com/isl/bukhari/bh3/bh3_598.html]
[sacred-texts.com/isl/bukhari/bh3/bh3_599.html]
[sacred-texts.com/isl/bukhari/bh3/bh3_600.html]
[sacred-texts.com/isl/bukhari/bh3/bh3_601.html]
[sacred-texts.com/isl/bukhari/bh3/bh3_602.html]
[sacred-texts.com/isl/bukhari/bh3/bh3_603.html]
[sacred-texts.com/isl/bukhari/bh3/bh3_604.html]
[sacred-texts.com/isl/bukhari/bh3/bh3_605.html]
[sacred-texts.com/isl/bukhari/bh3/bh3_606.html]
[sacred-texts.com/isl/bukhari/bh3/bh3_607.html]
[sacred-texts.com/isl/bukhari/bh3/bh3_608.html]
[sacred-texts.com/isl/bukhari/bh3/bh3_609.html]
[sacred-texts.com/isl/bukhari/bh3/bh3_610.html]
[sacred-texts.com/isl/bukhari/bh3/bh3_611.html]
[sacred-texts.com/isl/bukhari/bh3/bh3_612.html]
[sacred-texts.com/isl/bukhari/bh3/bh3_613.html]
[sacred-texts.com/isl/bukhari/bh3/bh3_616.html]
[sacred-texts.com/isl/bukhari/bh3/bh3_617.html]
[sacred-texts.com/isl/bukhari/bh3/bh3_618.html]
[sacred-texts.com/isl/bukhari/bh3/bh3_619.html]
[sacred-texts.com/isl/bukhari/bh3/bh3_620.html]
[sacred-texts.com/isl/bukhari/bh3/bh3_621.html]
[sacred-texts.com/isl/bukhari/bh3/bh3_622.html]
[sacred-texts.com/isl/bukhari/bh3/bh3_623.html]
[sacred-texts.com/isl/bukhari/bh3/bh3_624.html]
[sacred-texts.com/isl/bukhari/bh3/bh3_625.html]
[sacred-texts.com/isl/bukhari/bh3/bh3_626.html]
[sacred-texts.com/isl/bukhari/bh3/bh3_627.html]
[sacred-texts.com/isl/bukhari/bh3/bh3_628.html]
[sacred-texts.com/isl/bukhari/bh3/bh3_629.html]
[sacred-texts.com/isl/bukhari/bh3/bh3_630.html]
[sacred-texts.com/isl/bukhari/bh3/bh3_631.html]
[sacred-texts.com/isl/bukhari/bh3/bh3_632.html]
[sacred-texts.com/isl/bukhari/bh3/bh3_633.html]
[sacred-texts.com/isl/bukhari/bh3/bh3_634.html]
[sacred-texts.com/isl/bukhari/bh3/bh3_635.html]
[sacred-texts.com/isl/bukhari/bh3/bh3_636.html]
[sacred-texts.com/isl/bukhari/bh3/bh3_637.html]
[sacred-texts.com/isl/bukhari/bh3/bh3_638.html]
[sacred-texts.com/isl/bukhari/bh3/bh3_639.html]
[sacred-texts.com/isl/bukhari/bh3/bh3_640.html]
[sacred-texts.com/isl/bukhari/bh3/bh3_641.html]
[sacred-texts.com/isl/bukhari/bh3/bh3_642.html]
[sacred-texts.com/isl/bukhari/bh3/bh3_643.html]
[sacred-texts.com/isl/bukhari/bh3/bh3_644.html]
[sacred-texts.com/isl/bukhari/bh3/bh3_645.html]
[sacred-texts.com/isl/bukhari/bh3/bh3_646.html]
[sacred-texts.com/isl/bukhari/bh3/bh3_647.html]
[sacred-texts.com/isl/bukhari/bh3/bh3_648.html]
[sacred-texts.com/isl/bukhari/bh3/bh3_649.html]
[sacred-texts.com/isl/bukhari/bh3/bh3_650.html]
[sacred-texts.com/isl/bukhari/bh3/bh3_651.html]
[sacred-texts.com/isl/bukhari/bh3/bh3_652.html]
[sacred-texts.com/isl/bukhari/bh3/bh3_653.html]
[sacred-texts.com/isl/bukhari/bh3/bh3_654.html]
[sacred-texts.com/isl/bukhari/bh3/bh3_655.html]
[sacred-texts.com/isl/bukhari/bh3/bh3_656.html]
[sacred-texts.com/isl/bukhari/bh3/bh3_657.html]
[sacred-texts.com/isl/bukhari/bh3/bh3_658.html]
[sacred-texts.com/isl/bukhari/bh3/bh3_659.html]
[sacred-texts.com/isl/bukhari/bh3/bh3_660.html]
[sacred-texts.com/isl/bukhari/bh3/bh3_661.html]
[sacred-texts.com/isl/bukhari/bh3/bh3_662.html]
[sacred-texts.com/isl/bukhari/bh3/bh3_663.html]
[sacred-texts.com/isl/bukhari/bh3/bh3_664.html]
[sacred-texts.com/isl/bukhari/bh3/bh3_665.html]
[sacred-texts.com/isl/bukhari/bh3/bh3_666.html]
[sacred-texts.com/isl/bukhari/bh3/bh3_667.html]
[sacred-texts.com/isl/bukhari/bh3/bh3_668.html]
[sacred-texts.com/isl/bukhari/bh3/bh3_669.html]
[sacred-texts.com/isl/bukhari/bh3/bh3_670.html]
[sacred-texts.com/isl/bukhari/bh3/bh3_671.html]
[sacred-texts.com/isl/bukhari/bh3/bh3_672.html]
[sacred-texts.com/isl/bukhari/bh3/bh3_673.html]
[sacred-texts.com/isl/bukhari/bh3/bh3_674.html]
[sacred-texts.com/isl/bukhari/bh3/bh3_675.html]
[sacred-texts.com/isl/bukhari/bh3/bh3_676.html]
[sacred-texts.com/isl/bukhari/bh3/bh3_677.html]
[sacred-texts.com/isl/bukhari/bh3/bh3_678.html]
[sacred-texts.com/isl/bukhari/bh3/bh3_679.html]
[sacred-texts.com/isl/bukhari/bh3/bh3_680.html]
[sacred-texts.com/isl/bukhari/bh3/bh3_681.html]
[sacred-texts.com/isl/bukhari/bh3/bh3_682.html]
[sacred-texts.com/isl/bukhari/bh3/bh3_683.html]
[sacred-texts.com/isl/bukhari/bh3/bh3_684.html]
[sacred-texts.com/isl/bukhari/bh3/bh3_685.html]
[sacred-texts.com/isl/bukhari/bh3/bh3_686.html]
[sacred-texts.com/isl/bukhari/bh3/bh3_687.html]
[sacred-texts.com/isl/bukhari/bh3/bh3_688.html]
[sacred-texts.com/isl/bukhari/bh3/bh3_689.html]
[sacred-texts.com/isl/bukhari/bh3/bh3_690.html]
[sacred-texts.com/isl/bukhari/bh3/bh3_691.html]
[sacred-texts.com/isl/bukhari/bh3/bh3_692.html]
[sacred-texts.com/isl/bukhari/bh3/bh3_693.html]
[sacred-texts.com/isl/bukhari/bh3/bh3_694.html]
[sacred-texts.com/isl/bukhari/bh3/bh3_695.html]
[sacred-texts.com/isl/bukhari/bh3/bh3_696.html]
[sacred-texts.com/isl/bukhari/bh3/bh3_697.html]
[sacred-texts.com/isl/bukhari/bh3/bh3_698.html]
[sacred-texts.com/isl/bukhari/bh3/bh3_699.html]
[sacred-texts.com/isl/bukhari/bh3/bh3_700.html]
[sacred-texts.com/isl/bukhari/bh3/bh3_701.html]
[sacred-texts.com/isl/bukhari/bh3/bh3_702.html]
[sacred-texts.com/isl/bukhari/bh3/bh3_703.html]
[sacred-texts.com/isl/bukhari/bh3/bh3_704.html]
[sacred-texts.com/isl/bukhari/bh3/bh3_705.html]
[sacred-texts.com/isl/bukhari/bh3/bh3_706.html]
[sacred-texts.com/isl/bukhari/bh3/bh3_707.html]
[sacred-texts.com/isl/bukhari/bh3/bh3_708.html]
[sacred-texts.com/isl/bukhari/bh3/bh3_709.html]
[sacred-texts.com/isl/bukhari/bh3/bh3_710.html]
[sacred-texts.com/isl/bukhari/bh3/bh3_711.html]
[sacred-texts.com/isl/bukhari/bh3/bh3_712.html]
[sacred-texts.com/isl/bukhari/bh3/bh3_713.html]
[sacred-texts.com/isl/bukhari/bh3/bh3_714.html]
[sacred-texts.com/isl/bukhari/bh3/bh3_715.html]
[sacred-texts.com/isl/bukhari/bh3/bh3_716.html]
[sacred-texts.com/isl/bukhari/bh3/bh3_717.html]
[sacred-texts.com/isl/bukhari/bh3/bh3_718.html]
[sacred-texts.com/isl/bukhari/bh3/bh3_719.html]
[sacred-texts.com/isl/bukhari/bh3/bh3_720.html]
[sacred-texts.com/isl/bukhari/bh3/bh3_721.html]
[sacred-texts.com/isl/bukhari/bh3/bh3_722.html]
[sacred-texts.com/isl/bukhari/bh3/bh3_723.html]
[sacred-texts.com/isl/bukhari/bh3/bh3_724.html]
[sacred-texts.com/isl/bukhari/bh3/bh3_725.html]
[sacred-texts.com/isl/bukhari/bh3/bh3_726.html]
[sacred-texts.com/isl/bukhari/bh3/bh3_727.html]
[sacred-texts.com/isl/bukhari/bh3/bh3_728.html]
[sacred-texts.com/isl/bukhari/bh3/bh3_729.html]
[sacred-texts.com/isl/bukhari/bh3/bh3_730.html]
[sacred-texts.com/isl/bukhari/bh3/bh3_731.html]
[sacred-texts.com/isl/bukhari/bh3/bh3_732.html]
[sacred-texts.com/isl/bukhari/bh3/bh3_733.html]
[sacred-texts.com/isl/bukhari/bh3/bh3_734.html]
[sacred-texts.com/isl/bukhari/bh3/bh3_735.html]
[sacred-texts.com/isl/bukhari/bh3/bh3_736.html]
[sacred-texts.com/isl/bukhari/bh3/bh3_737.html]
[sacred-texts.com/isl/bukhari/bh3/bh3_738.html]
[sacred-texts.com/isl/bukhari/bh3/bh3_739.html]
[sacred-texts.com/isl/bukhari/bh3/bh3_740.html]
[sacred-texts.com/isl/bukhari/bh3/bh3_741.html]
[sacred-texts.com/isl/bukhari/bh3/bh3_742.html]
[sacred-texts.com/isl/bukhari/bh3/bh3_743.html]
[sacred-texts.com/isl/bukhari/bh3/bh3_744.html]
[sacred-texts.com/isl/bukhari/bh3/bh3_745.html]
[sacred-texts.com/isl/bukhari/bh3/bh3_746.html]
[sacred-texts.com/isl/bukhari/bh3/bh3_747.html]
[sacred-texts.com/isl/bukhari/bh3/bh3_748.html]
[sacred-texts.com/isl/bukhari/bh3/bh3_749.html]
[sacred-texts.com/isl/bukhari/bh3/bh3_750.html]
[sacred-texts.com/isl/bukhari/bh3/bh3_751.html]
[sacred-texts.com/isl/bukhari/bh3/bh3_752.html]
[sacred-texts.com/isl/bukhari/bh3/bh3_753.html]
[sacred-texts.com/isl/bukhari/bh3/bh3_754.html]
[sacred-texts.com/isl/bukhari/bh3/bh3_755.html]
[sacred-texts.com/isl/bukhari/bh3/bh3_756.html]
[sacred-texts.com/isl/bukhari/bh3/bh3_757.html]
[sacred-texts.com/isl/bukhari/bh3/bh3_758.html]
[sacred-texts.com/isl/bukhari/bh3/bh3_759.html]
[sacred-texts.com/isl/bukhari/bh3/bh3_760.html]
[sacred-texts.com/isl/bukhari/bh3/bh3_761.html]
[sacred-texts.com/isl/bukhari/bh3/bh3_762.html]
[sacred-texts.com/isl/bukhari/bh3/bh3_763.html]
[sacred-texts.com/isl/bukhari/bh3/bh3_764.html]
[sacred-texts.com/isl/bukhari/bh3/bh3_765.html]
[sacred-texts.com/isl/bukhari/bh3/bh3_766.html]
[sacred-texts.com/isl/bukhari/bh3/bh3_767.html]
[sacred-texts.com/isl/bukhari/bh3/bh3_768.html]
[sacred-texts.com/isl/bukhari/bh3/bh3_769.html]
[sacred-texts.com/isl/bukhari/bh3/bh3_770.html]
[sacred-texts.com/isl/bukhari/bh3/bh3_771.html]
[sacred-texts.com/isl/bukhari/bh3/bh3_772.html]
[sacred-texts.com/isl/bukhari/bh3/bh3_773.html]
[sacred-texts.com/isl/bukhari/bh3/bh3_774.html]
[sacred-texts.com/isl/bukhari/bh3/bh3_775.html]
[sacred-texts.com/isl/bukhari/bh3/bh3_776.html]
[sacred-texts.com/isl/bukhari/bh3/bh3_777.html]
[sacred-texts.com/isl/bukhari/bh3/bh3_778.html]
[sacred-texts.com/isl/bukhari/bh3/bh3_779.html]
[sacred-texts.com/isl/bukhari/bh3/bh3_780.html]
[sacred-texts.com/isl/bukhari/bh3/bh3_781.html]
[sacred-texts.com/isl/bukhari/bh3/bh3_782.html]
[sacred-texts.com/isl/bukhari/bh3/bh3_783.html]
[sacred-texts.com/isl/bukhari/bh3/bh3_784.html]
[sacred-texts.com/isl/bukhari/bh3/bh3_785.html]
[sacred-texts.com/isl/bukhari/bh3/bh3_786.html]
[sacred-texts.com/isl/bukhari/bh3/bh3_787.html]
[sacred-texts.com/isl/bukhari/bh3/bh3_788.html]
[sacred-texts.com/isl/bukhari/bh3/bh3_789.html]
[sacred-texts.com/isl/bukhari/bh3/bh3_790.html]
[sacred-texts.com/isl/bukhari/bh3/bh3_791.html]
[sacred-texts.com/isl/bukhari/bh3/bh3_792.html]
[sacred-texts.com/isl/bukhari/bh3/bh3_793.html]
[sacred-texts.com/isl/bukhari/bh3/bh3_794.html]
[sacred-texts.com/isl/bukhari/bh3/bh3_795.html]
[sacred-texts.com/isl/bukhari/bh3/bh3_796.html]
[sacred-texts.com/isl/bukhari/bh3/bh3_797.html]
[sacred-texts.com/isl/bukhari/bh3/bh3_798.html]
[sacred-texts.com/isl/bukhari/bh3/bh3_799.html]
[sacred-texts.com/isl/bukhari/bh3/bh3_800.html]
[sacred-texts.com/isl/bukhari/bh3/bh3_801.html]
[sacred-texts.com/isl/bukhari/bh3/bh3_802.html]
[sacred-texts.com/isl/bukhari/bh3/bh3_803.html]
[sacred-texts.com/isl/bukhari/bh3/bh3_804.html]
[sacred-texts.com/isl/bukhari/bh3/bh3_805.html]
[sacred-texts.com/isl/bukhari/bh3/bh3_806.html]
[sacred-texts.com/isl/bukhari/bh3/bh3_807.html]
[sacred-texts.com/isl/bukhari/bh3/bh3_808.html]
[sacred-texts.com/isl/bukhari/bh3/bh3_809.html]
[sacred-texts.com/isl/bukhari/bh3/bh3_810.html]
[sacred-texts.com/isl/bukhari/bh3/bh3_811.html]
[sacred-texts.com/isl/bukhari/bh3/bh3_812.html]
[sacred-texts.com/isl/bukhari/bh3/bh3_813.html]
[sacred-texts.com/isl/bukhari/bh3/bh3_814.html]
[sacred-texts.com/isl/bukhari/bh3/bh3_815.html]
[sacred-texts.com/isl/bukhari/bh3/bh3_816.html]
[sacred-texts.com/isl/bukhari/bh3/bh3_817.html]
[sacred-texts.com/isl/bukhari/bh3/bh3_818.html]
[sacred-texts.com/isl/bukhari/bh3/bh3_819.html]
[sacred-texts.com/isl/bukhari/bh3/bh3_820.html]
[sacred-texts.com/isl/bukhari/bh3/bh3_821.html]
[sacred-texts.com/isl/bukhari/bh3/bh3_822.html]
[sacred-texts.com/isl/bukhari/bh3/bh3_823.html]
[sacred-texts.com/isl/bukhari/bh3/bh3_824.html]
[sacred-texts.com/isl/bukhari/bh3/bh3_825.html]
[sacred-texts.com/isl/bukhari/bh3/bh3_826.html]
[sacred-texts.com/isl/bukhari/bh3/bh3_827.html]
[sacred-texts.com/isl/bukhari/bh3/bh3_828.html]
[sacred-texts.com/isl/bukhari/bh3/bh3_829.html]
[sacred-texts.com/isl/bukhari/bh3/bh3_830.html]
[sacred-texts.com/isl/bukhari/bh3/bh3_831.html]
[sacred-texts.com/isl/bukhari/bh3/bh3_832.html]
[sacred-texts.com/isl/bukhari/bh3/bh3_833.html]
[sacred-texts.com/isl/bukhari/bh3/bh3_834.html]
[sacred-texts.com/isl/bukhari/bh3/bh3_835.html]
[sacred-texts.com/isl/bukhari/bh3/bh3_836.html]
[sacred-texts.com/isl/bukhari/bh3/bh3_837.html]
[sacred-texts.com/isl/bukhari/bh3/bh3_838.html]
[sacred-texts.com/isl/bukhari/bh3/bh3_839.html]
[sacred-texts.com/isl/bukhari/bh3/bh3_840.html]
[sacred-texts.com/isl/bukhari/bh3/bh3_841.html]
[sacred-texts.com/isl/bukhari/bh3/bh3_842.html]
[sacred-texts.com/isl/bukhari/bh3/bh3_843.html]
[sacred-texts.com/isl/bukhari/bh3/bh3_844.html]
[sacred-texts.com/isl/bukhari/bh3/bh3_845.html]
[sacred-texts.com/isl/bukhari/bh3/bh3_846.html]
[sacred-texts.com/isl/bukhari/bh3/bh3_847.html]
[sacred-texts.com/isl/bukhari/bh3/bh3_848.html]
[sacred-texts.com/isl/bukhari/bh3/bh3_849.html]
[sacred-texts.com/isl/bukhari/bh3/bh3_850.html]
[sacred-texts.com/isl/bukhari/bh3/bh3_851.html]
[sacred-texts.com/isl/bukhari/bh3/bh3_852.html]
[sacred-texts.com/isl/bukhari/bh3/bh3_853.html]
[sacred-texts.com/isl/bukhari/bh3/bh3_854.html]
[sacred-texts.com/isl/bukhari/bh3/bh3_855.html]
[sacred-texts.com/isl/bukhari/bh3/bh3_856.html]
[sacred-texts.com/isl/bukhari/bh3/bh3_857.html]
[sacred-texts.com/isl/bukhari/bh3/bh3_858.html]
[sacred-texts.com/isl/bukhari/bh3/bh3_859.html]
[sacred-texts.com/isl/bukhari/bh3/bh3_860.html]
[sacred-texts.com/isl/bukhari/bh3/bh3_861.html]
[sacred-texts.com/isl/bukhari/bh3/bh3_862.html]
[sacred-texts.com/isl/bukhari/bh3/bh3_863.html]
[sacred-texts.com/isl/bukhari/bh3/bh3_864.html]
[sacred-texts.com/isl/bukhari/bh3/bh3_865.html]
[sacred-texts.com/isl/bukhari/bh3/bh3_866.html]
[sacred-texts.com/isl/bukhari/bh3/bh3_867.html]
[sacred-texts.com/isl/bukhari/bh3/bh3_868.html]
[sacred-texts.com/isl/bukhari/bh3/bh3_869.html]
[sacred-texts.com/isl/bukhari/bh3/bh3_870.html]
[sacred-texts.com/isl/bukhari/bh3/bh3_871.html]
[sacred-texts.com/isl/bukhari/bh3/bh3_872.html]
[sacred-texts.com/isl/bukhari/bh3/bh3_873.html]
[sacred-texts.com/isl/bukhari/bh3/bh3_874.html]
[sacred-texts.com/isl/bukhari/bh3/bh3_875.html]
[sacred-texts.com/isl/bukhari/bh3/bh3_876.html]
[sacred-texts.com/isl/bukhari/bh3/bh3_877.html]
[sacred-texts.com/isl/bukhari/bh3/bh3_878.html]
[sacred-texts.com/isl/bukhari/bh3/bh3_879.html]
[sacred-texts.com/isl/bukhari/bh3/bh3_880.html]
[sacred-texts.com/isl/bukhari/bh3/bh3_881.html]
[sacred-texts.com/isl/bukhari/bh3/bh3_882.html]
[sacred-texts.com/isl/bukhari/bh3/bh3_883.html]
[sacred-texts.com/isl/bukhari/bh3/bh3_884.html]
[sacred-texts.com/isl/bukhari/bh3/bh3_885.html]
[sacred-texts.com/isl/bukhari/bh3/bh3_886.html]
[sacred-texts.com/isl/bukhari/bh3/bh3_887.html]
[sacred-texts.com/isl/bukhari/bh3/bh3_888.html]
[sacred-texts.com/isl/bukhari/bh3/bh3_889.html]
[sacred-texts.com/isl/bukhari/bh3/bh3_890.html]
[sacred-texts.com/isl/bukhari/bh3/bh3_891.html]
[sacred-texts.com/isl/bukhari/bh3/bh3_892.html]
[sacred-texts.com/isl/bukhari/bh3/bh3_893.html]
[sacred-texts.com/isl/bukhari/bh3/bh3_894.html]
[sacred-texts.com/isl/bukhari/bh4/bh4_00.html]
[sacred-texts.com/isl/bukhari/bh4/bh4_01.html]
[sacred-texts.com/isl/bukhari/bh4/bh4_02.html]
[sacred-texts.com/isl/bukhari/bh4/bh4_03.html]
[sacred-texts.com/isl/bukhari/bh4/bh4_04.html]
[sacred-texts.com/isl/bukhari/bh4/bh4_05.html]
[sacred-texts.com/isl/bukhari/bh4/bh4_06.html]
[sacred-texts.com/isl/bukhari/bh4/bh4_07.html]
[sacred-texts.com/isl/bukhari/bh4/bh4_08.html]
[sacred-texts.com/isl/bukhari/bh4/bh4_09.html]
[sacred-texts.com/isl/bukhari/bh4/bh4_10.html]
[sacred-texts.com/isl/bukhari/bh4/bh4_11.html]
[sacred-texts.com/isl/bukhari/bh4/bh4_12.html]
[sacred-texts.com/isl/bukhari/bh4/bh4_13.html]
[sacred-texts.com/isl/bukhari/bh4/bh4_14.html]
[sacred-texts.com/isl/bukhari/bh4/bh4_15.html]
[sacred-texts.com/isl/bukhari/bh4/bh4_16.html]
[sacred-texts.com/isl/bukhari/bh4/bh4_17.html]
[sacred-texts.com/isl/bukhari/bh4/bh4_18.html]
[sacred-texts.com/isl/bukhari/bh4/bh4_19.html]
[sacred-texts.com/isl/bukhari/bh4/bh4_20.html]
[sacred-texts.com/isl/bukhari/bh4/bh4_21.html]
[sacred-texts.com/isl/bukhari/bh4/bh4_22.html]
[sacred-texts.com/isl/bukhari/bh4/bh4_23.html]
[sacred-texts.com/isl/bukhari/bh4/bh4_24.html]
[sacred-texts.com/isl/bukhari/bh4/bh4_25.html]
[sacred-texts.com/isl/bukhari/bh4/bh4_26.html]
[sacred-texts.com/isl/bukhari/bh4/bh4_27.html]
[sacred-texts.com/isl/bukhari/bh4/bh4_28.html]
[sacred-texts.com/isl/bukhari/bh4/bh4_29.html]
[sacred-texts.com/isl/bukhari/bh4/bh4_30.html]
[sacred-texts.com/isl/bukhari/bh4/bh4_31.html]
[sacred-texts.com/isl/bukhari/bh4/bh4_32.html]
[sacred-texts.com/isl/bukhari/bh4/bh4_33.html]
[sacred-texts.com/isl/bukhari/bh4/bh4_34.html]
[sacred-texts.com/isl/bukhari/bh4/bh4_35.html]
[rcm-images.amazon.com/images/G/01/rcm/120x240.gif]
[s7.addthis.com/static/btn/v2/lg-share-en.gif]
[s7.addthis.com/js/250/addthis_widget.js]
[sacred-texts.com/isl/quran/04307.htm]
[sacred-texts.com/isl/quran/04402.htm]
[sacred-texts.com/isl/gif/044/044_002.gif]
[sacred-texts.com/isl/gif/044/044_003.gif]
[sacred-texts.com/isl/gif/044/044_004.gif]
[sacred-texts.com/isl/bukhari/bh3/bh3_614.htm]
[sacred-texts.com/isl/bukhari/bh3/bh3_615.htm]
